Transaction_ID,Date,Product_ID,Region_ID,Sales_Rep_ID,Customer_ID,Units_Sold,Unit_Price,Revenue
TXN00001,2024-01-05,P006,R01,SR001,C094,50,28.31,1415.5
TXN00002,2025-03-18,P006,R05,SR029,C115,114,28.93,3298.02
TXN00003,2024-03-24,P005,R03,SR003,C030,80,64.48,5158.4
TXN00004,2025-06-28,P006,R01,SR001,C027,45,28.39,1277.55
TXN00005,2025-07-17,P006,R06,SR006,C079,107,29.37,3142.59
TXN00006,2024-12-01,P004,R06,SR018,C050,29,50.91,1476.39
TXN00007,2024-04-25,P003,R03,SR003,C052,48,34.19,1641.12
TXN00008,2024-10-22,P005,R02,SR020,C058,72,66.02,4753.44
TXN00009,2025-09-06,P001,R03,SR009,C037,95,41.55,3947.25
TXN00010,2024-08-19,P006,R03,SR009,C037,73,29.63,2162.99
TXN00011,2024-06-29,P005,R03,SR021,C011,59,71.41,4213.19
TXN00012,2024-11-11,P004,R06,SR006,C116,48,49.74,2387.52
TXN00013,2025-01-14,P001,R03,SR027,C003,137,39.6,5425.2
TXN00014,2024-03-25,P002,R02,SR014,C034,79,51.17,4042.43
TXN00015,2025-05-31,P005,R02,SR026,C090,41,66.71,2735.11
TXN00016,2024-04-22,P002,R06,SR018,C098,109,54.43,5932.87
TXN00017,2025-11-07,P004,R01,SR019,C064,83,50.54,4194.82
TXN00018,2024-06-01,P007,R06,SR030,C077,79,45.19,3570.01
TXN00019,2025-09-02,P001,R02,SR020,C069,59,40.63,2397.17
TXN00020,2024-12-09,P004,R01,SR001,C027,43,47.65,2048.95
TXN00021,2024-07-15,P005,R05,SR011,C114,50,68.48,3424.0
TXN00022,2025-04-11,P002,R02,SR020,C071,104,55.57,5779.28
TXN00023,2025-05-18,P005,R03,SR027,C024,54,65.88,3557.52
TXN00024,2025-10-26,P005,R02,SR026,C105,37,69.76,2581.12
TXN00025,2024-07-08,P002,R06,SR006,C087,98,55.5,5439.0
TXN00026,2024-11-23,P008,R04,SR016,C080,92,31.72,2918.24
TXN00027,2025-04-20,P006,R04,SR028,C039,104,31.03,3227.12
TXN00028,2025-12-05,P005,R02,SR020,C071,56,64.07,3587.92
TXN00029,2024-08-05,P008,R05,SR005,C117,42,33.43,1404.06
TXN00030,2024-12-23,P008,R03,SR015,C054,37,30.11,1114.07
TXN00031,2025-11-27,P006,R01,SR001,C111,114,29.25,3334.5
TXN00032,2025-05-08,P007,R01,SR001,C060,99,42.2,4177.8
TXN00033,2025-05-26,P007,R04,SR028,C029,29,42.39,1229.31
TXN00034,2024-06-22,P002,R03,SR015,C024,49,56.12,2749.88
TXN00035,2025-05-08,P008,R04,SR010,C046,20,31.84,636.8
TXN00036,2025-08-13,P006,R03,SR003,,49,28.6,1401.4
TXN00037,2024-06-09,P001,R01,SR013,C013,176,38.78,6825.28
TXN00038,2024-09-24,P003,R04,SR028,C040,76,33.9,2576.4
TXN00039,2024-10-09,P004,R99,SR008,C105,39,49.47,1929.33
TXN00040,2025-10-26,P002,R02,SR026,C036,50,55.74,2787.0
TXN00041,2024-02-14,P003,R05,SR017,C084,135,33.4,4509.0
TXN00042,2025-07-26,P004,R05,SR017,C032,76,48.27,3668.52
TXN00043,2025-07-23,P008,R02,SR014,C033,79,29.4,2322.6
TXN00044,2024-01-27,P004,R01,SR025,C055,54,47.23,2550.42
TXN00045,2025-04-09,P002,R01,SR007,C111,130,56.25,7312.5
TXN00046,2025-05-25,P007,R01,SR007,C013,109,44.03,4799.27
TXN00047,2025-02-06,P002,R05,SR023,C083,58,53.22,3086.76
TXN00048,2024-07-09,P008,R01,SR019,C031,48,32.5,1560.0
TXN00049,2024-05-19,P007,R01,SR001,C031,56,39.62,2218.72
TXN00050,2024-04-11,P005,R01,SR001,C060,100,70.22,7022.0
TXN00051,2025-01-24,P007,R01,SR019,C111,124,41.47,5142.28
TXN00052,2025-07-19,P003,R03,SR027,C109,57,34.76,1981.32
TXN00053,2024-03-23,P002,R01,SR019,C057,78,51.57,4022.46
TXN00054,2024-10-29,P006,R01,SR019,C017,45,30.38,1367.1
TXN00055,2024-03-31,P001,R03,SR027,C014,160,40.08,6412.8
TXN00056,2024-04-02,P001,R06,SR012,C001,81,38.48,3116.88
TXN00057,2024-05-13,P002,R01,SR007,C055,68,54.76,3723.68
TXN00058,2025-03-10,P007,R03,SR003,C014,109,41.37,4509.33
TXN00059,2025-01-18,P004,R04,SR010,C065,39,48.65,1897.35
TXN00060,2025-06-14,P003,R05,SR011,C081,142,33.52,4759.84
TXN00061,2024-04-26,P001,R01,SR019,C031,122,40.45,4934.9
TXN00062,2025-12-03,P006,R01,SR007,C055,53,28.88,1530.64
TXN00063,2024-03-05,P004,R05,SR023,C083,45,47.71,2146.95
TXN00064,2025-07-26,P002,R05,SR017,C020,115,58.67,6747.05
TXN00065,2025-12-23,P003,R04,SR010,C103,69,35.01,2415.69
TXN00066,2025-10-10,P008,R02,SR002,C075,121,32.03,3875.63
TXN00067,2024-09-22,P005,R01,SR007,C031,54,65.66,3545.64
TXN00068,2024-04-29,P007,R01,SR013,C088,59,40.98,2417.82
TXN00069,2024-12-16,P001,R03,SR015,C025,30,40.09,1202.7
TXN00070,2024-07-08,P002,R03,SR027,C006,75,54.95,4121.25
TXN00071,2025-07-18,P008,R06,SR030,C085,53,33.39,1769.67
TXN00072,2025-12-19,P007,R03,SR015,C006,43,42.39,1822.77
TXN00073,2024-02-29,P004,R01,SR007,C013,120,46.37,5564.4
TXN00074,2025-09-14,P006,R02,SR002,C092,42,27.91,1172.22
TXN00075,2025-03-27,P002,R02,SR002,C026,116,57.76,6700.16
TXN00076,2024-11-24,P002,R03,SR021,C014,131,54.68,7163.08
TXN00077,2024-07-25,P003,R03,SR015,C024,25,34.53,863.25
TXN00078,2025-01-27,P002,R02,SR026,C108,90,54.83,4934.7
TXN00079,2025-10-01,P002,R01,SR001,C017,49,55.56,2722.44
TXN00080,2025-11-01,P008,R03,SR021,C011,53,30.07,1593.71
TXN00081,2025-09-05,P001,R06,SR006,C087,96,43.14,4141.44
TXN00082,2024-09-06,P002,R05,SR023,C112,97,54.79,5314.63
TXN00083,2025-07-05,P001,R06,SR006,C047,69,39.6,2732.4
TXN00084,2024-07-24,P008,R04,SR016,C046,21,33.24,698.04
TXN00085,2024-08-09,P008,R03,SR021,C006,44,32.82,1444.08
TXN00086,2024-12-11,P003,R05,SR017,C008,50,34.72,1736.0
TXN00087,2024-11-27,P008,R04,SR016,C023,85,31.88,2709.8
TXN00088,2024-08-09,P004,R03,SR003,C052,62,48.9,3031.8
TXN00089,2024-10-21,P001,R02,SR008,C069,36,39.48,1421.28
TXN00090,2024-11-17,P002,R04,SR010,C004,38,51.81,1968.78
TXN00091,2025-07-03,P002,R04,SR010,C023,124,55.65,6900.6
TXN00092,2024-04-04,P004,R06,SR024,C044,71,48.99,3478.29
TXN00093,2024-02-16,P005,R06,SR012,C076,69,66.67,4600.23
TXN00094,2024-10-19,P002,R06,SR030,C110,66,55.2,3643.2
TXN00095,2025-08-17,P008,R01,SR007,C043,30,32.12,963.6
TXN00096,2025-10-29,P002,R02,SR020,C069,62,55.23,3424.26
TXN00097,2024-12-03,P007,R02,SR014,C042,84,42.91,3604.44
TXN00098,2024-06-08,P007,R02,SR014,C097,20,41.32,826.4
TXN00099,2024-03-25,P001,R06,SR012,C047,67,39.18,2625.06
TXN00100,2024-05-20,P001,R06,SR024,C015,184,40.15,7387.6
TXN00101,2024-06-12,P001,R01,SR019,C067,195,40.01,7801.95
TXN00102,2025-08-31,P008,R04,SR022,C080,79,33.09,2614.11
TXN00103,2024-08-22,P001,R03,SR009,C011,69,40.98,2827.62
TXN00104,2024-11-06,P003,R05,SR029,C112,45,33.68,1515.6
TXN00105,2024-05-02,P007,R06,SR018,C047,29,43.53,1262.37
TXN00106,2024-04-15,P001,R01,SR013,C012,92,39.74,3656.08
TXN00107,2024-09-04,P001,R05,SR023,C063,104,41.93,4360.72
TXN00108,2024-05-02,P002,R02,SR014,C092,52,55.01,2860.52
TXN00109,2025-06-06,P002,R02,SR014,C058,109,55.91,6094.19
TXN00110,2024-06-09,P007,R01,SR001,C017,35,44.05,1541.75
TXN00111,2025-11-01,P007,R05,SR011,C117,57,42.45,2419.65
TXN00112,2025-12-14,P004,R02,SR008,C092,44,52.09,2291.96
TXN00113,2024-12-05,P004,R01,SR001,C111,113,48.85,5520.05
TXN00114,2025-03-15,P003,R05,SR011,C083,52,32.43,1686.36
TXN00115,2024-11-25,P001,R04,SR016,C102,112,40.51,4537.12
TXN00116,2024-02-18,P003,R01,SR025,C111,133,34.89,4640.37
TXN00117,2024-09-05,P005,R03,SR009,C025,17,64.85,1102.45
TXN00118,2024-05-22,P001,R02,SR014,C034,95,39.0,3705.0
TXN00119,2024-06-27,P005,R02,SR002,C049,123,64.72,7960.56
TXN00120,2024-07-12,P001,R01,SR013,C060,148,41.81,6187.88
TXN00121,2025-05-20,P003,R06,SR018,C062,42,33.35,1400.7
TXN00122,2024-02-02,P004,R06,SR012,C074,47,49.05,2305.35
TXN00123,2025-04-23,P007,R01,SR007,C119,29,42.2,1223.8
TXN00124,2024-03-16,P008,R02,SR026,C078,124,30.25,3751.0
TXN00125,2024-07-17,P005,R03,SR015,C019,45,69.84,3142.8
TXN00126,2024-12-03,P001,R02,SR014,C026,72,41.11,2959.92
TXN00127,2025-07-24,P007,R05,SR017,C083,52,43.89,2282.28
TXN00128,2024-07-07,P003,R01,SR019,C119,46,34.03,1565.38
TXN00129,2025-03-26,P001,R04,SR004,C103,123,37.18,4573.14
TXN00130,2025-02-15,P006,R02,SR014,C007,117,31.03,3630.51
TXN00131,2025-09-14,P006,R02,SR014,C090,38,29.86,1134.68
TXN00132,2024-04-27,P001,R06,SR024,C110,85,37.08,3151.8
TXN00133,2024-10-11,P008,R03,SR027,C014,74,28.89,2137.86
TXN00134,2025-02-16,P006,R02,SR002,C033,189,29.57,5588.73
TXN00135,2025-06-17,P003,R01,SR025,C119,36,,1199.88
TXN00136,2025-01-15,P001,R02,SR020,C078,209,37.78,7896.02
TXN00137,2024-11-23,P001,R01,SR001,C055,93,40.58,3773.94
TXN00138,2024-09-08,P005,R06,SR012,C015,127,66.1,8394.7
TXN00139,2024-04-07,P008,R01,SR013,C022,101,31.18,3149.18
TXN00140,2025-01-25,P001,R02,SR014,C105,74,40.49,2996.26
TXN00141,2024-01-04,P007,R01,SR025,C067,124,42.43,5261.32
TXN00142,2025-01-26,P002,R01,SR001,C119,30,52.83,1584.9
TXN00143,2024-05-26,P007,R05,SR005,C028,121,,5269.55
TXN00144,2025-06-01,P007,R03,SR009,C030,50,42.75,2137.5
TXN00145,2024-07-23,P001,R02,SR008,C033,160,39.06,6249.6
TXN00146,2024-03-06,P001,R04,SR004,C004,54,40.81,2203.74
TXN00147,2025-09-28,P001,R01,SR025,C060,95,40.97,3892.15
TXN00148,2024-02-05,P005,R06,SR012,C076,51,73.31,3738.81
TXN00149,2025-04-21,P001,R06,SR030,C016,126,41.36,5211.36
TXN00150,2024-09-11,P004,R02,SR008,C092,29,49.31,1429.99
TXN00151,2024-05-07,P006,R02,SR020,C097,26,27.34,710.84
TXN00152,2024-06-16,P003,R03,SR003,C030,78,34.43,2685.54
TXN00153,2025-06-20,P001,R01,SR013,C067,205,39.54,8105.7
TXN00154,2025-04-11,P006,R05,SR023,C093,71,31.33,2224.43
TXN00155,2025-07-17,P005,R02,SR020,C058,113,69.09,7807.17
TXN00156,2025-04-29,P006,R05,SR011,C081,152,27.21,4135.92
TXN00157,2024-09-12,P006,R01,SR001,C031,83,31.13,2583.79
TXN00158,2025-04-03,P002,R06,SR030,C021,71,55.22,3920.62
TXN00159,2025-06-15,P003,R04,SR022,C102,104,34.21,3557.84
TXN00160,2024-05-08,P004,R02,SR008,C033,124,47.11,5841.64
TXN00161,2024-06-24,P003,R05,SR023,C028,131,35.58,4660.98
TXN00162,2025-08-18,P003,R01,SR007,C055,43,36.38,1564.34
TXN00163,2024-05-14,P002,R01,SR007,C012,63,55.4,3490.2
TXN00164,2024-11-16,P005,R06,SR012,C074,41,67.55,2769.55
TXN00165,2025-01-03,P001,R02,SR020,C092,72,40.78,2936.16
TXN00166,2024-02-29,P007,R03,SR021,C030,55,44.13,2427.15
TXN00167,2024-02-20,P007,R06,SR030,C086,87,42.84,3727.08
TXN00168,2025-09-30,P003,R03,SR021,C082,65,34.47,2240.55
TXN00169,2024-06-12,P003,R01,SR001,C064,110,33.13,3644.3
TXN00170,2025-11-24,P002,R01,SR007,C088,67,53.43,3579.81
TXN00171,2025-12-31,P008,R01,SR025,C119,18,30.22,543.96
TXN00172,2024-07-20,P006,R01,SR019,C088,58,27.72,1607.76
TXN00173,2025-05-09,P001,R03,SR003,C019,109,40.77,4443.93
TXN00174,2025-12-27,P006,R01,SR001,C043,35,28.0,980.0
TXN00175,2025-02-16,P005,R02,SR014,C092,38,68.57,2605.66
TXN00176,2025-09-21,P006,R01,SR025,C067,91,27.56,2507.96
TXN00177,2024-05-07,P006,R03,SR003,C014,130,29.29,3807.7
TXN00178,2024-07-30,P001,R01,SR001,C027,75,44.08,3306.0
TXN00179,2024-10-21,P001,R02,SR026,C036,60,41.65,2499.0
TXN00180,2024-01-26,P007,R06,SR024,C110,48,44.62,2141.76
TXN00181,2025-01-30,P001,R03,SR009,C030,74,40.01,2960.74
TXN00182,2025-07-09,P007,R03,SR027,C053,79,43.98,3474.42
TXN00183,2025-12-22,P005,R03,SR009,C052,29,66.79,1936.91
TXN00184,2025-01-04,P005,R01,SR019,C067,122,68.92,8408.24
TXN00185,2024-11-27,P008,R04,SR028,C100,37,34.01,1258.37
TXN00186,2025-11-01,P003,R06,SR012,C015,146,33.17,4842.82
TXN00187,2025-03-15,P002,R06,SR012,C066,139,56.9,7909.1
TXN00188,2025-10-07,P001,R04,SR028,C100,66,39.25,2590.5
TXN00189,2025-03-18,P007,R01,SR013,C055,79,40.63,3209.77
TXN00190,2024-09-11,P007,R05,SR011,C107,92,42.3,3891.6
TXN00191,2025-08-07,P008,R01,SR007,C043,29,29.4,852.6
TXN00192,2024-01-20,P003,R03,SR003,C025,42,33.8,1419.6
TXN00193,2025-09-03,P001,R02,SR026,C108,111,40.85,4534.35
TXN00194,2025-02-26,P001,R01,SR001,C013,151,38.68,5840.68
TXN00195,2025-06-21,P007,R05,SR017,C008,45,40.83,1837.35
TXN00196,2025-04-06,P004,R02,SR020,C049,111,49.19,5460.09
TXN00197,2024-11-04,P002,R01,SR001,C088,69,53.89,3718.41
TXN00198,2025-09-07,P002,R05,SR011,C056,62,53.74,3331.88
TXN00199,2025-12-20,P005,R02,SR014,C049,82,68.17,5589.94
TXN00200,2025-02-09,P005,R04,SR022,C091,73,67.66,4939.18
TXN00201,2024-11-14,P006,R01,SR001,C031,63,28.54,1798.02
TXN00202,2024-11-18,P004,R05,SR029,C073,48,47.08,2259.84
TXN00203,2025-12-31,P004,R01,SR019,C043,57,51.08,2911.56
TXN00204,2025-01-11,P002,R06,SR018,C062,38,54.98,2089.24
TXN00205,2025-04-17,P001,R05,SR017,C083,63,39.21,2470.23
TXN00206,2025-06-20,P002,R01,SR013,C064,124,55.18,6842.32
TXN00207,2024-04-21,P006,R06,SR012,C118,41,28.99,1188.59
TXN00208,2024-12-31,P008,R01,SR019,C060,77,32.86,2530.22
TXN00209,2024-08-23,P002,R03,SR009,C052,47,52.85,2483.95
TXN00210,2025-08-31,P004,R03,SR003,C037,113,51.54,5824.02
TXN00211,2025-08-13,P002,R02,SR008,C071,79,51.08,4035.32
TXN00212,2024-04-03,P001,R05,SR029,C083,51,40.32,2056.32
TXN00213,2025-10-13,P005,R01,SR007,C012,34,69.56,2365.04
TXN00214,2024-02-10,P006,R02,SR008,C026,61,28.79,1756.19
TXN00215,2025-03-10,P002,R03,SR027,C052,66,52.7,3478.2
TXN00216,2024-04-19,P002,R06,SR030,C074,55,51.87,2852.85
TXN00217,2025-06-20,P001,R02,SR002,C069,86,38.51,3311.86
TXN00218,2025-06-04,P006,R05,SR017,C112,45,27.85,1253.25
TXN00219,2025-05-22,P003,R01,SR007,C094,54,32.72,1766.88
TXN00220,2024-06-12,P008,R06,SR018,C044,60,32.17,1930.2
TXN00221,2025-06-06,P004,R06,SR030,C045,79,51.04,4032.16
TXN00222,2025-12-10,P005,R03,SR015,C024,21,65.4,1373.4
TXN00223,2025-05-28,P004,R05,SR023,C081,172,50.26,8644.72
TXN00224,2024-12-11,P008,R01,SR019,C055,51,33.8,1723.8
TXN00225,2025-04-25,P005,R05,SR011,C107,127,65.08,8265.16
TXN00226,2024-06-25,P001,R06,SR018,C021,78,38.78,3024.84
TXN00227,2024-10-30,P002,R05,SR017,C028,110,53.03,5833.3
TXN00228,2024-07-27,P005,R02,SR026,C108,56,67.44,3776.64
TXN00229,2024-05-16,P001,R01,SR019,C057,107,39.67,4244.69
TXN00230,2024-07-28,P005,R01,SR013,C012,54,63.49,3428.46
TXN00231,2024-10-29,P003,R01,SR001,C031,85,33.7,2864.5
TXN00232,2024-11-29,P004,R03,SR003,C003,88,46.67,4106.96
TXN00233,2024-03-12,P005,R06,SR024,C051,44,68.72,3023.68
TXN00234,2024-01-17,P008,R04,SR010,C103,57,30.43,1734.51
TXN00235,2024-03-08,P007,R01,SR025,C013,124,45.67,5663.08
TXN00236,2024-11-26,P001,R03,SR003,C009,85,39.96,3396.6
TXN00237,2024-02-03,P004,R02,SR002,C007,158,46.48,7343.84
TXN00238,2025-11-10,P003,R02,SR014,C101,79,33.53,2648.87
TXN00239,2024-10-21,P001,R01,SR007,C067,142,41.29,5863.18
TXN00240,2025-05-12,P003,R02,SR008,C090,46,34.79,1600.34
TXN00241,2024-07-13,P001,R06,SR012,C062,64,44.0,2816.0
TXN00242,2024-09-07,P006,R05,SR011,C028,117,28.39,3321.63
TXN00243,2024-10-30,P001,R06,SR024,C074,51,39.76,2027.76
TXN00244,2024-09-06,P008,R04,SR010,C004,24,30.42,730.08
TXN00245,2025-07-09,P002,R02,SR008,C097,32,55.1,1763.2
TXN00246,2024-01-24,P001,R02,SR008,C042,130,39.34,5114.2
TXN00247,2025-11-13,P007,R05,SR011,C020,116,43.14,5004.24
TXN00248,2025-07-13,P008,R05,SR023,C056,44,31.2,1372.8
TXN00249,2024-04-07,P005,R05,SR005,C107,104,68.5,7124.0
TXN00250,2025-08-07,P003,R02,SR026,C007,144,33.69,4851.36
TXN00251,2024-02-05,P003,R01,SR025,C094,60,33.04,1982.4
TXN00252,2025-10-15,P001,R01,SR007,C057,67,40.59,2719.53
TXN00253,2024-12-19,P006,R01,SR025,C064,72,29.86,2149.92
TXN00254,2025-12-09,P002,R05,SR011,C084,199,55.76,11096.24
TXN00255,2024-10-07,P007,R01,SR019,C031,63,42.9,2702.7
TXN00256,2025-03-13,P008,R04,SR010,C010,106,32.37,3431.22
TXN00257,2024-03-29,P001,R04,SR016,C048,100,40.89,4089.0
TXN00258,2024-11-19,P001,R06,SR030,C015,151,38.49,5811.99
TXN00259,2025-06-23,P002,R01,SR013,C057,92,56.16,5166.72
TXN00260,2025-10-18,P005,R04,SR004,C040,70,67.71,4739.7
TXN00261,2025-09-13,P002,R02,SR008,C101,86,55.07,4736.02
TXN00262,2025-01-27,P002,R02,SR002,C034,118,53.43,6304.74
TXN00263,2025-05-21,P005,R05,SR017,C008,50,69.45,3472.5
TXN00264,2024-10-03,P008,R02,SR026,C090,30,31.03,930.9
TXN00265,2024-01-23,P006,R05,SR005,C008,50,28.22,1411.0
TXN00266,2025-01-06,P007,R05,SR017,C114,35,43.42,1519.7
TXN00267,2024-12-22,P006,R01,SR013,C111,109,28.96,3156.64
TXN00268,2024-09-04,P002,R05,SR005,C032,111,55.95,6210.45
TXN00269,2025-05-22,P001,R04,SR004,C080,188,36.67,6893.96
TXN00270,2024-02-01,P004,R02,SR002,C042,115,49.94,5743.1
TXN00271,2025-03-27,P002,R01,SR025,C043,51,56.17,2864.67
TXN00272,2024-10-08,P007,R05,SR029,C081,67,43.95,2944.65
TXN00273,2025-06-29,P002,R01,SR001,C043,45,51.18,2303.1
TXN00274,2025-12-21,P007,R03,SR003,C019,65,43.55,2830.75
TXN00275,2024-06-02,P001,R02,SR026,C075,172,41.68,7168.96
TXN00276,2025-02-19,P001,R02,SR002,C092,99,39.29,3889.71
TXN00277,2024-08-07,P002,R01,SR001,C057,78,54.05,4215.9
TXN00278,2025-09-16,P008,R02,SR002,C071,48,32.31,1550.88
TXN00279,2024-07-31,P005,R06,SR018,C016,65,73.32,4765.8
TXN00280,2025-05-01,P002,R03,SR009,C025,29,50.41,1461.89
TXN00281,2024-01-30,P001,R05,SR005,C038,66,37.83,2496.78
TXN00282,2025-03-16,P001,R01,SR013,C012,73,39.73,2900.29
TXN00283,2025-09-09,P008,R01,SR007,C027,21,33.68,707.28
TXN00284,2025-03-11,P006,R03,SR021,C037,114,29.15,3323.1
TXN00285,2025-06-29,P005,R02,SR008,C071,56,71.52,4005.12
TXN00286,2025-11-12,P001,R01,SR025,C057,101,39.67,4006.67
TXN00287,2025-07-03,P006,R01,SR019,C017,31,29.04,900.24
TXN00288,2025-10-20,P006,R05,SR005,C112,55,29.69,1632.95
TXN00289,2024-05-19,P003,R03,SR027,C011,64,34.37,2199.68
TXN00290,2025-04-30,P001,R02,SR026,C075,225,40.82,9184.5
TXN00291,2024-09-09,P006,R04,SR022,C023,119,28.12,3346.28
TXN00292,2025-04-13,P004,R01,SR001,C027,55,47.45,2609.75
TXN00293,2024-10-18,P007,R01,SR013,C012,59,42.05,2480.95
TXN00294,2025-06-20,P006,R02,SR026,C101,112,28.56,3198.72
TXN00295,2025-07-26,P008,R01,SR001,C017,31,30.3,939.3
TXN00296,2024-09-29,P003,R02,SR002,C097,41,32.83,1346.03
TXN00297,2024-05-16,P007,R01,SR013,C119,34,44.11,1499.74
TXN00298,2025-11-05,P001,R05,SR023,C081,208,39.44,8203.52
TXN00299,2025-03-13,P005,R06,SR030,C002,75,63.62,4771.5
TXN00300,2025-01-24,P007,R01,SR019,C022,86,41.94,3606.84
TXN00301,2025-12-28,P003,R01,SR007,C043,38,33.48,1272.24
TXN00302,2025-02-15,P007,R06,SR006,C113,75,43.32,3249.0
TXN00303,2025-01-10,P005,R01,SR019,C012,65,67.76,4404.4
TXN00304,2025-12-01,P003,R03,SR009,C030,45,34.27,1542.15
TXN00305,2025-10-10,P002,R06,SR012,C062,47,59.26,2785.22
TXN00306,2024-05-06,P002,R04,SR022,C104,96,55.48,5326.08
TXN00307,2024-07-05,P005,R01,SR013,C094,62,70.15,4349.3
TXN00308,2025-03-27,P001,R02,SR014,C007,195,40.78,7952.1
TXN00309,2024-04-25,P001,R04,SR022,C100,111,37.48,4160.28
TXN00310,2025-09-19,P001,R01,SR019,C022,127,39.24,4983.48
TXN00311,2024-05-26,P007,R02,SR014,C101,86,41.69,3585.34
TXN00312,2025-07-15,P003,R06,SR018,C015,108,34.94,3773.52
TXN00313,2025-05-30,P005,R01,SR019,C013,120,64.0,7680.0
TXN00314,2024-04-15,P004,R06,SR030,C106,52,45.4,2360.8
TXN00315,2024-08-07,P007,R05,SR005,C083,43,43.66,1877.38
TXN00316,2025-08-24,P002,R02,SR002,C042,131,55.35,7250.85
TXN00317,2025-02-01,P003,R03,SR021,C011,64,32.82,2100.48
TXN00318,2024-11-09,P004,R04,SR028,C095,64,49.14,3144.96
TXN00319,2024-09-05,P007,R05,SR023,C008,54,41.76,2255.04
TXN00320,2025-04-30,P004,R06,SR012,C061,81,51.42,4165.02
TXN00321,2025-05-19,P004,R02,SR008,C075,116,46.14,5352.24
TXN00322,2024-06-28,P003,R04,SR016,C048,73,33.99,2481.27
TXN00323,2024-03-29,P002,R05,SR017,C096,82,55.41,4543.62
TXN00324,2025-06-29,P006,R03,SR021,C018,57,28.96,1650.72
TXN00325,2024-12-21,P007,R06,SR018,C061,56,42.5,2380.0
TXN00326,2024-10-05,P005,R02,SR026,C101,80,65.69,5255.2
TXN00327,2025-02-13,P002,R02,SR020,C071,79,59.61,4709.19
TXN00328,2025-10-14,P001,R01,SR007,C022,111,39.97,4436.67
TXN00329,2025-01-19,P004,R01,SR025,C043,49,47.8,2342.2
TXN00330,2025-02-10,P006,R01,SR007,C067,90,28.72,2584.8
TXN00331,2025-10-19,P002,R02,SR002,C034,98,54.54,5344.92
TXN00332,2025-02-09,P005,R03,SR009,C052,24,70.93,1702.32
TXN00333,2024-06-04,P002,R02,SR020,C069,48,54.54,2617.92
TXN00334,2025-07-26,P007,R01,SR001,C067,129,44.44,5732.76
TXN00335,2025-01-19,P008,R03,SR021,C024,27,32.94,889.38
TXN00336,2025-04-22,P005,R06,SR018,C062,29,67.88,1968.52
TXN00337,2024-04-22,P005,R05,SR005,C084,125,68.39,8548.75
TXN00338,2024-09-16,P005,R01,SR019,C013,111,68.43,7595.73
TXN00339,2024-06-23,P003,R03,SR021,C037,123,32.61,4011.03
TXN00340,2025-11-14,P005,R06,SR030,C110,52,65.75,3419.0
TXN00341,2025-07-04,P001,R06,SR024,C001,57,37.51,2138.07
TXN00342,2024-12-25,P001,R02,SR014,C092,40,41.05,1642.0
TXN00343,2024-11-01,P002,R01,SR001,C055,67,56.23,3767.41
TXN00344,2025-02-12,P001,R02,SR020,C090,82,39.24,3217.68
TXN00345,2025-08-30,P003,R04,SR028,C010,119,34.69,4128.11
TXN00346,2024-06-11,P002,R04,SR028,C080,148,54.11,8008.28
TXN00347,2024-10-05,P002,R02,SR014,C092,42,55.74,2341.08
TXN00348,2024-06-28,P003,R05,SR023,C068,54,35.76,1931.04
TXN00349,2025-01-26,P003,R06,SR024,C066,97,34.67,3362.99
TXN00350,2025-04-28,P001,R03,SR009,C018,69,41.22,2844.18
TXN00351,2025-04-21,P005,R06,SR018,C044,54,64.73,3495.42
TXN00352,2024-01-27,P003,R01,SR001,C027,45,33.36,1501.2
TXN00353,2024-05-22,P004,R03,SR003,C018,69,50.16,3461.04
TXN00354,2024-08-28,P001,R01,SR019,C017,55,40.69,2237.95
TXN00355,2024-03-31,P008,R06,SR012,C050,25,33.23,830.75
TXN00356,2024-04-19,P004,R01,SR013,C111,151,47.94,7238.94
TXN00357,2024-04-21,P002,R02,SR020,C042,139,53.42,7425.38
TXN00358,2024-04-23,P001,R06,SR018,C001,59,37.94,2238.46
TXN00359,2024-07-05,P006,R03,SR021,C025,34,30.55,1038.7
TXN00360,2024-09-23,P003,R06,SR030,C086,83,31.74,2634.42
TXN00361,2025-04-24,P007,R06,SR006,C106,45,43.46,1955.7
TXN00362,2024-06-11,P008,R02,SR014,C097,26,32.57,846.82
TXN00363,2024-05-17,P002,R06,SR006,C099,56,53.72,3008.32
TXN00364,2025-01-13,P005,R06,SR030,C016,75,69.92,5244.0
TXN00365,2025-09-04,P004,R03,SR009,C109,36,50.96,1834.56
TXN00366,2024-05-14,P005,R03,SR015,C054,45,68.0,3060.0
TXN00367,2024-05-07,P005,R01,SR019,C067,110,70.17,7718.7
TXN00368,2024-03-13,P005,R03,SR027,C009,52,70.14,3647.28
TXN00369,2025-10-30,P005,R03,SR015,C003,38,66.2,2515.6
TXN00370,2024-12-11,P001,R01,SR007,C067,152,42.3,6429.6
TXN00371,2024-08-30,P007,R05,SR005,C038,47,43.64,2051.08
TXN00372,2024-08-02,P001,R04,SR022,C104,87,39.54,3439.98
TXN00373,2024-09-13,P002,R03,SR021,C009,45,58.76,2644.2
TXN00374,2025-02-21,P006,R03,SR021,C019,56,27.38,1533.28
TXN00375,2024-04-19,P001,R04,SR028,C091,122,39.96,4875.12
TXN00376,2025-03-27,P003,R06,SR024,C098,94,33.27,3127.38
TXN00377,2025-07-30,P005,R05,SR011,C081,145,66.94,9706.3
TXN00378,2024-03-12,P002,R01,SR025,C022,122,58.13,7091.86
TXN00379,2024-04-30,P003,R02,SR026,C026,61,34.98,2133.78
TXN00380,2024-11-22,P007,R01,SR013,C119,33,42.6,1405.8
TXN00381,2025-04-25,P002,R03,SR009,C006,57,54.32,3096.24
TXN00382,2025-03-21,P002,R05,SR029,C107,93,57.04,5304.72
TXN00383,2025-08-07,P007,R05,SR029,C032,98,43.6,4272.8
TXN00384,2025-10-31,P002,R01,SR007,C043,45,56.1,2524.5
TXN00385,2025-02-27,P008,R04,SR010,C046,19,31.06,590.14
TXN00386,2024-05-16,P005,R04,SR004,C048,52,68.48,3560.96
TXN00387,2025-12-30,P002,R01,SR007,C111,120,53.2,6384.0
TXN00388,2024-08-30,P005,R03,SR009,C009,42,66.87,2808.54
TXN00389,2025-01-29,P006,R01,SR001,C027,47,28.71,1349.37
TXN00390,2025-06-11,P002,R02,SR002,C042,179,51.98,9304.42
TXN00391,2024-02-19,P001,R05,SR023,C056,77,41.47,3193.19
TXN00392,2024-05-14,P001,R01,SR013,C031,156,41.36,6452.16
TXN00393,2024-02-26,P001,R04,SR022,C029,34,41.86,1423.24
TXN00394,2024-03-11,P008,R04,SR004,C091,76,32.87,2498.12
TXN00395,2025-06-23,P008,R01,SR007,C012,34,31.09,1057.06
TXN00396,2025-01-05,P006,R01,SR025,C013,129,29.76,3839.04
TXN00397,2024-07-31,P006,R01,SR001,C022,91,29.7,2702.7
TXN00398,2025-02-08,P008,R01,SR013,C017,44,32.75,1441.0
TXN00399,2025-09-12,P001,R01,SR013,C022,105,41.49,4356.45
TXN00400,2024-02-15,P001,R05,SR029,C084,163,39.68,6467.84
TXN00401,2025-08-20,P007,R02,SR008,C101,96,43.36,4162.56
TXN00402,2024-07-19,P002,R05,SR029,C093,65,53.51,3478.15
TXN00403,2024-06-22,P001,R03,SR003,C019,109,39.1,4261.9
TXN00404,2024-03-14,P007,R06,SR030,C077,78,44.6,3478.8
TXN00405,2024-08-04,P003,R05,SR011,C084,141,34.45,4857.45
TXN00406,2025-10-04,P002,R05,SR005,C020,108,52.37,5655.96
TXN00407,2024-04-25,P002,R01,SR019,C012,78,55.17,4303.26
TXN00408,2024-12-14,P008,R06,SR012,C021,48,33.15,1591.2
TXN00409,2025-02-19,P004,R05,SR023,C032,111,48.41,5373.51
TXN00410,2024-12-19,P001,R01,SR001,C027,49,39.91,1955.59
TXN00411,2024-04-09,P003,R01,SR013,C017,55,36.66,2016.3
TXN00412,2024-11-12,P006,R03,SR003,C109,46,29.26,1345.96
TXN00413,2024-04-09,P008,R02,SR026,C069,40,30.37,1214.8
TXN00414,2024-07-06,P001,R01,SR013,C060,136,41.04,5581.44
TXN00415,2024-12-20,P001,R05,SR005,C114,54,40.68,2196.72
TXN00416,2024-03-15,P005,R04,SR004,C100,64,70.74,4527.36
TXN00417,2025-10-10,P002,R01,SR013,C013,139,54.35,7554.65
TXN00418,2025-11-21,P004,R05,SR029,C056,32,49.68,1589.76
TXN00419,2024-05-20,P006,R03,SR003,C025,40,28.82,1152.8
TXN00420,2025-05-06,P001,R01,SR013,C013,183,38.93,7124.19
TXN00421,2025-02-16,P005,R02,SR014,C075,110,70.4,7744.0
TXN00422,2025-05-10,P002,R03,SR003,C018,97,55.53,5386.41
TXN00423,2024-09-29,P007,R06,SR018,C076,38,42.34,1608.92
TXN00424,2024-01-27,P003,R01,SR019,C111,171,37.68,6443.28
TXN00425,2024-12-18,P005,R03,SR027,C030,59,69.54,4102.86
TXN00426,2024-05-28,P006,R01,SR025,C017,65,28.32,1840.8
TXN00427,2025-09-22,P005,R01,SR025,C067,106,70.17,7438.02
TXN00428,2024-03-21,P007,R03,SR015,C082,53,43.03,2280.59
TXN00429,2025-10-01,P001,R01,SR013,C088,76,40.68,3091.68
TXN00430,2025-04-26,P006,R01,SR013,C060,110,28.76,3163.6
TXN00431,2024-03-21,P001,R01,SR013,C031,140,41.16,5762.4
TXN00432,2025-01-21,P008,R03,SR003,C037,77,31.41,2418.57
TXN00433,2025-12-24,P005,R02,SR008,C058,65,69.16,4495.4
TXN00434,2024-01-06,P002,R02,SR002,C101,141,54.51,7685.91
TXN00435,2025-11-16,P001,R04,SR028,C100,88,40.45,3559.6
TXN00436,2025-02-12,P001,R02,SR014,C097,40,39.3,1572.0
TXN00437,2024-02-21,P008,R02,SR020,C069,34,32.65,1110.1
TXN00438,2024-08-14,P003,R02,SR008,C071,63,33.15,2088.45
TXN00439,2024-09-05,P006,R05,SR023,C115,141,30.7,4328.7
TXN00440,2025-02-15,P005,R01,SR019,C055,61,67.15,4096.15
TXN00441,2024-06-17,P007,R05,SR023,C063,79,43.01,3397.79
TXN00442,2024-10-13,P004,R04,SR028,C091,84,49.65,4170.6
TXN00443,2024-12-05,P008,R06,SR012,C079,79,32.59,2574.61
TXN00444,2025-06-01,P004,R03,SR027,C053,90,49.08,4417.2
TXN00445,2025-08-07,P001,R02,SR014,C090,65,39.25,2551.25
TXN00446,2024-03-20,P001,R01,SR001,C055,91,42.05,3826.55
TXN00447,2025-06-04,P007,R01,SR013,C022,98,40.87,4005.26
TXN00448,2024-08-09,P004,R02,SR020,C069,44,48.48,2133.12
TXN00449,2024-07-23,P008,R05,SR011,C115,116,33.27,3859.32
TXN00450,2024-12-30,P001,R03,SR003,C082,108,41.03,4431.24
TXN00451,2024-06-13,P002,R05,SR011,C117,89,55.46,4935.94
TXN00452,2024-04-12,P006,R05,SR017,C038,48,30.34,1456.32
TXN00453,2024-10-18,P004,R05,SR029,C117,54,49.94,2696.76
TXN00454,2024-10-12,P001,R02,SR008,C097,47,40.63,1909.61
TXN00455,2024-07-12,P008,R03,SR003,C109,34,33.76,1147.84
TXN00456,2024-06-09,P005,R04,SR010,C039,92,67.56,6215.52
TXN00457,2024-11-18,P008,R01,SR007,C094,38,32.97,1252.86
TXN00458,2024-08-22,P004,R05,SR017,C093,66,48.54,3203.64
TXN00459,2024-04-14,P005,R01,SR001,C088,54,65.18,3519.72
TXN00460,2025-12-06,P006,R05,SR005,C038,41,29.42,1206.22
TXN00461,2024-03-24,P006,R01,SR025,C055,55,30.4,1672.0
TXN00462,2024-02-07,P002,R05,SR023,C056,60,56.4,3384.0
TXN00463,2025-09-29,P007,R01,SR001,C111,89,43.51,3872.39
TXN00464,2024-10-31,P002,R06,SR012,C087,78,55.15,4301.7
TXN00465,2025-12-09,P005,R03,SR009,C072,27,66.7,1800.9
TXN00466,2024-09-20,P004,R05,SR011,C063,70,53.28,3729.6
TXN00467,2024-01-01,P001,R02,SR002,C092,58,38.05,2206.9
TXN00468,2024-12-22,P001,R04,SR010,C040,101,41.1,4151.1
TXN00469,2024-06-22,P001,R02,SR020,C042,154,41.21,6346.34
TXN00470,2024-08-06,P001,R04,SR016,C005,86,39.12,3364.32
TXN00471,2025-10-06,P008,R05,SR023,C032,83,33.37,2769.71
TXN00472,2025-07-08,P008,R04,SR016,C100,45,31.81,1431.45
TXN00473,2025-05-09,P006,R02,SR026,C092,73,30.69,2240.37
TXN00474,2025-08-22,P007,R05,SR017,C115,115,42.41,4877.15
TXN00475,2025-06-17,P006,R01,SR025,C055,54,29.63,1600.02
TXN00476,2025-06-13,P001,R05,SR029,C081,162,40.02,6483.24
TXN00477,2025-07-11,P004,R01,SR007,C094,50,47.11,2355.5
TXN00478,2024-03-03,P002,R02,SR014,C036,59,51.28,3025.52
TXN00479,2024-12-14,P001,R01,SR007,C031,100,39.11,3911.0
TXN00480,2024-06-30,P008,R04,SR010,C080,99,34.94,3459.06
TXN00481,2024-12-31,P008,R01,SR019,C088,35,31.12,1089.2
TXN00482,2025-07-08,P008,R01,SR007,C057,58,31.0,1798.0
TXN00483,2025-03-29,P001,R01,SR019,C064,134,39.8,5333.2
TXN00484,2024-08-25,P003,R04,SR016,C100,55,33.07,1818.85
TXN00485,2024-02-26,P001,R01,SR007,C027,56,40.97,2294.32
TXN00486,2024-01-15,P001,R05,SR029,C083,52,40.89,2126.28
TXN00487,2024-08-14,P005,R02,SR008,C026,52,68.17,3544.84
TXN00488,2024-07-23,P006,R03,SR015,C003,57,27.39,1561.23
TXN00489,2025-08-10,P005,R04,SR028,C080,102,70.14,7154.28
TXN00490,2024-12-13,P001,R02,SR020,C090,66,41.06,2709.96
TXN00491,2025-09-22,P008,R04,SR022,C005,49,32.44,1589.56
TXN00492,2025-03-20,P003,R01,SR001,C027,42,33.92,1424.64
TXN00493,2024-11-20,P003,R01,SR019,C043,50,32.4,1620.0
TXN00494,2025-08-10,P003,R01,SR025,C064,111,34.55,3835.05
TXN00495,2024-01-04,P003,R04,SR010,C091,79,36.17,2857.43
TXN00496,2024-12-07,P001,R06,SR024,C061,123,39.33,4837.59
TXN00497,2024-09-17,P003,R06,SR024,C066,114,32.03,3651.42
TXN00498,2025-06-05,P002,R05,SR029,C115,120,54.58,6549.6
TXN00499,2025-06-04,P002,R06,SR018,C118,44,55.78,2454.32
TXN00500,2025-03-29,P006,R01,SR019,C088,64,28.57,1828.48
TXN00501,2024-03-11,P007,R06,SR030,C076,60,44.85,2691.0
TXN00502,2025-02-03,P002,R02,SR014,C058,102,55.44,5654.88
TXN00503,2025-07-19,P003,R01,SR013,C094,78,35.7,2784.6
TXN00504,2025-09-25,P001,R03,SR021,C054,98,38.06,3729.88
TXN00505,2024-06-21,P002,R01,SR013,C060,117,60.27,7051.59
TXN00506,2024-12-29,P001,R01,SR007,C013,130,39.51,5136.3
TXN00507,2024-06-04,P007,R01,SR025,C067,120,41.17,4940.4
TXN00508,2024-03-07,P001,R06,SR024,C089,57,40.44,2305.08
TXN00509,2024-09-04,P002,R01,SR007,C017,38,55.77,2119.26
TXN00510,2025-05-22,P008,R02,SR002,C033,127,33.58,4264.66
TXN00511,2025-02-26,P001,R01,SR001,C111,174,39.63,6895.62
TXN00512,2024-02-10,P002,R02,SR002,C075,184,56.21,10342.64
TXN00513,2024-04-08,P008,R06,SR018,C066,62,32.74,2029.88
TXN00514,2025-12-29,P001,R01,SR007,C012,65,38.53,2504.45
TXN00515,2025-04-17,P002,R02,SR020,C108,96,50.69,4866.24
TXN00516,2025-09-14,P005,R01,SR013,C017,32,68.77,2200.64
TXN00517,2025-02-06,P002,R03,SR003,C014,140,52.26,7316.4
TXN00518,2025-02-04,P002,R01,SR025,C022,130,57.12,7425.6
TXN00519,2024-11-14,P007,R04,SR022,C070,119,43.17,5137.23
TXN00520,2024-12-16,P003,R03,SR027,C009,44,33.94,1493.36
TXN00521,2024-01-31,P001,R02,SR026,C071,100,39.91,3991.0
TXN00522,2025-07-04,P003,R01,SR007,C027,40,33.01,1320.4
TXN00523,2025-04-23,P008,R05,SR029,C032,61,30.89,1884.29
TXN00524,2024-08-02,P004,R04,SR022,C010,112,49.4,5532.8
TXN00525,2025-06-22,P003,R06,SR024,C113,63,34.92,2199.96
TXN00526,2024-05-12,P005,R01,SR025,C043,42,66.52,2793.84
TXN00527,2024-05-02,P002,R01,SR007,C027,48,54.41,2611.68
TXN00528,2025-06-17,P002,R03,SR003,C006,77,53.75,4138.75
TXN00529,2024-11-15,P005,R01,SR001,C022,80,67.27,5381.6
TXN00530,2024-08-24,P004,R02,SR014,C078,97,49.44,4795.68
TXN00531,2025-12-04,P004,R04,SR022,C070,121,48.45,5862.45
TXN00532,2025-10-31,P002,R03,SR009,C053,63,53.29,3357.27
TXN00533,2025-01-16,P007,R06,SR018,C077,58,43.9,2546.2
TXN00534,2025-08-06,P006,R05,SR017,C115,113,28.82,3256.66
TXN00535,2024-04-14,P007,R01,SR013,C013,146,42.75,6241.5
TXN00536,2025-01-02,P003,R03,SR021,C003,92,34.47,3171.24
TXN00537,2024-03-13,P002,R02,SR020,C026,81,56.37,4565.97
TXN00538,2024-10-30,P007,R03,SR003,C003,71,42.05,2985.55
TXN00539,2025-05-01,P003,R02,SR014,C071,67,33.74,2260.58
TXN00540,2025-09-20,P003,R02,SR008,C071,64,35.32,2260.48
TXN00541,2025-02-10,P006,R04,SR028,C091,76,27.26,2071.76
TXN00542,2025-10-19,P001,R06,SR030,C106,44,38.34,1686.96
TXN00543,2024-06-21,P007,R04,SR004,C104,60,43.85,2631.0
TXN00544,2025-02-07,P001,R05,SR023,C032,148,36.61,5418.28
TXN00545,2024-03-09,P002,R05,SR023,C115,166,56.05,9304.3
TXN00546,2025-07-03,P003,R04,SR010,C040,64,33.13,2120.32
TXN00547,2024-03-01,P005,R01,SR019,C022,88,70.4,6195.2
TXN00548,2025-12-14,P007,R01,SR025,C022,88,43.53,3830.64
TXN00549,2024-10-26,P006,R06,SR012,C087,69,29.31,2022.39
TXN00550,2024-01-24,P004,R02,SR026,C101,102,51.44,5246.88
TXN00551,2024-04-08,P002,R03,SR015,C030,67,57.8,3872.6
TXN00552,2025-06-08,P001,R05,SR011,C063,104,41.87,4354.48
TXN00553,2025-05-09,P008,R01,SR001,C057,62,30.73,1905.26
TXN00554,2024-12-06,P003,R04,SR022,C065,44,32.73,1440.12
TXN00555,2024-03-08,P007,R01,SR007,C057,55,43.12,2371.6
TXN00556,2024-10-22,P001,R02,SR002,C078,211,39.49,8332.39
TXN00557,2025-12-30,P001,R06,SR012,C113,68,41.79,2841.72
TXN00558,2025-03-18,P003,R05,SR017,C068,47,33.04,1552.88
TXN00559,2025-08-22,P003,R04,SR016,C023,129,33.59,4333.11
TXN00560,2025-12-30,P006,R04,SR004,C065,33,29.05,958.65
TXN00561,2024-11-20,P007,R06,SR024,C106,35,43.82,1533.7
TXN00562,2025-07-29,P002,R03,SR021,C006,81,58.75,4758.75
TXN00563,2024-10-02,P008,R06,SR030,C118,19,33.38,634.22
TXN00564,2024-03-15,P001,R01,SR007,C012,76,40.04,3043.04
TXN00565,2024-01-14,P006,R03,SR003,C006,80,29.51,2360.8
TXN00566,2024-06-20,P005,R01,SR025,C013,110,70.66,7772.6
TXN00567,2025-06-03,P008,R03,SR009,C082,43,32.97,1417.71
TXN00568,2025-04-27,P003,R03,SR015,C009,31,33.78,1047.18
TXN00569,2024-03-02,P006,R03,SR003,C011,65,29.78,1935.7
TXN00570,2024-05-04,P002,R03,SR021,C018,83,56.54,4692.82
TXN00571,2025-01-02,P005,R01,SR007,C094,38,68.98,2621.24
TXN00572,2025-06-10,P003,R04,SR004,C040,74,34.54,2555.96
TXN00573,2025-09-11,P001,R05,SR023,C107,135,38.99,5263.65
TXN00574,2025-06-29,P007,R06,SR018,C059,97,43.51,4220.47
TXN00575,2025-06-06,P006,R01,SR019,C064,99,28.97,2868.03
TXN00576,2024-07-06,P001,R03,SR009,C018,69,39.0,2691.0
TXN00577,2024-07-04,P002,R01,SR007,C060,111,51.59,5726.49
TXN00578,2024-04-10,P007,R03,SR003,C037,110,41.71,4588.1
TXN00579,2024-11-30,P007,R02,SR002,C033,120,42.88,5145.6
TXN00580,2025-10-03,P001,R02,SR008,C071,79,39.72,3137.88
TXN00581,2024-06-21,P001,R01,SR007,C064,125,39.49,4936.25
TXN00582,2025-03-02,P002,R02,SR008,C108,68,53.85,3661.8
TXN00583,2025-12-31,P002,R01,SR025,C013,147,52.01,7645.47
TXN00584,2025-10-24,P002,R04,SR010,C065,43,54.09,2325.87
TXN00585,2025-06-04,P006,R05,SR011,C084,130,28.61,3719.3
TXN00586,2024-07-23,P008,R03,SR027,C072,27,33.43,902.61
TXN00587,2025-12-29,P006,R03,SR015,C011,42,28.95,1215.9
TXN00588,2025-09-17,P002,R02,SR020,C058,119,53.97,6422.43
TXN00589,2025-07-22,P001,R05,SR017,C117,74,38.95,2882.3
TXN00590,2024-03-30,P001,R05,SR029,C038,52,41.9,2178.8
TXN00591,2024-10-27,P005,R03,SR021,C003,67,68.41,4583.47
TXN00592,2025-06-13,P004,R02,SR020,C078,161,49.91,8035.51
TXN00593,2024-11-02,P001,R01,SR025,C013,160,40.47,6475.2
TXN00594,2024-09-24,P006,R06,SR012,C045,82,29.43,2413.26
TXN00595,2024-06-20,P006,R04,SR004,C040,84,29.41,2470.44
TXN00596,2024-07-02,P002,R04,SR022,C104,78,55.41,4321.98
TXN00597,2025-02-15,P004,R05,SR023,C038,56,48.98,2742.88
TXN00598,2024-01-28,P007,R01,SR019,C031,78,45.69,3563.82
TXN00599,2025-09-01,P006,R01,SR013,C064,88,28.96,2548.48
TXN00600,2025-05-10,P007,R06,SR006,C085,105,41.42,4349.1
TXN00601,2024-01-26,P003,R01,SR007,C017,32,34.38,1100.16
TXN00602,2025-12-15,P008,R04,SR010,C103,57,30.33,1728.81
TXN00603,2025-11-16,P008,R01,SR025,C067,97,30.87,2994.39
TXN00604,2024-03-18,P002,R03,SR027,C018,72,53.56,3856.32
TXN00605,2025-04-15,P005,R01,SR013,C064,107,65.49,7007.43
TXN00606,2025-11-17,P002,R01,SR001,C027,46,54.55,2509.3
TXN00607,2025-05-29,P005,R01,SR019,C094,54,64.43,3479.22
TXN00608,2024-09-05,P001,R01,SR001,C055,89,40.38,3593.82
TXN00609,2025-09-12,P001,R05,SR017,C083,43,41.74,1794.82
TXN00610,2025-08-09,P005,R05,SR005,C028,72,68.85,4957.2
TXN00611,2024-10-25,P003,R01,SR013,C055,66,34.77,2294.82
TXN00612,2025-02-27,P002,R02,SR026,C007,200,49.08,9816.0
TXN00613,2024-10-25,P008,R01,SR001,C088,37,32.49,1202.13
TXN00614,2025-10-01,P004,R05,SR023,C096,60,50.31,3018.6
TXN00615,2024-11-10,P003,R04,SR010,C046,28,34.6,968.8
TXN00616,2024-10-19,P003,R02,SR020,C049,79,35.84,2831.36
TXN00617,2025-01-01,P006,R01,SR013,C013,113,28.63,3235.19
TXN00618,2024-09-10,P002,R03,SR003,C011,84,54.9,4611.6
TXN00619,2024-11-01,P005,R03,SR015,C053,29,66.97,1942.13
TXN00620,2024-07-14,P003,R01,SR001,C060,90,35.97,3237.3
TXN00621,2025-04-11,P005,R06,SR012,C059,105,68.16,7156.8
TXN00622,2025-06-29,P006,R01,SR001,C022,82,28.29,2319.78
TXN00623,2025-01-19,P001,R03,SR015,C024,37,38.32,1417.84
TXN00624,2025-09-27,P004,R02,SR026,C105,50,47.57,2378.5
TXN00625,2025-08-28,P005,R02,SR014,C090,38,69.02,2622.76
TXN00626,2024-07-18,P001,R04,SR010,C046,38,39.13,1486.94
TXN00627,2024-12-23,P005,R01,SR013,C088,65,69.89,4542.85
TXN00628,2024-07-20,P006,R05,SR005,C063,55,29.57,1626.35
TXN00629,2025-08-19,P002,R02,SR002,C105,62,52.89,3279.18
TXN00630,2025-11-29,P003,R05,SR017,C107,77,33.16,2553.32
TXN00631,2024-12-11,P005,R04,SR028,C005,54,68.63,3706.02
TXN00632,2024-10-25,P008,R04,SR028,C065,28,33.21,929.88
TXN00633,2025-06-11,P006,R03,SR015,C082,39,29.58,1153.62
TXN00634,2025-02-07,P002,R02,SR008,C058,101,53.92,5445.92
TXN00635,2024-05-15,P006,R02,SR014,C007,101,29.29,2958.29
TXN00636,2025-05-13,P001,R01,SR025,C013,198,40.35,7989.3
TXN00637,2025-05-19,P001,R02,SR014,C007,190,39.59,7522.1
TXN00638,2024-08-08,P006,R01,SR007,C067,84,29.91,2512.44
TXN00639,2025-01-14,P002,R04,SR016,C080,155,54.64,8469.2
TXN00640,2024-01-18,P001,R05,SR029,C093,65,41.21,2678.65
TXN00641,2025-11-02,P006,R02,SR020,C071,64,29.87,1911.68
TXN00642,2024-06-27,P003,R01,SR013,C064,101,35.91,3626.91
TXN00643,2025-07-09,P007,R02,SR020,C090,41,43.3,1775.3
TXN00644,2025-09-20,P002,R06,SR012,C044,80,56.38,4510.4
TXN00645,2024-05-26,P007,R01,SR013,C119,40,41.72,1668.8
TXN00646,2025-01-05,P006,R01,SR025,C111,117,31.01,3628.17
TXN00647,2024-07-01,P003,R01,SR019,C088,64,32.95,2108.8
TXN00648,2024-03-29,P005,R05,SR011,C107,125,68.06,8507.5
TXN00649,2025-06-16,P002,R05,SR011,C093,82,53.84,4414.88
TXN00650,2024-12-12,P005,R02,SR014,C092,36,67.91,2444.76
TXN00651,2025-04-17,P005,R02,SR002,C101,116,66.88,7758.08
TXN00652,2025-06-13,P004,R03,SR021,C109,57,48.22,2748.54
TXN00653,2025-08-08,P006,R04,SR022,C070,109,28.25,3079.25
TXN00654,2024-06-15,P006,R01,SR001,C031,68,27.98,1902.64
TXN00655,2025-02-21,P003,R01,SR007,C031,68,33.12,2252.16
TXN00656,2024-01-07,P002,R04,SR028,C005,90,,4909.5
TXN00657,2024-02-13,P007,R01,SR013,C088,75,43.9,3292.5
TXN00658,2025-08-16,P002,R01,SR007,C027,44,54.36,2391.84
TXN00659,2024-07-02,P006,R01,SR001,C031,72,27.94,2011.68
TXN00660,2025-09-16,P003,R01,SR025,C055,57,33.36,1901.52
TXN00661,2024-07-10,P003,R01,SR019,C119,41,35.9,1471.9
TXN00662,2024-02-02,P004,R02,SR008,C036,33,47.57,1569.81
TXN00663,2024-02-16,P005,R03,SR009,C054,43,63.04,2710.72
TXN00664,2024-12-21,P005,R05,SR017,C084,107,69.87,7476.09
TXN00665,2025-06-17,P007,R01,SR013,C013,104,41.36,4301.44
TXN00666,2024-01-06,P002,R99,SR007,C111,145,56.87,8246.15
TXN00667,2024-06-08,P002,R02,SR002,C071,98,57.88,5672.24
TXN00668,2024-10-17,P004,R01,SR025,C043,31,48.34,1498.54
TXN00669,2024-02-11,P001,R03,SR015,C109,38,39.27,1492.26
TXN00670,2025-03-16,P004,R01,SR007,C111,117,49.61,5804.37
TXN00671,2024-06-25,P003,R02,SR014,C058,66,34.1,2250.6
TXN00672,2024-09-08,P001,R02,SR026,C090,59,40.36,2381.24
TXN00673,2025-09-18,P003,R02,SR026,C071,85,34.4,2924.0
TXN00674,2025-07-27,P003,R05,SR029,C063,63,34.67,2184.21
TXN00675,2025-12-13,P001,R03,SR027,C054,89,37.99,3381.11
TXN00676,2024-08-03,P004,R01,SR025,C027,49,46.32,2269.68
TXN00677,2025-07-02,P008,R06,SR024,C015,90,32.87,2958.3
TXN00678,2024-03-26,P002,R03,SR021,C041,81,55.82,4521.42
TXN00679,2025-03-02,P008,R02,SR002,C033,129,30.42,3924.18
TXN00680,2024-06-05,P001,R05,SR029,C081,121,39.29,4754.09
TXN00681,2025-06-05,P008,R03,SR021,C037,75,31.52,2364.0
TXN00682,2024-08-21,P002,R03,SR015,C082,54,57.24,3090.96
TXN00683,2025-04-20,P002,R01,SR007,C031,91,53.52,4870.32
TXN00684,2024-01-03,P001,R06,SR018,C118,49,37.47,1836.03
TXN00685,2025-01-01,P002,R05,SR011,C038,68,56.96,3873.28
TXN00686,2024-03-31,P001,R01,SR019,C017,62,39.98,2478.76
TXN00687,2025-12-11,P001,R04,SR016,C065,62,38.63,2395.06
TXN00688,2024-10-08,P007,R01,SR019,C057,68,41.98,2854.64
TXN00689,2025-06-27,P008,R04,SR004,C010,92,32.04,2947.68
TXN00690,2025-10-05,P002,R03,SR027,C014,103,53.77,5538.31
TXN00691,2025-04-13,P001,R01,SR001,C031,97,37.99,3685.03
TXN00692,2025-11-10,P003,R06,SR024,C116,38,34.61,1315.18
TXN00693,2024-09-02,P004,R01,SR007,C055,36,51.75,1863.0
TXN00694,2024-03-15,P001,R02,SR026,C033,179,39.47,7065.13
TXN00695,2024-01-14,P006,R02,SR026,C042,95,30.67,2913.65
TXN00696,2024-10-23,P001,R02,SR020,C075,156,40.24,6277.44
TXN00697,2025-12-22,P002,R04,SR016,C004,40,57.64,2305.6
TXN00698,2025-01-07,P006,R01,SR007,C027,36,28.67,1032.12
TXN00699,2025-01-14,P001,R04,SR004,C039,139,39.32,5465.48
TXN00700,2025-03-03,P008,R02,SR026,C101,91,32.0,2912.0
TXN00701,2025-03-11,P006,R05,SR029,C068,38,28.11,1068.18
TXN00702,2024-10-06,P002,R05,SR023,C117,71,55.34,3929.14
TXN00703,2025-03-20,P002,R02,SR014,C071,73,56.4,4117.2
TXN00704,2025-03-20,P008,R05,SR029,C084,78,34.37,2680.86
TXN00705,2025-06-24,P002,R03,SR015,C053,53,56.19,2978.07
TXN00706,2025-06-14,P005,R01,SR025,C031,69,69.22,4776.18
TXN00707,2024-02-27,P001,R02,SR026,C092,68,39.16,2662.88
TXN00708,2024-08-27,P005,R01,SR013,C017,50,64.07,3203.5
TXN00709,2025-03-02,P002,R05,SR023,C056,63,56.42,3554.46
TXN00710,2024-06-29,P002,R04,SR010,C100,65,57.3,3724.5
TXN00711,2025-06-02,P006,R02,SR014,C049,98,30.03,2942.94
TXN00712,2024-02-20,P005,R06,SR018,C098,78,70.07,5465.46
TXN00713,2025-04-03,P007,R02,SR014,C078,137,43.51,5960.87
TXN00714,2024-09-22,P008,R06,SR018,C113,34,32.92,1119.28
TXN00715,2024-01-18,P001,R01,SR007,C055,71,38.77,2752.67
TXN00716,2025-12-29,P002,R01,SR019,C067,170,52.58,8938.6
TXN00717,2025-10-21,P006,R01,SR019,C027,30,29.5,885.0
TXN00718,2024-06-22,P003,R06,SR012,C077,92,35.04,3223.68
TXN00719,2024-08-07,P005,R04,SR010,C005,46,66.88,3076.48
TXN00720,2024-01-30,P003,R03,SR009,C053,48,35.08,1683.84
TXN00721,2025-10-18,P002,R05,SR011,C096,86,55.92,4809.12
TXN00722,2024-08-30,P003,R06,SR018,C021,48,33.12,1589.76
TXN00723,2024-01-21,P008,R06,SR006,C021,55,34.02,1871.1
TXN00724,2025-04-17,P006,R04,SR010,C046,23,30.09,692.07
TXN00725,2024-04-26,P002,R05,SR029,C056,55,53.74,2955.7
TXN00726,2025-12-03,P005,R02,SR002,C007,162,69.25,11218.5
TXN00727,2025-03-26,P002,R01,SR013,C012,62,52.96,3283.52
TXN00728,2025-04-17,P001,R01,SR019,C067,216,40.28,8700.48
TXN00729,2025-11-13,P001,R01,SR013,C031,129,40.71,5251.59
TXN00730,2025-04-07,P003,R01,SR025,C022,67,35.03,2347.01
TXN00731,2025-11-13,P007,R05,SR011,C038,38,45.9,1744.2
TXN00732,2025-10-29,P002,R02,SR026,C078,164,55.01,9021.64
TXN00733,2025-10-31,P002,R02,SR026,C036,50,56.73,2836.5
TXN00734,2024-01-18,P003,R04,SR010,C102,78,35.18,2744.04
TXN00735,2024-04-26,P003,R01,SR013,C064,104,32.51,3381.04
TXN00736,2025-01-27,P001,R01,SR013,C022,134,37.73,5055.82
TXN00737,2024-11-26,P002,R02,SR020,C101,118,57.29,6760.22
TXN00738,2025-10-31,P007,R03,SR027,C019,73,44.74,3266.02
TXN00739,2024-12-16,P004,R01,SR007,C013,107,48.08,5144.56
TXN00740,2025-12-04,P005,R02,SR002,C108,77,67.38,5188.26
TXN00741,2025-12-11,P005,R02,SR002,C078,169,66.51,11240.19
TXN00742,2024-05-08,P008,R04,SR010,C010,88,32.35,2846.8
TXN00743,2025-11-06,P001,R01,SR025,C060,103,39.99,4118.97
TXN00744,2025-04-29,P001,R05,SR029,C063,96,41.81,4013.76
TXN00745,2025-02-01,P006,R02,SR008,C108,77,29.58,2277.66
TXN00746,2025-06-08,P003,R02,SR026,C078,177,33.81,5984.37
TXN00747,2025-10-29,P003,R04,SR016,C091,92,34.44,3168.48
TXN00748,2025-10-31,P007,R01,SR007,C111,96,43.41,4167.36
TXN00749,2024-12-13,P001,R02,SR014,C042,110,39.25,4317.5
TXN00750,2025-06-02,P003,R04,SR028,C029,39,33.16,1293.24
TXN00751,2025-04-07,P005,R02,SR014,C071,62,66.57,4127.34
TXN00752,2025-04-14,P002,R02,SR008,C058,105,52.9,5554.5
TXN00753,2024-11-02,P001,R01,SR019,C013,180,40.6,7308.0
TXN00754,2025-06-04,P005,R05,SR005,C068,36,66.52,2394.72
TXN00755,2025-12-25,P003,R01,SR013,C119,33,34.81,1148.73
TXN00756,2025-10-07,P006,R01,SR019,C111,103,29.46,3034.38
TXN00757,2025-01-17,P002,R03,SR003,C009,68,55.32,3761.76
TXN00758,2024-04-05,P005,R04,SR022,C100,71,65.11,4622.81
TXN00759,2024-06-16,P004,R06,SR018,C077,79,51.94,4103.26
TXN00760,2024-04-30,P004,R02,SR026,C034,74,49.96,3697.04
TXN00761,2025-04-14,P004,R05,SR005,C020,89,46.7,4156.3
TXN00762,2025-10-14,P001,R05,SR005,C056,45,39.83,1792.35
TXN00763,2025-05-01,P007,R02,SR014,C097,21,42.88,900.48
TXN00764,2025-10-22,P005,R03,SR009,C109,21,69.17,1452.57
TXN00765,2024-06-13,P006,R01,SR025,C119,20,28.81,576.2
TXN00766,2024-03-14,P005,R05,SR023,C114,46,69.1,3178.6
TXN00767,2024-04-21,P007,R06,SR012,C021,71,43.57,3093.47
TXN00768,2025-05-12,P005,R02,SR008,C090,46,66.35,3052.1
TXN00769,2025-11-14,P001,R06,SR030,C002,99,40.04,3963.96
TXN00770,2025-12-08,P001,R01,SR007,C060,103,39.32,4049.96
TXN00771,2025-05-13,P008,R06,SR006,C051,40,34.15,1366.0
TXN00772,2025-06-28,P006,R03,SR021,C019,66,30.17,1991.22
TXN00773,2024-09-23,P006,R04,SR004,C091,90,27.38,2464.2
TXN00774,2025-02-05,P007,R05,SR029,C112,51,42.18,2151.18
TXN00775,2024-09-04,P005,R01,SR001,C111,104,68.58,7132.32
TXN00776,2025-07-18,P005,R02,SR026,C058,97,67.56,6553.32
TXN00777,2024-09-04,P001,R04,SR022,C095,87,39.54,3439.98
TXN00778,2025-08-29,P004,R04,SR016,C091,101,48.09,4857.09
TXN00779,2024-09-01,P007,R02,SR008,C071,50,45.06,2253.0
TXN00780,2025-05-23,P002,R01,SR013,C064,124,57.77,7163.48
TXN00781,2025-10-08,P004,R02,SR008,C049,88,50.03,4402.64
TXN00782,2025-04-22,P002,R02,SR026,C042,151,55.32,8353.32
TXN00783,2025-05-29,P006,R01,SR025,C067,126,29.81,3756.06
TXN00784,2024-03-14,P001,R01,SR013,C060,149,39.24,5846.76
TXN00785,2025-02-27,P001,R05,SR011,C073,93,39.53,3676.29
TXN00786,2025-06-07,P002,R01,SR013,C017,55,56.47,3105.85
TXN00787,2024-01-16,P002,R02,SR020,C034,83,54.75,4544.25
TXN00788,2024-08-15,P001,R01,SR019,C094,88,39.74,3497.12
TXN00789,2025-05-26,P004,R01,SR019,C017,57,48.82,2782.74
TXN00790,2025-09-06,P002,R04,SR004,C080,118,55.22,6515.96
TXN00791,2025-04-02,P006,R03,SR009,C041,58,28.47,1651.26
TXN00792,2025-08-06,P002,R01,SR001,C067,143,57.65,8243.95
TXN00793,2025-06-17,P008,R05,SR029,C038,24,34.55,829.2
TXN00794,2024-02-03,P003,R03,SR003,C014,126,34.83,4388.58
TXN00795,2025-04-03,P001,R01,SR013,C043,60,38.58,2314.8
TXN00796,2025-08-19,P003,R02,SR020,C078,150,33.51,5026.5
TXN00797,2025-01-20,P001,R04,SR016,C100,89,40.2,3577.8
TXN00798,2025-02-03,P002,R01,SR025,C055,76,54.25,4123.0
TXN00799,2024-04-10,P003,R04,SR010,C070,102,31.65,3228.3
TXN00800,2025-08-07,P006,R06,SR024,C044,53,28.72,1522.16
TXN00801,2025-10-24,P002,R03,SR015,C014,80,56.1,4488.0
TXN00802,2025-08-27,P004,R02,SR014,C108,47,47.56,2235.32
TXN00803,2024-12-06,P004,R03,SR027,C006,73,49.83,3637.59
TXN00804,2024-10-02,P005,R01,SR001,C055,56,72.8,4076.8
TXN00805,2024-10-09,P005,R04,SR022,C103,58,66.8,3874.4
TXN00806,2024-01-08,P008,R05,SR017,C107,56,32.88,1841.28
TXN00807,2024-03-18,P008,R01,SR025,C067,89,33.91,3017.99
TXN00808,2024-03-26,P008,R01,SR007,C012,37,32.49,1202.13
TXN00809,2024-10-22,P008,R01,SR013,C088,43,32.15,1382.45
TXN00810,2025-07-23,P004,R01,SR007,C027,35,51.34,1796.9
TXN00811,2025-07-17,P001,R01,SR007,C031,95,40.08,3807.6
TXN00812,2024-01-28,P001,R04,SR028,C046,40,43.79,1751.6
TXN00813,2024-08-13,P001,R01,SR013,C012,99,40.24,3983.76
TXN00814,2024-07-30,P004,R01,SR001,C088,61,47.01,2867.61
TXN00815,2024-03-19,P004,R01,SR025,C017,35,50.14,1754.9
TXN00816,2024-01-25,P002,R03,SR003,C014,144,57.02,8210.88
TXN00817,2024-02-07,P003,R04,SR022,C023,118,33.75,3982.5
TXN00818,2025-12-11,P002,R01,SR013,C057,90,54.21,4878.9
TXN00819,2025-10-07,P003,R06,SR030,C001,42,33.9,1423.8
TXN00820,2024-04-04,P003,R01,SR007,C119,34,33.94,1153.96
TXN00821,2025-01-24,P003,R01,SR025,C022,99,33.11,3277.89
TXN00822,2024-02-10,P001,R02,SR014,C036,53,40.8,2162.4
TXN00823,2024-08-31,P002,R04,SR022,C039,102,53.14,5420.28
TXN00824,2024-07-11,P001,R01,SR019,C017,69,40.32,2782.08
TXN00825,2024-10-17,P006,R02,SR020,C092,45,27.56,1240.2
TXN00826,2025-11-02,P001,R02,SR026,C058,126,40.07,5048.82
TXN00827,2024-08-09,P002,R04,SR028,C004,50,54.82,2741.0
TXN00828,2025-02-14,P003,R03,SR021,C025,36,33.23,1196.28
TXN00829,2025-07-26,P003,R06,SR018,C076,49,33.64,1648.36
TXN00830,2025-05-31,P005,R03,SR009,C054,39,73.08,2850.12
TXN00831,2024-04-04,P007,R04,SR010,C100,48,42.2,2025.6
TXN00832,2025-03-22,P006,R01,SR001,C043,34,31.02,1054.68
TXN00833,2024-02-07,P001,R03,SR015,C018,52,39.67,2062.84
TXN00834,2025-02-12,P007,R02,SR026,C007,152,45.47,6911.44
TXN00835,2024-07-20,P002,R03,SR003,C019,96,52.44,5034.24
TXN00836,2025-05-23,P004,R03,SR003,C009,46,47.47,2183.62
TXN00837,2024-06-15,P004,R02,SR014,C069,45,47.16,2122.2
TXN00838,2025-10-25,P005,R01,SR019,C043,45,68.52,3083.4
TXN00839,2024-01-17,P001,R01,SR001,C017,47,38.82,1824.54
TXN00840,2025-08-01,P007,R03,SR009,C019,45,45.62,2052.9
TXN00841,2024-08-03,P001,R06,SR030,C120,87,39.62,3446.94
TXN00842,2025-04-20,P006,R01,SR019,C012,65,27.67,1798.55
TXN00843,2024-04-24,P003,R01,SR025,C017,42,33.69,1414.98
TXN00844,2024-01-21,P002,R01,SR007,C067,134,55.79,7475.86
TXN00845,2024-10-12,P001,R01,SR019,C088,92,39.97,3677.24
TXN00846,2024-10-11,P007,R06,SR012,C051,33,42.32,1396.56
TXN00847,2025-11-14,P002,R02,SR020,C058,111,53.76,5967.36
TXN00848,2025-12-06,P005,R04,SR028,C005,65,64.05,4163.25
TXN00849,2025-09-19,P001,R05,SR005,C008,61,39.33,2399.13
TXN00850,2025-11-26,P005,R04,SR028,C048,48,72.96,3502.08
TXN00851,2024-07-22,P007,R03,SR003,C019,81,41.84,3389.04
TXN00852,2024-05-14,P006,R03,SR015,C025,21,27.03,567.63
TXN00853,2024-12-02,P007,R04,SR004,C065,47,42.65,2004.55
TXN00854,2025-09-30,P006,R04,SR028,C104,57,28.78,1640.46
TXN00855,2025-03-30,P002,R05,SR029,C068,47,53.56,2517.32
TXN00856,2024-11-12,P002,R03,SR027,C025,41,54.88,2250.08
TXN00857,2025-11-21,P002,R02,SR026,C078,175,54.76,9583.0
TXN00858,2024-11-12,P006,R01,SR007,C119,20,28.71,574.2
TXN00859,2025-05-06,P006,R02,SR026,C097,47,29.02,1363.94
TXN00860,2024-12-04,P002,R01,SR001,C111,132,55.02,7262.64
TXN00861,2025-12-21,P006,R01,SR007,C043,38,27.66,1051.08
TXN00862,2025-03-15,P002,R05,SR029,C032,92,57.42,5282.64
TXN00863,2024-03-22,P001,R04,SR010,C010,180,41.41,7453.8
TXN00864,2024-06-03,P003,R03,SR027,C009,45,32.67,1470.15
TXN00865,2024-03-27,P006,R03,SR009,C052,25,27.84,696.0
TXN00866,2025-05-04,P001,R02,SR002,C069,88,37.16,3270.08
TXN00867,2025-03-09,P004,R03,SR027,C041,66,50.67,3344.22
TXN00868,2024-10-11,P007,R03,SR021,C082,68,43.42,2952.56
TXN00869,2024-07-01,P006,R03,SR021,C003,79,30.51,2410.29
TXN00870,2025-05-14,P006,R02,SR008,C090,44,29.11,1280.84
TXN00871,2024-03-07,P006,R01,SR019,C017,43,30.01,1290.43
TXN00872,2025-06-24,P008,R01,SR025,C067,107,33.42,3575.94
TXN00873,2025-07-13,P001,R03,SR027,C037,154,42.47,6540.38
TXN00874,2024-03-25,P003,R02,SR020,C092,58,32.37,1877.46
TXN00875,2025-06-21,P001,R01,SR025,C012,88,40.34,3549.92
TXN00876,2025-04-26,P003,R05,SR005,C008,49,31.82,1559.18
TXN00877,2025-05-07,P007,R02,SR026,C036,62,43.94,2724.28
TXN00878,2025-02-27,P005,R01,SR019,C060,102,69.53,7092.06
TXN00879,2024-05-30,P006,R01,SR019,C012,70,28.81,2016.7
TXN00880,2024-12-09,P001,R06,SR012,C062,55,42.59,2342.45
TXN00881,2024-07-17,P002,R03,SR003,C014,110,56.2,6182.0
TXN00882,2024-03-02,P004,R01,SR025,C060,107,45.96,4917.72
TXN00883,2024-04-23,P007,R03,SR027,C052,56,46.12,2582.72
TXN00884,2024-07-08,P001,R01,SR001,C094,71,38.04,2700.84
TXN00885,2025-05-26,P003,R05,SR005,C093,65,32.78,2130.7
TXN00886,2024-06-16,P004,R02,SR026,C090,47,48.69,2288.43
TXN00887,2024-08-03,P005,R03,SR021,C082,56,70.15,3928.4
TXN00888,2025-04-16,P008,R05,SR017,C117,54,33.52,1810.08
TXN00889,2024-06-24,P001,R03,SR003,C053,117,42.08,4923.36
TXN00890,2024-07-07,P008,R02,SR008,C097,18,31.71,570.78
TXN00891,2024-10-21,P001,R02,SR002,C071,82,41.26,3383.32
TXN00892,2024-01-13,P002,R01,SR019,C094,67,57.39,3845.13
TXN00893,2024-10-28,P008,R03,SR009,C009,18,33.64,605.52
TXN00894,2024-03-22,P006,R01,SR001,C027,38,28.33,1076.54
TXN00895,2025-03-27,P005,R06,SR006,C120,67,67.34,4511.78
TXN00896,2025-04-14,P005,R01,SR019,C111,142,74.17,10532.14
TXN00897,2025-11-08,P001,R05,SR023,C020,155,38.78,6010.9
TXN00898,2024-10-09,P001,R04,SR004,C005,76,42.41,3223.16
TXN00899,2025-04-05,P003,R03,SR021,C018,80,32.7,2616.0
TXN00900,2025-01-15,P007,R05,SR011,C028,101,43.68,4411.68
TXN00901,2025-11-27,P003,R01,SR013,C111,118,35.16,4148.88
TXN00902,2025-09-09,P003,R04,SR004,C010,132,33.18,4379.76
TXN00903,2025-03-05,P007,R05,SR023,C081,146,43.62,6368.52
TXN00904,2025-03-10,P004,R05,SR011,C083,55,49.36,2714.8
TXN00905,2025-10-06,P002,R02,SR026,C007,153,54.41,8324.73
TXN00906,2024-07-23,P008,R01,SR007,C060,49,30.72,1505.28
TXN00907,2024-11-15,P001,R03,SR003,C037,130,39.39,5120.7
TXN00908,2025-03-18,P007,R04,SR004,C080,134,43.01,5763.34
TXN00909,2024-09-20,P003,R02,SR014,C007,89,33.72,3001.08
TXN00910,2024-10-04,P006,R01,SR007,C027,33,28.54,941.82
TXN00911,2025-07-10,P008,R05,SR029,C073,44,33.67,1481.48
TXN00912,2024-03-12,P001,R02,SR008,C026,63,37.76,2378.88
TXN00913,2024-03-04,P001,R02,SR014,C033,147,39.49,5805.03
TXN00914,2025-05-20,P006,R02,SR026,C026,86,30.74,2643.64
TXN00915,2025-12-08,P005,R03,SR003,C037,91,65.6,5969.6
TXN00916,2025-10-27,P003,R02,SR014,C097,27,34.86,941.22
TXN00917,2025-10-28,P003,R03,SR027,C030,65,32.71,2126.15
TXN00918,2024-10-08,P005,R02,SR002,C049,73,67.92,4958.16
TXN00919,2024-03-10,P007,R04,SR016,C091,96,43.59,4184.64
TXN00920,2025-07-08,P004,R03,SR003,C041,79,47.88,3782.52
TXN00921,2025-11-26,P004,R02,SR002,C042,120,48.45,5814.0
TXN00922,2025-04-30,P003,R03,SR003,C109,65,33.33,2166.45
TXN00923,2024-02-27,P002,R01,SR007,C067,139,51.8,7200.2
TXN00924,2025-01-01,P008,R06,SR012,C086,75,33.54,2515.5
TXN00925,2024-09-28,P005,R01,SR013,C064,88,61.56,5417.28
TXN00926,2025-09-21,P003,R01,SR019,C119,26,33.87,880.62
TXN00927,2024-09-11,P008,R06,SR030,C089,24,31.28,750.72
TXN00928,2025-05-28,P003,R01,SR019,C022,118,33.68,3974.24
TXN00929,2024-01-19,P002,R01,SR007,C017,35,55.85,1954.75
TXN00930,2024-08-27,P004,R01,SR001,C031,74,48.2,3566.8
TXN00931,2024-12-15,P004,R03,SR021,C030,63,47.26,2977.38
TXN00932,2025-05-12,P002,R03,SR027,C003,122,57.29,6989.38
TXN00933,2025-10-03,P008,R02,SR020,C026,67,32.28,2162.76
TXN00934,2025-08-09,P005,R03,SR015,C041,33,64.68,2134.44
TXN00935,2024-06-11,P001,R01,SR001,C094,88,41.29,3633.52
TXN00936,2025-11-08,P002,R03,SR021,C052,53,58.44,3097.32
TXN00937,2025-08-31,P006,R06,SR030,C086,85,30.5,2592.5
TXN00938,2024-09-27,P002,R05,SR029,C114,44,56.27,2475.88
TXN00939,2025-03-19,P004,R05,SR023,C084,156,48.89,7626.84
TXN00940,2024-11-03,P008,R06,SR006,C050,21,32.99,692.79
TXN00941,2024-07-17,P007,R04,SR022,C004,45,42.93,1931.85
TXN00942,2025-05-31,P004,R04,SR028,C048,72,48.55,3495.6
TXN00943,2025-09-13,P007,R04,SR022,C104,52,41.26,2145.52
TXN00944,2025-06-06,P004,R02,SR008,C042,96,46.51,4464.96
TXN00945,2024-09-01,P001,R03,SR003,C024,69,39.3,2711.7
TXN00946,2024-10-16,P006,R03,SR027,C037,86,28.52,2452.72
TXN00947,2024-08-03,P002,R01,SR013,C067,164,53.54,8780.56
TXN00948,2025-08-22,P006,R06,SR018,C047,30,27.91,837.3
TXN00949,2025-08-09,P001,R01,SR001,C060,111,39.82,4420.02
TXN00950,2024-02-12,P006,R05,SR005,C112,58,26.99,1565.42
TXN00951,2024-10-19,P004,R06,SR024,C074,46,47.05,2164.3
TXN00952,2025-03-13,P004,R01,SR007,C012,52,50.08,2604.16
TXN00953,2024-01-26,P002,R06,SR018,C074,44,54.42,2394.48
TXN00954,2025-12-17,P005,R03,SR003,C014,112,65.6,7347.2
TXN00955,2024-07-14,P005,R01,SR007,C057,40,68.18,2727.2
TXN00956,2024-05-01,P002,R06,SR006,C086,121,52.22,6318.62
TXN00957,2025-12-18,P004,R02,SR026,C042,101,48.17,4865.17
TXN00958,2024-08-26,P007,R01,SR001,C043,32,42.43,1357.76
TXN00959,2024-11-18,P001,R01,SR001,C013,155,38.53,5972.15
TXN00960,2024-07-18,P006,R06,SR012,C062,47,29.09,1367.23
TXN00961,2024-07-01,P008,R03,SR021,C054,55,32.85,1806.75
TXN00962,2024-06-15,P006,R01,SR025,C064,98,28.4,2783.2
TXN00963,2025-12-16,P007,R02,SR008,C090,47,42.5,1997.5
TXN00964,2025-02-23,P002,R02,SR008,C049,111,52.4,5816.4
TXN00965,2025-08-05,P004,R01,SR007,C119,23,49.33,1134.59
TXN00966,2025-04-13,P004,R03,SR021,C052,50,45.53,2276.5
TXN00967,2024-08-02,P008,R02,SR020,C078,105,33.55,3522.75
TXN00968,2024-01-05,P007,R02,SR026,C069,40,42.69,1707.6
TXN00969,2025-11-15,P005,R02,SR002,C007,133,72.1,9589.3
TXN00970,2024-08-14,P006,R01,SR019,C043,48,27.74,1331.52
TXN00971,2025-02-15,P006,R02,SR020,C049,114,30.47,3473.58
TXN00972,2025-07-12,P007,R06,SR030,C077,84,45.42,3815.28
TXN00973,2024-11-25,P003,R01,SR001,C119,31,34.88,1081.28
TXN00974,2025-03-04,P002,R02,SR008,C090,57,55.07,3138.99
TXN00975,2024-07-09,P003,R05,SR017,C032,87,33.09,2878.83
TXN00976,2025-04-19,P001,R04,SR010,C040,108,37.96,4099.68
TXN00977,2024-08-09,P002,R04,SR004,C040,91,55.94,5090.54
TXN00978,2025-01-19,P007,R06,SR024,C021,59,44.15,2604.85
TXN00979,2025-10-04,P003,R06,SR006,C113,68,33.79,2297.72
TXN00980,2025-03-19,P006,R04,SR016,C065,48,29.56,1418.88
TXN00981,2025-09-27,P002,R04,SR004,C103,78,58.89,4593.42
TXN00982,2025-06-07,P005,R03,SR021,C009,35,70.37,2462.95
TXN00983,2025-09-15,P002,R06,SR006,C118,49,60.03,2941.47
TXN00984,2024-08-09,P005,R05,SR029,C063,49,69.49,3405.01
TXN00985,2024-03-16,P003,R04,SR010,C091,85,35.14,2986.9
TXN00986,2025-08-22,P007,R03,SR015,C030,43,42.5,1827.5
TXN00987,2024-08-18,P001,R06,SR018,C113,79,41.22,3256.38
TXN00988,2025-06-04,P001,R01,SR019,C057,98,38.54,3776.92
TXN00989,2025-05-12,P001,R05,SR011,C084,210,39.94,8387.4
TXN00990,2025-11-02,P005,R02,SR008,C078,114,70.46,8032.44
TXN00991,2025-06-12,P008,R01,SR001,C017,38,30.9,1174.2
TXN00992,2025-11-12,P002,R01,SR001,C031,98,55.37,5426.26
TXN00993,2025-04-03,P007,R04,SR028,C004,47,43.53,2045.91
TXN00994,2024-02-27,P004,R05,SR029,C081,111,48.08,5336.88
TXN00995,2025-07-18,P002,R02,SR002,C036,71,53.52,3799.92
TXN00996,2024-10-09,P008,R01,SR025,C094,40,30.98,1239.2
TXN00997,2025-06-15,P006,R02,SR002,C108,79,29.44,2325.76
TXN00998,2025-11-11,P002,R02,SR020,C058,126,56.64,7136.64
TXN00999,2025-02-15,P004,R06,SR012,C044,65,48.29,3138.85
TXN01000,2025-04-14,P001,R02,SR020,C101,161,38.09,6132.49
TXN01001,2025-06-21,P001,R01,SR013,C031,122,39.85,4861.7
TXN01002,2024-04-05,P002,R04,SR010,C010,156,55.49,8656.44
TXN01003,2025-06-05,P001,R05,SR029,C068,45,39.26,1766.7
TXN01004,2024-05-14,P007,R06,SR018,C050,28,42.14,1179.92
TXN01005,2025-04-27,P003,R01,SR001,C119,31,34.09,1056.79
TXN01006,2025-11-30,P001,R06,SR012,C002,122,40.06,4887.32
TXN01007,2024-12-15,P001,R01,SR001,C111,153,37.81,5784.93
TXN01008,2024-07-09,P002,R06,SR018,C061,84,56.11,4713.24
TXN01009,2025-06-29,P008,R03,SR015,C054,34,33.03,1123.02
TXN01010,2024-01-10,P001,R05,SR011,C107,157,41.64,6537.48
TXN01011,2024-11-21,P001,R05,SR011,C096,78,40.59,3166.02
TXN01012,2024-12-03,P001,R03,SR003,C053,110,38.64,4250.4
TXN01013,2025-02-24,P001,R04,SR022,C080,185,38.99,7213.15
TXN01014,2024-04-08,P007,R01,SR013,C111,151,42.37,6397.87
TXN01015,2025-06-08,P003,R04,SR004,C095,61,36.22,2209.42
TXN01016,2025-04-14,P005,R02,SR008,C058,101,65.58,6623.58
TXN01017,2025-04-01,P004,R01,SR025,C031,88,48.23,4244.24
TXN01018,2025-04-22,P002,R06,SR012,C001,52,57.96,3013.92
TXN01019,2024-09-05,P003,R05,SR005,C063,64,32.98,2110.72
TXN01020,2024-09-15,P007,R01,SR007,C043,33,42.07,1388.31
TXN01021,2024-05-03,P002,R02,SR020,C026,67,53.35,3574.45
TXN01022,2025-07-31,P005,R02,SR020,C071,69,65.77,4538.13
TXN01023,2025-12-20,P007,R04,SR016,C040,81,,3652.29
TXN01024,2025-12-06,P006,R03,SR009,C006,49,31.53,1544.97
TXN01025,2024-12-07,P001,R02,SR020,C078,166,39.32,6527.12
TXN01026,2024-01-15,P006,R01,SR001,C022,95,29.56,2808.2
TXN01027,2025-05-26,P001,R01,SR001,C022,133,40.08,5330.64
TXN01028,2024-10-13,P003,R01,SR013,C119,32,33.52,1072.64
TXN01029,2024-07-17,P007,R01,SR001,C064,95,45.03,4277.85
TXN01030,2024-01-06,P002,R04,SR028,C103,89,54.61,4860.29
TXN01031,2025-10-06,P003,R02,SR026,C033,139,33.06,4595.34
TXN01032,2024-03-28,P008,R04,SR004,C103,48,31.9,1531.2
TXN01033,2025-11-07,P001,R06,SR030,C086,113,36.58,4133.54
TXN01034,2024-01-21,P004,R01,SR025,C088,56,51.65,2892.4
TXN01035,2025-06-24,P007,R02,SR020,C007,168,38.83,6523.44
TXN01036,2024-09-28,P006,R06,SR024,C050,24,27.22,653.28
TXN01037,2024-03-15,P007,R03,SR027,C024,37,43.3,1602.1
TXN01038,2025-02-23,P005,R05,SR005,C107,87,70.49,6132.63
TXN01039,2024-09-05,P007,R04,SR010,C023,99,44.62,4417.38
TXN01040,2025-06-14,P001,R01,SR025,C043,60,40.3,2418.0
TXN01041,2025-04-01,P004,R01,SR013,C067,167,46.34,7738.78
TXN01042,2024-01-02,P002,R01,SR019,C111,175,54.9,9607.5
TXN01043,2024-12-09,P006,R02,SR002,C108,73,29.45,2149.85
TXN01044,2024-08-19,P006,R01,SR013,C022,97,29.38,2849.86
TXN01045,2024-11-15,P005,R02,SR014,C034,60,62.35,3741.0
TXN01046,2025-12-25,P005,R05,SR017,C063,53,67.5,3577.5
TXN01047,2024-07-16,P008,R06,SR012,C044,53,32.25,1709.25
TXN01048,2025-10-28,P005,R05,SR023,C081,120,67.87,8144.4
TXN01049,2025-01-08,P005,R01,SR013,C043,36,70.31,2531.16
TXN01050,2024-06-29,P004,R03,SR027,C009,52,50.36,2618.72
TXN01051,2025-07-16,P003,R01,SR013,C064,104,34.57,3595.28
TXN01052,2024-12-04,P002,R02,SR008,C036,28,58.31,1632.68
TXN01053,2025-07-03,P007,R02,SR020,C058,76,47.69,3624.44
TXN01054,2024-05-23,P002,R02,SR026,C033,172,54.23,9327.56
TXN01055,2025-09-15,P007,R02,SR014,C078,110,43.71,4808.1
TXN01056,2024-06-25,P004,R01,SR001,C055,60,49.28,2956.8
TXN01057,2024-06-10,P005,R03,SR021,C003,78,66.08,5154.24
TXN01058,2025-01-30,P007,R01,SR001,C111,117,44.91,5254.47
TXN01059,2025-01-22,P003,R02,SR002,C069,79,33.77,2667.83
TXN01060,2025-02-17,P006,R04,SR010,C004,37,29.95,1108.15
TXN01061,2024-11-18,P008,R01,SR001,C088,44,30.67,1349.48
TXN01062,2024-03-05,P006,R05,SR023,C032,121,28.95,3502.95
TXN01063,2025-10-31,P005,R02,SR008,C101,88,64.47,5673.36
TXN01064,2025-12-06,P002,R04,SR004,C065,46,52.76,2426.96
TXN01065,2024-02-11,P002,R05,SR011,C008,57,52.03,2965.71
TXN01066,2024-10-04,P005,R03,SR003,C014,101,69.78,7047.78
TXN01067,2025-12-11,P006,R01,SR001,C094,47,27.29,1282.63
TXN01068,2025-03-06,P008,R03,SR009,C041,37,31.46,1164.02
TXN01069,2025-11-12,P002,R01,SR007,C060,96,54.32,5214.72
TXN01070,2025-12-23,P005,R01,SR001,C119,18,62.76,1129.68
TXN01071,2024-11-16,P006,R01,SR007,C027,29,28.93,838.97
TXN01072,2025-06-09,P001,R01,SR013,C060,129,40.32,5201.28
TXN01073,2024-11-27,P007,R04,SR010,C029,27,42.8,1155.6
TXN01074,2025-02-03,P002,R05,SR011,C032,153,56.99,8719.47
TXN01075,2025-09-28,P006,R01,SR001,C111,106,28.36,3006.16
TXN01076,2024-12-31,P001,R03,SR021,C052,44,37.39,1645.16
TXN01077,2024-12-02,P006,R01,SR013,C012,52,27.84,1447.68
TXN01078,2025-04-18,P003,R04,SR004,C005,67,33.41,2238.47
TXN01079,2024-12-10,P001,R03,SR021,C025,37,39.43,1458.91
TXN01080,2025-10-27,P008,R03,SR003,C006,46,33.16,1525.36
TXN01081,2025-08-05,P002,R04,SR028,C065,51,54.8,2794.8
TXN01082,2025-11-28,P001,R02,SR026,C108,92,39.55,3638.6
TXN01083,2025-07-26,P008,R05,SR029,C083,26,31.86,828.36
TXN01084,2024-02-07,P007,R05,SR029,C083,31,42.34,1312.54
TXN01085,2024-06-09,P004,R04,SR004,C100,46,44.77,2059.42
TXN01086,2024-08-04,P002,R02,SR002,C034,84,53.67,4508.28
TXN01087,2025-06-16,P005,R04,SR010,C023,105,68.53,7195.65
TXN01088,2025-01-10,P007,R04,SR022,C080,105,43.72,4590.6
TXN01089,2024-10-02,P008,R01,SR007,C043,19,33.38,634.22
TXN01090,2024-03-17,P007,R04,SR016,C010,134,46.84,6276.56
TXN01091,2024-10-15,P004,R04,SR004,C023,128,52.69,6744.32
TXN01092,2024-04-19,P003,R06,SR012,C062,68,32.93,2239.24
TXN01093,2024-07-14,P002,R05,SR005,C081,140,52.37,7331.8
TXN01094,2024-02-10,P007,R06,SR030,C077,75,43.71,3278.25
TXN01095,2024-01-16,P007,R03,SR021,C011,70,45.1,3157.0
TXN01096,2025-08-19,P006,R01,SR013,C022,92,28.99,2667.08
TXN01097,2025-04-24,P003,R01,SR001,C027,41,34.34,1407.94
TXN01098,2025-11-23,P005,R04,SR010,C104,53,68.65,3638.45
TXN01099,2025-08-08,P003,R01,SR007,C067,104,35.18,3658.72
TXN01100,2025-09-25,P007,R01,SR001,C043,37,44.87,1660.19
TXN01101,2025-05-13,P005,R06,SR024,C050,26,67.44,1753.44
TXN01102,2025-02-05,P005,R04,SR022,C103,81,65.08,5271.48
TXN01103,2025-02-18,P004,R04,SR028,C010,115,48.03,5523.45
TXN01104,2024-06-19,P003,R01,SR007,C119,29,34.9,1012.1
TXN01105,2025-08-06,P002,R02,SR026,C092,54,52.34,2826.36
TXN01106,2024-01-07,P007,R03,SR021,C009,60,45.48,2728.8
TXN01107,2024-06-20,P002,R02,SR002,C092,75,54.0,4050.0
TXN01108,2024-02-17,P002,R02,SR008,C105,39,50.12,1954.68
TXN01109,2024-06-14,P007,R01,SR019,C088,68,41.99,2855.32
TXN01110,2024-07-09,P006,R01,SR025,C119,30,28.64,859.2
TXN01111,2024-09-02,P006,R02,SR020,C108,51,28.26,1441.26
TXN01112,2025-02-27,P005,R03,SR027,C024,55,69.83,3840.65
TXN01113,2025-08-13,P001,R02,SR008,C042,135,40.84,5513.4
TXN01114,2025-02-08,P002,R01,SR007,C027,47,54.96,2583.12
TXN01115,2025-12-19,P004,R05,SR011,C115,147,48.66,7153.02
TXN01116,2024-03-08,P007,R04,SR010,C104,57,41.59,2370.63
TXN01117,2025-05-13,P002,R03,SR009,C011,61,54.48,3323.28
TXN01118,2024-06-18,P003,R06,SR030,C044,73,32.73,2389.29
TXN01119,2025-12-08,P004,R04,SR028,C029,27,48.88,1319.76
TXN01120,2025-02-21,P003,R03,SR009,C003,87,34.38,2991.06
TXN01121,2024-12-29,P007,R05,SR023,C032,120,44.86,5383.2
TXN01122,2025-05-03,P001,R02,SR026,,124,37.64,4667.36
TXN01123,2025-06-08,P008,R02,SR008,C101,72,32.66,2351.52
TXN01124,2025-04-10,P001,R03,SR009,C014,126,41.04,5171.04
TXN01125,2025-08-01,P002,R02,SR026,C108,101,55.25,5580.25
TXN01126,2025-07-26,P008,R04,SR004,C010,94,30.18,2836.92
TXN01127,2025-03-24,P001,R03,SR027,C082,116,41.06,4762.96
TXN01128,2025-10-15,P008,R02,SR026,C026,65,32.42,2107.3
TXN01129,2025-07-31,P003,R02,SR002,C007,166,35.5,5893.0
TXN01130,2024-02-08,P006,R04,SR022,C023,120,28.03,3363.6
TXN01131,2025-01-03,P008,R01,SR007,C088,48,33.83,1623.84
TXN01132,2025-08-27,P001,R02,SR026,C069,64,40.86,2615.04
TXN01133,2025-09-16,P004,R06,SR024,C099,39,48.89,1906.71
TXN01134,2024-08-22,P003,R01,SR019,C017,59,38.79,2288.61
TXN01135,2024-03-20,P003,R01,SR013,C055,72,33.98,2446.56
TXN01136,2025-05-18,P003,R02,SR026,C090,52,33.94,1764.88
TXN01137,2025-09-01,P003,R04,SR004,C046,26,33.01,858.26
TXN01138,2025-05-02,P008,R01,SR013,C057,65,32.85,2135.25
TXN01139,2025-12-10,P008,R03,SR003,C082,61,33.4,2037.4
TXN01140,2024-02-16,P003,R03,SR021,C054,61,32.46,1980.06
TXN01141,2025-05-28,P007,R01,SR013,C027,36,45.27,1629.72
TXN01142,2025-05-15,P005,R01,SR007,C060,71,67.71,4807.41
TXN01143,2024-08-11,P001,R01,SR019,C017,75,38.97,2922.75
TXN01144,2024-01-17,P006,R01,SR013,C057,70,29.04,2032.8
TXN01145,2025-08-10,P003,R06,SR006,C074,41,32.65,1338.65
TXN01146,2024-12-20,P004,R01,SR007,C043,30,48.82,1464.6
TXN01147,2025-01-31,P003,R04,SR016,C023,130,34.28,4456.4
TXN01148,2025-09-03,P002,R01,SR025,C031,91,56.27,5120.57
TXN01149,2024-02-28,P006,R02,SR020,C049,75,28.36,2127.0
TXN01150,2024-11-23,P006,R05,SR029,C117,45,27.27,1227.15
TXN01151,2025-01-15,P002,R06,SR030,C120,85,53.24,4525.4
TXN01152,2025-08-26,P005,R04,SR004,C065,32,64.93,2077.76
TXN01153,2025-04-23,P001,R05,SR029,C032,111,39.13,4343.43
TXN01154,2024-09-01,P004,R06,SR006,C051,54,46.67,2520.18
TXN01155,2025-02-27,P007,R01,SR013,C022,101,42.75,4317.75
TXN01156,2024-01-19,P008,R02,SR008,C097,15,30.68,460.2
TXN01157,2024-01-07,P001,R02,SR008,C105,50,38.41,1920.5
TXN01158,2025-09-23,P008,R01,SR025,C017,24,33.47,803.28
TXN01159,2024-08-06,P007,R04,SR028,C091,89,40.66,3618.74
TXN01160,2025-02-07,P003,R04,SR016,C065,47,35.59,1672.73
TXN01161,2024-08-11,P001,R05,SR017,C112,70,40.86,2860.2
TXN01162,2024-10-31,P007,R02,SR002,C042,111,42.68,4737.48
TXN01163,2025-05-22,P006,R06,SR030,C098,98,28.34,2777.32
TXN01164,2024-02-16,P005,R02,SR002,C101,105,69.44,7291.2
TXN01165,2024-02-06,P006,R01,SR013,C111,116,28.39,3293.24
TXN01166,2024-01-14,P002,R01,SR007,C060,89,55.02,4896.78
TXN01167,2024-08-03,P008,R02,SR026,C007,83,32.54,2700.82
TXN01168,2025-02-14,P008,R03,SR009,C019,41,29.92,1226.72
TXN01169,2024-01-28,P002,R04,SR028,C104,82,53.51,4387.82
TXN01170,2025-07-01,P002,R06,SR006,C089,35,57.25,2003.75
TXN01171,2025-02-21,P002,R02,SR002,C108,106,53.87,5710.22
TXN01172,2025-12-13,P005,R05,SR023,C093,65,64.6,4199.0
TXN01173,2024-06-11,P006,R01,SR019,C031,82,30.74,2520.68
TXN01174,2025-05-10,P002,R01,SR025,C094,73,54.43,3973.39
TXN01175,2025-11-01,P005,R04,SR016,C023,104,69.08,7184.32
TXN01176,2025-08-03,P005,R01,SR019,C027,33,63.73,2103.09
TXN01177,2024-08-12,P003,R01,SR013,C057,59,33.07,1951.13
TXN01178,2025-09-12,P001,R04,SR004,C065,63,41.86,2637.18
TXN01179,2024-08-20,P003,R04,SR022,C100,60,33.2,1992.0
TXN01180,2025-04-19,P005,R02,SR008,C108,57,67.07,3822.99
TXN01181,2025-09-26,P005,R01,SR001,C017,24,67.79,1626.96
TXN01182,2025-06-17,P002,R03,SR009,C052,46,54.66,2514.36
TXN01183,2025-05-17,P007,R01,SR007,C094,50,42.92,2146.0
TXN01184,2024-08-09,P005,R03,SR009,C003,46,68.19,3136.74
TXN01185,2025-06-28,P002,R03,SR009,C011,57,54.83,3125.31
TXN01186,2024-01-11,P003,R04,SR004,C029,33,34.91,1152.03
TXN01187,2025-09-24,P002,R01,SR025,C022,91,53.02,4824.82
TXN01188,2024-09-08,P002,R02,SR008,C036,30,53.97,1619.1
TXN01189,2024-12-27,P001,R03,SR021,C014,124,40.79,5057.96
TXN01190,2025-10-12,P006,R05,SR011,C093,67,27.34,1831.78
TXN01191,2025-03-27,P001,R05,SR023,C073,115,40.27,4631.05
TXN01192,2024-06-28,P002,R05,SR023,C081,201,55.53,11161.53
TXN01193,2024-12-07,P002,R01,SR007,C022,93,58.87,5474.91
TXN01194,2024-03-23,P001,R03,SR003,C024,54,37.97,2050.38
TXN01195,2025-03-25,P006,R01,SR019,C043,40,28.67,1146.8
TXN01196,2025-07-29,P004,R01,SR013,C088,66,49.16,3244.56
TXN01197,2024-11-18,P001,R06,SR030,C086,113,39.55,4469.15
TXN01198,2024-09-19,P006,R02,SR020,C069,35,29.74,1040.9
TXN01199,2024-01-28,P005,R04,SR022,C046,23,70.88,1630.24
TXN01200,2024-01-07,P007,R02,SR020,C090,49,45.24,2216.76
TXN01201,2024-11-28,P001,R05,SR017,C032,106,40.34,4276.04
TXN01202,2025-08-29,P005,R02,SR008,C034,47,70.18,3298.46
TXN01203,2025-09-04,P008,R02,SR008,C026,44,30.65,1348.6
TXN01204,2025-08-06,P006,R06,SR018,C087,55,27.92,1535.6
TXN01205,2024-04-21,P005,R05,SR023,C008,45,71.98,3239.1
TXN01206,2024-06-22,P002,R04,SR004,C080,166,53.62,8900.92
TXN01207,2025-02-26,P005,R03,SR015,C025,15,67.66,1014.9
TXN01208,2024-12-14,P002,R02,SR020,C033,161,55.77,8978.97
TXN01209,2024-01-19,P007,R06,SR024,C116,36,42.24,1520.64
TXN01210,2025-10-05,P003,R05,SR023,C115,140,29.8,4172.0
TXN01211,2025-12-26,P008,R05,SR029,C008,16,31.36,501.76
TXN01212,2025-06-11,P001,R03,SR027,C024,73,38.95,2843.35
TXN01213,2025-02-22,P001,R01,SR019,C043,69,38.97,2688.93
TXN01214,2024-04-10,P006,R05,SR011,C084,138,29.56,4079.28
TXN01215,2024-10-12,P008,R01,SR013,C027,27,30.66,827.82
TXN01216,2025-10-06,P005,R02,SR026,C101,76,67.12,5101.12
TXN01217,2025-09-05,P004,R02,SR014,C069,49,48.59,2380.91
TXN01218,2025-04-18,P007,R01,SR025,C027,48,41.05,1970.4
TXN01219,2024-04-16,P001,R06,SR024,C099,60,39.54,2372.4
TXN01220,2025-04-08,P001,R03,SR027,C053,121,39.96,4835.16
TXN01221,2024-06-07,P002,R02,SR008,C071,58,53.18,3084.44
TXN01222,2024-03-28,P006,R01,SR013,C111,127,30.18,3832.86
TXN01223,2025-10-28,P002,R05,SR017,C114,43,57.31,2464.33
TXN01224,2024-11-19,P002,R02,SR020,C058,95,53.97,5127.15
TXN01225,2025-10-20,P001,R02,SR020,C078,188,39.18,7365.84
TXN01226,2025-06-30,P003,R05,SR023,C117,73,34.46,2515.58
TXN01227,2024-01-11,P008,R06,SR006,C085,73,30.67,2238.91
TXN01228,2025-08-14,P001,R06,SR024,C021,58,39.65,2299.7
TXN01229,2024-12-28,P003,R01,SR019,C111,124,34.01,4217.24
TXN01230,2025-06-12,P004,R02,SR002,C108,86,49.63,4268.18
TXN01231,2025-02-18,P003,R03,SR003,C024,61,35.03,2136.83
TXN01232,2024-06-27,P002,R01,SR025,C057,98,57.73,5657.54
TXN01233,2025-09-17,P002,R05,SR011,C114,45,55.25,2486.25
TXN01234,2024-02-11,P004,R04,SR010,C080,123,46.43,5710.89
TXN01235,2024-12-30,P008,R05,SR017,C081,99,32.18,3185.82
TXN01236,2024-07-24,P008,R02,SR002,C058,82,30.47,2498.54
TXN01237,2025-07-31,P004,R05,SR023,C028,80,51.37,4109.6
TXN01238,2024-06-28,P006,R01,SR025,C057,75,28.73,2154.75
TXN01239,2025-03-31,P008,R05,SR023,C081,138,33.97,4687.86
TXN01240,2024-08-09,P007,R03,SR009,C053,48,42.58,2043.84
TXN01241,2024-03-08,P007,R03,SR027,C006,71,44.03,3126.13
TXN01242,2024-07-30,P003,R01,SR007,C017,40,32.04,1281.6
TXN01243,2024-12-11,P003,R02,SR008,C069,27,33.32,899.64
TXN01244,2025-12-26,P008,R05,SR011,C112,51,34.17,1742.67
TXN01245,2024-09-27,P005,R02,SR020,C042,76,69.1,5251.6
TXN01246,2025-03-11,P006,R04,SR004,C091,77,29.91,2303.07
TXN01247,2025-06-30,P003,R02,SR002,C097,38,33.86,1286.68
TXN01248,2024-12-07,P007,R01,SR013,C027,43,42.25,1816.75
TXN01249,2024-01-26,P002,R01,SR013,C119,41,54.69,2242.29
TXN01250,2024-06-11,P002,R03,SR009,C109,45,52.62,2367.9
TXN01251,2025-02-23,P003,R04,SR022,C040,100,32.97,3297.0
TXN01252,2024-05-27,P003,R02,SR020,C069,48,34.23,1643.04
TXN01253,2024-04-13,P005,R04,SR016,C100,56,70.53,3949.68
TXN01254,2025-09-14,P002,R01,SR007,C060,91,56.09,5104.19
TXN01255,2024-01-22,P006,R03,SR015,C003,56,28.51,1596.56
TXN01256,2024-01-19,P008,R01,SR019,C043,30,31.63,948.9
TXN01257,2025-12-21,P003,R01,SR019,C027,36,31.0,1116.0
TXN01258,2024-11-26,P003,R03,SR003,C109,62,31.35,1943.7
TXN01259,2024-07-30,P007,R02,SR008,C007,111,44.3,4917.3
TXN01260,2024-08-25,P001,R02,SR026,C078,158,39.75,6280.5
TXN01261,2024-10-01,P007,R01,SR019,C027,43,42.56,1830.08
TXN01262,2024-04-27,P003,R02,SR020,C026,72,34.25,2466.0
TXN01263,2025-03-24,P002,R02,SR014,C105,55,55.71,3064.05
TXN01264,2025-01-15,P004,R01,SR007,C027,35,48.23,1688.05
TXN01265,2025-07-21,P002,R04,SR028,C103,91,52.85,4809.35
TXN01266,2024-10-31,P008,R01,SR019,C067,90,30.85,2776.5
TXN01267,2024-10-04,P006,R05,SR005,C115,121,28.36,3431.56
TXN01268,2025-12-30,P007,R05,SR023,C084,124,44.73,5546.52
TXN01269,2024-06-09,P002,R05,SR023,C093,90,55.07,4956.3
TXN01270,2025-12-03,P004,R02,SR002,C075,167,46.54,7772.18
TXN01271,2024-06-17,P006,R02,SR008,C075,117,28.48,3332.16
TXN01272,2025-05-30,P003,R06,SR012,C061,103,33.61,3461.83
TXN01273,2024-05-06,P007,R03,SR021,C053,89,42.82,3810.98
TXN01274,2025-09-15,P005,R06,SR006,C085,69,70.15,4840.35
TXN01275,2025-02-11,P002,R06,SR030,C062,53,57.04,3023.12
TXN01276,2024-12-14,P001,R03,SR027,C024,61,39.04,2381.44
TXN01277,2024-03-02,P001,R01,SR001,C057,117,39.19,4585.23
TXN01278,2024-10-13,P002,R05,SR029,C063,65,57.07,3709.55
TXN01279,2025-02-02,P005,R06,SR030,C077,67,67.89,4548.63
TXN01280,2024-09-07,P008,R03,SR021,C011,56,32.47,1818.32
TXN01281,2024-04-03,P001,R05,SR005,C028,149,40.67,6059.83
TXN01282,2024-07-25,P001,R03,SR027,C006,95,40.58,3855.1
TXN01283,2025-12-16,P007,R03,SR009,C019,50,41.45,2072.5
TXN01284,2025-04-25,P001,R02,SR002,C007,282,40.13,11316.66
TXN01285,2024-01-11,P006,R02,SR014,C042,74,27.12,2006.88
TXN01286,2025-09-01,P008,R04,SR004,C039,65,32.67,2123.55
TXN01287,2025-06-24,P004,R02,SR008,C007,144,47.14,6788.16
TXN01288,2025-04-05,P006,R05,SR029,C107,94,28.37,2666.78
TXN01289,2024-04-14,P008,R03,SR027,C072,32,32.53,1040.96
TXN01290,2024-06-07,P004,R03,SR009,C024,48,48.76,2340.48
TXN01291,2025-09-26,P001,R05,SR029,C038,50,39.49,1974.5
TXN01292,2024-06-24,P005,R01,SR001,C067,118,66.16,7806.88
TXN01293,2025-11-29,P004,R04,SR022,C080,122,45.63,5566.86
TXN01294,2025-04-29,P006,R02,SR020,C033,161,30.66,4936.26
TXN01295,2024-02-08,P004,R06,SR012,C074,47,48.47,2278.09
TXN01296,2025-09-20,P001,R06,SR006,C002,124,35.43,4393.32
TXN01297,2025-11-26,P005,R01,SR019,C022,94,72.98,6860.12
TXN01298,2024-11-18,P006,R03,SR021,C025,31,28.97,898.07
TXN01299,2024-07-18,P008,R01,SR013,C017,37,30.71,1136.27
TXN01300,2025-02-15,P004,R02,SR002,C071,79,49.8,3934.2
TXN01301,2024-08-29,P004,R05,SR011,C073,59,50.05,2952.95
TXN01302,2025-05-02,P007,R03,SR009,C109,32,42.15,1348.8
TXN01303,2025-11-09,P001,R01,SR013,C060,124,41.98,5205.52
TXN01304,2025-05-05,P003,R04,SR028,C104,78,33.91,2644.98
TXN01305,2024-03-01,P003,R06,SR018,C098,90,33.8,3042.0
TXN01306,2025-10-23,P008,R01,SR019,C013,84,32.18,2703.12
TXN01307,2025-03-01,P005,R01,SR019,C111,132,63.99,8446.68
TXN01308,2025-02-27,P003,R01,SR001,C060,89,32.91,2928.99
TXN01309,2025-01-19,P002,R05,SR029,C068,47,54.7,2570.9
TXN01310,2024-09-20,P004,R01,SR025,C060,71,48.59,3449.89
TXN01311,2024-10-13,P004,R04,SR016,C048,77,50.37,3878.49
TXN01312,2025-12-04,P001,R01,SR007,C067,137,37.39,5122.43
TXN01313,2024-01-29,P004,R04,SR010,C103,65,45.68,2969.2
TXN01314,2025-05-25,P001,R04,SR004,C005,99,39.08,3868.92
TXN01315,2025-04-01,P005,R01,SR019,C057,74,71.78,5311.72
TXN01316,2024-02-11,P005,R05,SR011,C020,90,67.24,6051.6
TXN01317,2024-07-10,P001,R01,SR019,C013,198,39.07,7735.86
TXN01318,2025-02-09,P002,R04,SR010,C005,88,54.64,4808.32
TXN01319,2025-10-13,P001,R01,SR019,C088,94,42.77,4020.38
TXN01320,2025-06-13,P003,R02,SR008,C034,79,34.13,2696.27
TXN01321,2025-07-03,P002,R04,SR004,C104,96,54.41,5223.36
TXN01322,2024-10-13,P008,R06,SR012,C059,99,34.88,3453.12
TXN01323,2024-07-29,P001,R02,SR002,C033,211,39.25,8281.75
TXN01324,2024-01-08,P006,R05,SR011,C117,75,30.54,2290.5
TXN01325,2024-01-11,P006,R06,SR012,C062,64,27.98,1790.72
TXN01326,2025-04-28,P004,R04,SR010,C004,50,49.79,2489.5
TXN01327,2025-08-28,P001,R01,SR019,C111,196,38.94,7632.24
TXN01328,2025-10-16,P003,R03,SR009,C011,55,33.51,1843.05
TXN01329,2025-01-03,P003,R05,SR023,C073,72,34.26,2466.72
TXN01330,2025-08-22,P001,R01,SR013,C094,93,38.84,3612.12
TXN01331,2025-01-02,P001,R03,SR027,C006,95,40.94,3889.3
TXN01332,2024-10-20,P001,R02,SR014,C075,163,40.37,6580.31
TXN01333,2025-10-23,P001,R05,SR005,C096,68,38.95,2648.6
TXN01334,2025-09-23,P004,R04,SR022,C005,63,47.85,3014.55
TXN01335,2024-02-20,P001,R01,SR001,C031,109,40.18,4379.62
TXN01336,2024-02-17,P005,R06,SR024,C099,44,65.22,2869.68
TXN01337,2024-11-14,P002,R01,SR019,C064,1487,54.52,5288.44
TXN01338,2024-12-22,P004,R05,SR029,C117,47,46.91,2204.77
TXN01339,2024-02-16,P008,R01,SR007,C031,49,33.24,1628.76
TXN01340,2025-03-19,P005,R01,SR001,C013,121,68.24,8257.04
TXN01341,2024-12-01,P006,R03,SR009,C109,37,28.77,1064.49
TXN01342,2025-04-15,P008,R05,SR023,C028,104,32.26,3355.04
TXN01343,2025-10-18,P004,R02,SR020,C108,53,48.8,2586.4
TXN01344,2025-07-01,P002,R01,SR001,C067,145,55.0,7975.0
TXN01345,2025-12-03,P003,R04,SR022,C046,36,33.45,1204.2
TXN01346,2024-03-03,P001,R05,SR005,C028,146,40.82,5959.72
TXN01347,2024-10-23,P002,R03,SR003,C019,90,57.45,5170.5
TXN01348,2025-04-28,P007,R02,SR008,C034,65,43.96,2857.4
TXN01349,2025-09-12,P001,R01,SR001,C022,109,40.94,4462.46
TXN01350,2025-03-20,P005,R01,SR013,C060,98,65.43,6412.14
TXN01351,2025-01-02,P006,R01,SR019,C012,56,29.06,1627.36
TXN01352,2024-11-18,P001,R01,SR007,C119,15,39.43,591.45
TXN01353,2024-03-10,P004,R05,SR029,C115,114,50.13,5714.82
TXN01354,2025-10-28,P003,R06,SR018,C074,35,34.87,1220.45
TXN01355,2025-05-20,P001,R04,SR022,C004,57,41.09,2342.13
TXN01356,2025-09-13,P002,R06,SR018,C079,79,52.33,4134.07
TXN01357,2025-02-20,P003,R05,SR017,C081,98,35.11,3440.78
TXN01358,2024-10-11,P001,R02,SR020,C033,144,42.36,6099.84
TXN01359,2024-09-12,P004,R03,SR015,C006,28,49.02,1372.56
TXN01360,2024-04-21,P008,R05,SR011,C032,94,30.32,2850.08
TXN01361,2024-09-16,P001,R05,SR011,C093,88,41.03,3610.64
TXN01362,2025-09-22,P006,R01,SR013,C094,60,28.66,1719.6
TXN01363,2024-04-23,P007,R03,SR015,C003,64,43.41,2778.24
TXN01364,2024-01-08,P008,R05,SR017,C096,37,30.1,1113.7
TXN01365,2025-10-12,P004,R03,SR015,C003,62,46.65,2892.3
TXN01366,2025-06-01,P007,R01,SR013,C064,90,41.86,3767.4
TXN01367,2024-10-14,P007,R02,SR014,C049,62,44.57,2763.34
TXN01368,2024-03-19,P008,R01,SR001,C013,104,33.07,3439.28
TXN01369,2024-12-04,P004,R01,SR013,C088,52,49.93,2596.36
TXN01370,2025-05-12,P006,R02,SR002,C036,66,27.29,1801.14
TXN01371,2025-03-06,P001,R03,SR021,C024,79,39.87,3149.73
TXN01372,2024-08-13,P008,R03,SR027,C003,73,32.91,2402.43
TXN01373,2025-03-28,P003,R05,SR017,C038,42,33.0,1386.0
TXN01374,2024-04-08,P001,R01,SR001,C119,48,39.31,1886.88
TXN01375,2025-09-27,P002,R01,SR019,C111,157,56.74,8908.18
TXN01376,2025-12-20,P001,R05,SR005,C028,119,42.13,5013.47
TXN01377,2024-09-26,P007,R04,SR016,C095,63,46.04,2900.52
TXN01378,2025-12-02,P003,R02,SR014,C049,80,35.1,2808.0
TXN01379,2024-01-16,P004,R01,SR007,C017,41,51.03,2092.23
TXN01380,2024-09-29,P001,R01,SR019,C027,59,40.87,2411.33
TXN01381,2025-02-04,P001,R04,SR010,C005,74,40.33,2984.42
TXN01382,2025-01-07,P002,R01,SR013,C067,148,51.49,7620.52
TXN01383,2025-03-06,P002,R01,SR007,C017,56,52.6,2945.6
TXN01384,2025-11-07,P001,R05,SR029,C096,78,39.46,3077.88
TXN01385,2024-08-19,P005,R01,SR013,C022,88,63.97,5629.36
TXN01386,2024-12-31,P008,R04,SR010,C046,23,31.69,728.87
TXN01387,2024-08-21,P001,R02,SR020,C097,52,39.46,2051.92
TXN01388,2025-09-05,P008,R01,SR007,C060,52,30.43,1582.36
TXN01389,2024-08-05,P002,R03,SR003,C037,141,51.69,7288.29
TXN01390,2025-10-25,P006,R03,SR015,C011,42,27.96,1174.32
TXN01391,2025-04-22,P007,R06,SR006,C021,79,42.48,3355.92
TXN01392,2025-04-24,P001,R03,SR021,C052,61,37.36,2278.96
TXN01393,2024-08-09,P001,R01,SR019,C094,97,40.95,3972.15
TXN01394,2025-12-10,P007,R02,SR002,C108,76,41.65,3165.4
TXN01395,2025-08-18,P003,R05,SR011,C073,89,32.14,2860.46
TXN01396,2024-01-08,P002,R02,SR002,C026,72,55.55,3999.6
TXN01397,2024-06-18,P001,R01,SR007,C013,149,42.14,6278.86
TXN01398,2025-11-25,P004,R02,SR020,C101,97,48.83,4736.51
TXN01399,2025-11-29,P002,R01,SR001,C043,38,53.66,2039.08
TXN01400,2025-08-26,P003,R01,SR001,,62,34.31,2127.22
TXN01401,2024-08-01,P002,R02,SR002,C058,112,56.68,6348.16
TXN01402,2024-09-13,P004,R05,SR005,C028,86,46.36,3986.96
TXN01403,2025-07-30,P007,R06,SR030,C066,78,44.18,3446.04
TXN01404,2025-08-27,P002,R05,SR029,C032,97,53.03,5143.91
TXN01405,2024-12-12,P005,R04,SR010,C070,90,67.61,6084.9
TXN01406,2025-09-30,P003,R01,SR019,C060,89,34.76,3093.64
TXN01407,2025-05-11,P001,R02,SR002,C034,160,41.5,6640.0
TXN01408,2024-12-10,P005,R04,SR004,C100,55,70.47,3875.85
TXN01409,2025-04-11,P002,R03,SR021,C003,109,54.75,5967.75
TXN01410,2025-01-08,P004,R02,SR026,C007,163,47.34,7716.42
TXN01411,2025-01-13,P006,R01,SR001,C012,60,30.39,1823.4
TXN01412,2025-05-25,P006,R04,SR016,C095,48,30.64,1470.72
TXN01413,2024-12-05,P002,R05,SR017,C073,74,53.05,3925.7
TXN01414,2024-09-01,P003,R01,SR013,C031,76,35.75,2717.0
TXN01415,2025-07-11,P001,R02,SR008,C075,172,41.04,7058.88
TXN01416,2025-07-28,P007,R05,SR005,C117,56,42.7,2391.2
TXN01417,2024-03-13,P007,R02,SR026,C069,34,41.93,1425.62
TXN01418,2024-10-01,P002,R02,SR002,C069,64,53.56,3427.84
TXN01419,2024-06-22,P001,R04,SR028,C039,114,42.16,4806.24
TXN01420,2024-09-15,P005,R01,SR025,C119,32,63.62,2035.84
TXN01421,2025-03-16,P007,R01,SR001,C031,82,44.51,3649.82
TXN01422,2025-10-12,P003,R05,SR017,C114,27,34.41,929.07
TXN01423,2024-07-19,P004,R06,SR018,C106,39,47.7,1860.3
TXN01424,2024-06-28,P001,R04,SR004,C065,64,40.5,2592.0
TXN01425,2024-11-13,P006,R03,SR015,C030,46,29.14,1340.44
TXN01426,2025-12-31,P006,R06,SR006,C061,87,27.22,2368.14
TXN01427,2024-09-12,P002,R01,SR007,C067,116,55.4,6426.4
TXN01428,2024-06-21,P001,R05,SR023,C083,77,38.74,2982.98
TXN01429,2024-07-15,P001,R05,SR023,C073,122,38.11,4649.42
TXN01430,2025-12-14,P003,R03,SR003,C037,123,33.14,4076.22
TXN01431,2024-07-08,P005,R05,SR017,C038,37,65.6,2427.2
TXN01432,2024-12-10,P004,R04,SR016,C100,52,46.19,2401.88
TXN01433,2025-07-13,P004,R05,SR011,C063,74,49.75,3681.5
TXN01434,2024-11-14,P004,R03,SR009,C014,75,48.24,3618.0
TXN01435,2024-11-02,P005,R02,SR020,C026,43,66.32,2851.76
TXN01436,2025-04-09,P004,R06,SR018,C077,79,51.18,4043.22
TXN01437,2024-11-03,P008,R06,SR012,C087,42,30.05,1262.1
TXN01438,2025-08-11,P006,R01,SR001,C022,86,28.78,2475.08
TXN01439,2025-07-05,P004,R01,SR013,C017,44,48.65,2140.6
TXN01440,2024-04-04,P001,R04,SR028,C023,178,41.5,7387.0
TXN01441,2024-11-16,P003,R01,SR013,C060,97,33.99,3297.03
TXN01442,2025-07-27,P002,R02,SR002,C069,72,54.89,3952.08
TXN01443,2024-01-02,P001,R04,SR028,C104,100,38.88,3888.0
TXN01444,2025-02-02,P007,R02,SR014,C069,50,40.54,2027.0
TXN01445,2025-02-13,P003,R03,SR021,C024,55,36.35,1999.25
TXN01446,2024-05-07,P003,R01,SR013,C094,61,34.03,2075.83
TXN01447,2025-08-02,P007,R03,SR009,C003,60,44.52,2671.2
TXN01448,2025-07-14,P007,R02,SR020,C034,110,44.13,4854.3
TXN01449,2025-09-09,P001,R01,SR019,C111,179,38.08,6816.32
TXN01450,2025-04-09,P007,R06,SR024,C062,51,43.86,2236.86
TXN01451,2025-08-10,P001,R05,SR023,C032,134,40.79,5465.86
TXN01452,2024-09-24,P001,R05,SR011,C084,195,40.89,7973.55
TXN01453,2024-03-10,P001,R06,SR018,C066,122,42.5,5185.0
TXN01454,2024-05-05,P001,R06,SR024,C098,127,38.79,4926.33
TXN01455,2025-06-13,P004,R04,SR028,C005,73,48.47,3538.31
TXN01456,2024-03-21,P002,R04,SR010,C010,156,55.34,8633.04
TXN01457,2024-10-21,P001,R06,SR030,C045,125,41.76,5220.0
TXN01458,2024-12-12,P004,R03,SR003,C024,51,48.26,2461.26
TXN01459,2024-06-06,P007,R01,SR025,C017,41,41.49,1701.09
TXN01460,2025-07-16,P004,R05,SR017,C063,73,48.94,3572.62
TXN01461,2024-07-20,P002,R01,SR013,C067,183,54.31,9938.73
TXN01462,2025-08-30,P007,R02,SR008,C058,82,44.26,3629.32
TXN01463,2024-02-10,P003,R01,SR007,C022,85,35.01,2975.85
TXN01464,2025-07-21,P008,R04,SR004,C070,78,30.91,2410.98
TXN01465,2024-05-17,P006,R04,SR028,C104,64,28.46,1821.44
TXN01466,2024-11-09,P006,R01,SR007,C111,103,30.65,3156.95
TXN01467,2024-12-28,P006,R06,SR012,C099,36,29.04,1045.44
TXN01468,2025-11-24,P003,R01,SR013,C060,86,32.37,2783.82
TXN01469,2024-01-07,P007,R03,SR021,C052,48,40.96,1966.08
TXN01470,2024-11-18,P007,R01,SR019,C013,129,41.99,5416.71
TXN01471,2025-07-28,P001,R04,SR028,C004,59,40.75,2404.25
TXN01472,2025-04-09,P008,R05,SR029,C107,67,30.24,2026.08
TXN01473,2025-01-08,P006,R01,SR025,C012,54,29.14,1573.56
TXN01474,2024-06-18,P006,R02,SR026,C036,49,30.21,1480.29
TXN01475,2025-03-20,P006,R04,SR004,C065,36,29.61,1065.96
TXN01476,2025-12-26,P001,R01,SR001,C017,48,38.93,1868.64
TXN01477,2024-02-24,P004,R06,SR024,C035,98,47.85,4689.3
TXN01478,2025-02-23,P007,R03,SR015,C054,51,42.31,2157.81
TXN01479,2024-05-29,P008,R05,SR029,C096,49,31.11,1524.39
TXN01480,2024-12-17,P001,R01,SR001,C088,76,39.97,3037.72
TXN01481,2024-03-25,P001,R05,SR029,C107,122,40.35,4922.7
TXN01482,2024-10-25,P005,R06,SR024,C077,66,69.11,4561.26
TXN01483,2024-11-29,P002,R01,SR013,C031,96,55.57,5334.72
TXN01484,2025-03-25,P002,R03,SR003,C011,66,52.45,3461.7
TXN01485,2025-04-29,P006,R04,SR028,C005,78,28.2,2199.6
TXN01486,2025-03-23,P002,R04,SR028,C104,83,54.21,4499.43
TXN01487,2024-01-22,P006,R02,SR020,C078,131,31.14,4079.34
TXN01488,2025-11-18,P002,R05,SR023,C073,76,56.28,4277.28
TXN01489,2025-02-07,P007,R04,SR004,C065,42,43.74,1837.08
TXN01490,2024-12-06,P002,R01,SR025,C064,118,55.57,6557.26
TXN01491,2025-02-19,P006,R02,SR008,C075,123,28.44,3498.12
TXN01492,2025-08-08,P004,R02,SR020,C101,118,51.96,6131.28
TXN01493,2025-07-25,P008,R01,SR019,C119,19,31.23,593.37
TXN01494,2024-07-01,P004,R06,SR012,C106,68,47.28,3215.04
TXN01495,2025-07-28,P007,R02,SR002,C036,48,41.0,1968.0
TXN01496,2025-11-18,P005,R01,SR013,C057,53,70.19,3720.07
TXN01497,2025-04-06,P002,R02,SR026,C058,136,56.57,7693.52
TXN01498,2025-03-03,P002,R05,SR005,C096,76,56.29,4278.04
TXN01499,2024-05-08,P005,R02,SR002,C092,54,71.04,3836.16
TXN01500,2024-07-25,P001,R02,SR002,C092,67,39.22,2627.74
TXN01501,2024-03-02,P001,R02,SR002,C026,113,40.09,4530.17
TXN01502,2025-06-04,P002,R01,SR019,C088,93,53.47,4972.71
TXN01503,2025-07-13,P003,R03,SR021,C014,110,34.26,3768.6
TXN01504,2024-11-26,P005,R01,SR007,C064,70,69.01,4830.7
TXN01505,2024-12-06,P004,R02,SR020,C042,86,50.16,4313.76
TXN01506,2024-06-01,P003,R04,SR022,C104,65,33.85,2200.25
TXN01507,2025-03-29,P004,R03,SR027,C003,93,46.96,4367.28
TXN01508,2024-06-19,P007,R05,SR029,C107,94,42.65,4009.1
TXN01509,2025-07-08,P002,R02,SR026,C092,57,57.71,3289.47
TXN01510,2024-02-14,P002,R04,SR022,C104,95,57.66,5477.7
TXN01511,2025-11-09,P004,R02,SR002,C090,51,48.36,2466.36
TXN01512,2024-10-21,P008,R01,SR019,C088,48,32.56,1562.88
TXN01513,2025-11-27,P003,R06,SR024,C016,86,34.03,2926.58
TXN01514,2025-12-05,P006,R03,SR027,C041,56,28.52,1597.12
TXN01515,2024-10-05,P003,R06,SR018,C050,21,35.15,738.15
TXN01516,2025-10-16,P001,R03,SR027,C024,68,40.01,2720.68
TXN01517,2024-04-30,P003,R04,SR028,C029,33,33.28,1098.24
TXN01518,2025-11-10,P003,R06,SR024,C106,33,35.18,1160.94
TXN01519,2025-05-19,P008,R05,SR011,C008,55,30.86,1697.3
TXN01520,2025-11-05,P002,R06,SR012,C044,82,55.35,4538.7
TXN01521,2025-02-18,P004,R03,SR027,C024,49,49.64,2432.36
TXN01522,2024-10-22,P004,R02,SR026,C034,67,48.25,3232.75
TXN01523,2024-09-06,P002,R01,SR001,C031,83,59.47,4936.01
TXN01524,2025-06-04,P002,R04,SR016,C070,176,52.69,9273.44
TXN01525,2024-03-24,P006,R03,SR021,C009,39,28.66,1117.74
TXN01526,2025-10-26,P004,R02,SR002,C101,136,50.17,6823.12
TXN01527,2025-06-04,P003,R03,SR027,C052,43,32.42,1394.06
TXN01528,2025-01-12,P006,R06,SR024,C118,33,29.35,968.55
TXN01529,2025-12-02,P003,R03,SR027,C009,48,34.59,1660.32
TXN01530,2025-11-15,P004,R03,SR015,C025,19,48.31,917.89
TXN01531,2025-10-27,P003,R05,SR023,C107,102,34.08,3476.16
TXN01532,2025-10-10,P003,R02,SR008,C101,85,35.34,3003.9
TXN01533,2024-02-29,P003,R06,SR012,C066,110,33.69,3705.9
TXN01534,2024-02-29,P007,R01,SR001,C031,80,42.78,3422.4
TXN01535,2025-07-06,P002,R01,SR025,C013,177,54.23,9598.71
TXN01536,2025-09-29,P006,R03,SR003,C014,103,28.4,2925.2
TXN01537,2025-04-11,P006,R02,SR020,C101,118,28.06,3311.08
TXN01538,2025-12-31,P005,R03,SR027,C014,86,69.88,6009.68
TXN01539,2024-08-04,P003,R04,SR004,C065,49,33.14,1623.86
TXN01540,2024-04-24,P001,R04,SR028,C102,145,41.46,6011.7
TXN01541,2024-02-15,P001,R02,SR008,C092,52,40.91,2127.32
TXN01542,2025-01-15,P005,R02,SR002,C058,118,70.83,8357.94
TXN01543,2025-09-15,P003,R06,SR006,C074,43,33.38,1435.34
TXN01544,2024-08-18,P001,R01,SR007,C027,60,39.34,2360.4
TXN01545,2025-07-17,P001,R02,SR008,C049,116,37.61,4362.76
TXN01546,2025-06-08,P005,R01,SR007,C013,85,73.28,6228.8
TXN01547,2025-06-25,P007,R01,SR019,C012,77,42.69,3287.13
TXN01548,2024-01-26,P002,R01,SR001,C067,173,57.11,9880.03
TXN01549,2025-08-29,P006,R05,SR005,C028,69,29.58,2041.02
TXN01550,2025-06-15,P004,R06,SR030,C077,82,50.66,4154.12
TXN01551,2025-09-10,P005,R01,SR013,C094,61,68.81,4197.41
TXN01552,2024-01-13,P002,R06,SR012,C074,53,56.41,2989.73
TXN01553,2025-07-23,P005,R03,SR021,C018,49,63.37,3105.13
TXN01554,2025-04-18,P002,R01,SR025,C064,103,55.08,5673.24
TXN01555,2025-12-16,P005,R05,SR023,C117,69,70.7,4878.3
TXN01556,2024-04-03,P007,R01,SR025,C013,127,43.1,5473.7
TXN01557,2025-01-18,P004,R04,SR010,C102,72,48.59,3498.48
TXN01558,2024-02-26,P006,R04,SR010,C091,90,30.22,2719.8
TXN01559,2024-01-29,P006,R05,SR023,C093,53,28.82,1527.46
TXN01560,2024-04-10,P002,R05,SR005,C073,80,55.54,4443.2
TXN01561,2025-02-24,P002,R05,SR017,C063,80,56.02,4481.6
TXN01562,2024-06-24,P002,R02,SR002,C069,66,53.78,3549.48
TXN01563,2024-02-12,P004,R01,SR007,C031,77,47.56,3662.12
TXN01564,2024-04-09,P008,R02,SR020,C042,69,33.74,2328.06
TXN01565,2025-07-25,P002,R01,SR001,C022,92,55.05,5064.6
TXN01566,2024-10-24,P002,R01,SR019,C094,72,57.85,4165.2
TXN01567,2024-07-20,P004,R01,SR007,C064,91,49.03,4461.73
TXN01568,2025-02-07,P004,R04,SR010,C080,134,48.07,6441.38
TXN01569,2024-12-21,P002,R05,SR011,C083,58,53.92,3127.36
TXN01570,2024-01-08,P002,R01,SR025,C013,145,56.47,8188.15
TXN01571,2025-08-18,P004,R02,SR008,C058,91,47.52,4324.32
TXN01572,2024-09-01,P007,R04,SR016,C004,55,42.53,2339.15
TXN01573,2024-05-01,P003,R01,SR001,C013,138,35.29,4870.02
TXN01574,2024-06-27,P002,R01,SR001,C031,107,57.76,6180.32
TXN01575,2024-04-21,P001,R02,SR002,C042,163,39.91,6505.33
TXN01576,2025-12-07,P004,R02,SR020,C033,170,52.15,8865.5
TXN01577,2025-09-29,P002,R02,SR026,C078,178,56.58,10071.24
TXN01578,2025-10-07,P007,R05,SR017,C084,97,42.95,4166.15
TXN01579,2024-07-17,P007,R01,SR025,C094,54,42.24,2280.96
TXN01580,2024-02-17,P003,R04,SR016,C023,139,34.06,4734.34
TXN01581,2024-08-28,P002,R04,SR004,C091,98,52.04,5099.92
TXN01582,2024-05-03,P005,R02,SR026,C101,104,67.33,7002.32
TXN01583,2024-09-28,P001,R05,SR029,C117,57,39.26,2237.82
TXN01584,2025-02-22,P004,R04,SR016,C040,77,47.44,3652.88
TXN01585,2024-02-10,P006,R03,SR027,C006,72,27.78,2000.16
TXN01586,2025-11-23,P001,R06,SR030,C089,42,38.72,1626.24
TXN01587,2024-09-18,P001,R05,SR023,C115,213,39.57,8428.41
TXN01588,2024-04-26,P004,R04,SR004,C102,99,47.72,4724.28
TXN01589,2024-08-03,P002,R05,SR023,C063,86,55.64,4785.04
TXN01590,2024-08-22,P002,R01,SR013,C088,76,53.51,4066.76
TXN01591,2025-04-06,P006,R02,SR026,C042,114,28.57,3256.98
TXN01592,2024-03-05,P003,R05,SR005,C096,65,34.07,2214.55
TXN01593,2024-08-18,P001,R02,SR008,C097,23,40.89,940.47
TXN01594,2024-01-29,P007,R05,SR023,C112,73,45.66,3333.18
TXN01595,2025-11-11,P008,R02,SR020,C092,44,34.43,1514.92
TXN01596,2025-01-14,P001,R01,SR019,C012,79,38.82,3066.78
TXN01597,2025-12-17,P003,R06,SR006,C047,51,32.81,1673.31
TXN01598,2025-01-24,P002,R03,SR027,C072,58,54.43,3156.94
TXN01599,2025-08-27,P001,R06,SR012,C116,56,39.46,2209.76
TXN01600,2025-03-03,P004,R02,SR014,C036,44,45.95,2021.8
TXN01601,2025-04-10,P001,R06,SR006,C001,81,41.62,3371.22
TXN01602,2025-08-01,P001,R03,SR021,C003,126,36.8,4636.8
TXN01603,2025-01-14,P006,R01,SR013,C064,101,28.88,2916.88
TXN01604,2025-07-31,P006,R05,SR023,C063,78,28.74,2241.72
TXN01605,2024-07-06,P004,R01,SR019,C012,55,49.93,2746.15
TXN01606,2025-09-20,P006,R01,SR007,C119,24,28.37,680.88
TXN01607,2024-03-25,P003,R01,SR013,C043,49,34.95,1712.55
TXN01608,2024-04-22,P008,R03,SR009,C054,35,31.59,1105.65
TXN01609,2025-08-30,P005,R02,SR002,C105,54,68.42,3694.68
TXN01610,2024-06-09,P007,R02,SR026,C049,89,41.13,3660.57
TXN01611,2025-07-28,P005,R01,SR013,C031,72,68.2,4910.4
TXN01612,2025-10-20,P001,R02,SR020,C090,76,39.7,3017.2
TXN01613,2025-12-16,P005,R01,SR025,C088,47,67.93,3192.71
TXN01614,2024-03-14,P002,R01,SR007,C057,81,54.34,4401.54
TXN01615,2025-10-24,P002,R01,SR007,C111,126,52.78,6650.28
TXN01616,2024-07-28,P002,R04,SR004,C100,65,52.93,3440.45
TXN01617,2024-01-23,P004,R01,SR013,C088,62,46.96,2911.52
TXN01618,2024-04-13,P006,R06,SR012,C120,58,26.76,1552.08
TXN01619,2024-04-10,P002,R01,SR013,C031,106,57.0,6042.0
TXN01620,2025-03-02,P004,R03,SR027,C037,102,50.67,5168.34
TXN01621,2025-01-05,P006,R01,SR019,C043,42,29.09,1221.78
TXN01622,2025-12-27,P006,R04,SR022,C080,134,30.09,4032.06
TXN01623,2024-12-14,P006,R04,SR016,C010,116,29.36,3405.76
TXN01624,2024-12-13,P008,R02,SR002,C101,90,31.06,2795.4
TXN01625,2024-09-28,P002,R03,SR009,C024,45,55.51,2497.95
TXN01626,2025-04-24,P006,R02,SR014,C101,95,27.13,2577.35
TXN01627,2025-12-30,P004,R05,SR011,C107,94,48.78,4585.32
TXN01628,2024-05-30,P005,R01,SR007,C055,50,71.29,3564.5
TXN01629,2025-03-31,P002,R05,SR011,C114,72,59.0,4248.0
TXN01630,2025-09-27,P005,R01,SR001,C057,50,66.51,3325.5
TXN01631,2025-05-02,P002,R04,SR016,C048,100,52.02,5202.0
TXN01632,2025-05-26,P007,R01,SR007,C094,60,39.92,2395.2
TXN01633,2024-05-21,P008,R03,SR021,C018,47,32.57,1530.79
TXN01634,2024-11-06,P002,R02,SR002,C033,179,56.75,10158.25
TXN01635,2025-06-13,P005,R03,SR021,C024,61,68.82,4198.02
TXN01636,2025-05-03,P004,R03,SR021,C024,38,48.14,1829.32
TXN01637,2025-01-14,P001,R03,SR003,C003,125,40.11,5013.75
TXN01638,2025-07-05,P002,R02,SR026,C078,138,58.55,8079.9
TXN01639,2025-06-09,P004,R06,SR012,C098,108,49.32,5326.56
TXN01640,2024-02-02,P002,R01,SR001,C064,125,57.47,7183.75
TXN01641,2025-12-28,P005,R04,SR022,C102,90,70.99,6389.1
TXN01642,2024-05-08,P006,R01,SR013,C027,44,30.35,1335.4
TXN01643,2025-02-06,P004,R04,SR022,C091,92,51.55,4742.6
TXN01644,2025-03-22,P008,R02,SR026,C105,42,32.37,1359.54
TXN01645,2024-06-05,P006,R01,SR007,C119,23,28.68,659.64
TXN01646,2024-11-27,P003,R04,SR022,C039,83,33.51,2781.33
TXN01647,2024-02-02,P003,R01,SR001,C111,125,33.59,4198.75
TXN01648,2025-02-28,P001,R06,SR006,C085,177,39.94,7069.38
TXN01649,2025-04-05,P006,R02,SR014,C071,59,28.58,1686.22
TXN01650,2024-12-18,P003,R01,SR007,C027,45,36.09,1624.05
TXN01651,2025-08-07,P004,R03,SR009,C019,50,49.9,2495.0
TXN01652,2025-03-27,P002,R05,SR029,C032,108,55.19,5960.52
TXN01653,2025-01-06,P001,R05,SR011,C032,158,38.49,6081.42
TXN01654,2024-01-29,P002,R03,SR015,C109,29,55.2,1600.8
TXN01655,2024-07-07,P006,R01,SR013,C031,54,27.42,1480.68
TXN01656,2025-03-13,P008,R01,SR025,C043,25,30.83,770.75
TXN01657,2024-08-07,P005,R01,SR007,C055,49,64.57,3163.93
TXN01658,2025-06-06,P008,R06,SR006,C110,62,32.48,2013.76
TXN01659,2025-09-04,P006,R02,SR026,C078,143,27.77,3971.11
TXN01660,2025-06-26,P006,R02,SR020,C058,103,28.36,2921.08
TXN01661,2024-07-27,P007,R01,SR013,C055,63,41.45,2611.35
TXN01662,2025-04-09,P002,R03,SR021,C025,39,55.19,2152.41
TXN01663,2024-10-03,P003,R02,SR002,C075,158,35.67,5635.86
TXN01664,2025-01-17,P005,R06,SR012,C110,64,68.35,4374.4
TXN01665,2024-11-11,P006,R03,SR009,C024,27,27.08,731.16
TXN01666,2024-05-10,P004,R04,SR028,C039,92,51.48,4736.16
TXN01667,2025-04-18,P002,R02,SR026,C026,78,54.99,4289.22
TXN01668,2024-03-16,P002,R06,SR024,C076,69,56.32,3886.08
TXN01669,2025-02-08,P008,R01,SR007,C057,38,34.61,1315.18
TXN01670,2024-05-17,P001,R01,SR007,C088,71,37.32,2649.72
TXN01671,2025-11-04,P008,R02,SR014,C105,24,29.12,698.88
TXN01672,2024-02-24,P003,R06,SR006,C098,144,33.72,4855.68
TXN01673,2025-02-17,P008,R02,SR002,C069,59,33.92,2001.28
TXN01674,2024-02-09,P002,R01,SR007,C055,65,52.03,3381.95
TXN01675,2025-02-14,P005,R03,SR009,C037,78,65.85,5136.3
TXN01676,2024-05-22,P004,R05,SR017,C081,138,50.88,7021.44
TXN01677,2025-05-17,P001,R06,SR030,C050,49,39.81,1950.69
TXN01678,2024-02-08,P004,R03,SR015,C052,26,47.95,1246.7
TXN01679,2025-11-16,P007,R03,SR027,C011,58,44.92,2605.36
TXN01680,2024-09-18,P006,R05,SR011,C096,59,29.33,1730.47
TXN01681,2025-05-02,P006,R01,SR025,C119,24,28.68,688.32
TXN01682,2025-04-19,P003,R03,SR027,C109,51,33.98,1732.98
TXN01683,2024-06-03,P006,R04,SR010,C102,87,27.45,2388.15
TXN01684,2025-10-09,P002,R03,SR003,C030,75,60.45,4533.75
TXN01685,2024-05-30,P007,R02,SR008,C078,116,42.29,4905.64
TXN01686,2024-03-25,P005,R02,SR014,C075,106,70.98,7523.88
TXN01687,2024-07-27,P003,R01,SR007,C088,57,33.88,1931.16
TXN01688,2024-11-28,P006,R02,SR002,C049,80,28.71,2296.8
TXN01689,2025-01-27,P008,R01,SR019,C067,112,31.52,3530.24
TXN01690,2025-11-23,P004,R01,SR019,C094,895,47.83,2487.16
TXN01691,2024-05-28,P006,R03,SR027,C053,85,29.12,2475.2
TXN01692,2024-12-17,P001,R04,SR028,C102,115,40.85,4697.75
TXN01693,2025-06-08,P001,R01,SR019,C022,162,39.47,6394.14
TXN01694,2025-01-31,P007,R04,SR022,C005,74,40.86,3023.64
TXN01695,2024-01-23,P006,R04,SR004,C103,57,30.3,1727.1
TXN01696,2024-05-05,P005,R06,SR024,C047,39,67.16,2619.24
TXN01697,2024-07-05,P003,R06,SR018,C116,47,34.08,1601.76
TXN01698,2024-08-31,P008,R02,SR002,C097,29,32.36,938.44
TXN01699,2024-04-13,P001,R01,SR001,C017,67,37.77,2530.59
TXN01700,2024-04-17,P001,R02,SR014,C036,45,39.42,1773.9
TXN01701,2025-04-08,P005,R05,SR023,C038,61,68.62,4185.82
TXN01702,2025-07-03,P002,R02,SR002,C042,143,54.19,7749.17
TXN01703,2024-02-15,P001,R05,SR023,C068,72,37.55,2703.6
TXN01704,2024-12-29,P004,R04,SR010,C091,89,49.9,4441.1
TXN01705,2025-01-04,P007,R01,SR007,C067,106,42.02,4454.12
TXN01706,2025-01-07,P008,R01,SR019,C013,117,32.63,3817.71
TXN01707,2025-11-20,P002,R05,SR029,C073,58,52.35,3036.3
TXN01708,2025-05-07,P006,R03,SR009,C030,50,29.64,1482.0
TXN01709,2025-09-27,P001,R05,SR005,C117,93,40.08,3727.44
TXN01710,2024-01-19,P003,R02,SR020,C092,45,35.09,1579.05
TXN01711,2024-10-10,P001,R01,SR019,C017,42,38.19,1603.98
TXN01712,2025-01-05,P001,R01,SR025,C027,63,39.42,2483.46
TXN01713,2025-05-14,P001,R03,SR021,C072,65,38.26,2486.9
TXN01714,2025-04-24,P008,R03,SR003,C053,61,31.29,1908.69
TXN01715,2025-02-07,P006,R04,SR010,C010,103,29.37,3025.11
TXN01716,2025-04-24,P003,R02,SR026,C101,133,34.88,4639.04
TXN01717,2024-01-10,P007,R04,SR028,C080,119,41.17,4899.23
TXN01718,2024-09-13,P007,R04,SR028,C040,72,39.86,2869.92
TXN01719,2025-01-06,P003,R02,SR014,C007,126,34.68,4369.68
TXN01720,2024-03-16,P004,R01,SR013,C022,98,49.85,4885.3
TXN01721,2024-04-22,P001,R01,SR007,C027,55,42.3,2326.5
TXN01722,2024-12-23,P001,R02,SR026,C108,95,39.74,3775.3
TXN01723,2025-11-22,P002,R01,SR001,C064,115,53.2,6118.0
TXN01724,2025-11-04,P003,R03,SR009,C011,61,33.18,2023.98
TXN01725,2024-08-09,P001,R01,SR025,C027,50,39.08,1954.0
TXN01726,2025-01-23,P001,R06,SR024,C035,108,37.75,4077.0
TXN01727,2024-08-08,P003,R01,SR019,C012,73,33.07,2414.11
TXN01728,2025-07-26,P005,R02,SR008,C034,67,64.88,4346.96
TXN01729,2024-09-15,P001,R05,SR017,C032,110,42.91,4720.1
TXN01730,2024-02-09,P006,R03,SR021,C052,50,28.22,1411.0
TXN01731,2025-10-03,P005,R03,SR021,C109,41,68.96,2827.36
TXN01732,2024-05-31,P005,R06,SR030,C118,34,68.5,2329.0
TXN01733,2025-12-09,P001,R01,SR013,C119,45,37.19,1673.55
TXN01734,2024-06-21,P007,R02,SR002,C036,57,39.59,2256.63
TXN01735,2025-08-03,P007,R03,SR003,C072,52,40.21,2090.92
TXN01736,2024-10-29,P005,R03,SR027,C009,42,64.91,2726.22
TXN01737,2024-11-11,P006,R05,SR011,C081,133,29.24,3888.92
TXN01738,2025-05-20,P006,R05,SR023,C028,108,28.03,3027.24
TXN01739,2025-04-09,P001,R05,SR029,C063,78,37.29,2908.62
TXN01740,2024-07-29,P001,R01,SR019,C022,144,40.42,5820.48
TXN01741,2024-06-12,P007,R06,SR018,C059,113,44.21,4995.73
TXN01742,2024-12-11,P001,R03,SR027,C041,84,37.89,3182.76
TXN01743,2024-12-25,P007,R01,SR001,C060,90,42.64,3837.6
TXN01744,2024-12-22,P002,R02,SR026,C036,57,53.1,3026.7
TXN01745,2024-10-23,P006,R03,SR027,C019,65,27.92,1814.8
TXN01746,2024-02-04,P002,R01,SR025,C022,122,51.05,6228.1
TXN01747,2025-12-07,P002,R02,SR014,C069,48,57.1,2740.8
TXN01748,2024-03-16,P001,R01,SR007,C064,124,40.13,4976.12
TXN01749,2025-06-09,P003,R01,SR001,C060,96,35.47,3405.12
TXN01750,2025-02-12,P007,R02,SR002,C071,88,41.68,3667.84
TXN01751,2024-01-21,P006,R03,SR003,C018,76,30.92,2349.92
TXN01752,2024-11-11,P003,R02,SR008,C071,51,32.98,1681.98
TXN01753,2025-11-11,P005,R01,SR013,C031,63,71.19,4484.97
TXN01754,2024-08-08,P003,R05,SR005,C115,117,32.9,3849.3
TXN01755,2024-10-07,P007,R03,SR027,C003,85,39.82,3384.7
TXN01756,2025-05-11,P008,R02,SR020,C058,73,31.27,2282.71
TXN01757,2024-06-27,P005,R04,SR004,C039,78,70.16,5472.48
TXN01758,2025-07-02,P005,R03,SR021,C053,77,71.82,5530.14
TXN01759,2025-09-27,P003,R05,SR023,C107,112,35.45,3970.4
TXN01760,2025-11-30,P001,R06,SR006,C116,57,39.95,2277.15
TXN01761,2024-10-29,P005,R02,SR026,C034,50,69.54,3477.0
TXN01762,2025-09-11,P004,R01,SR025,C088,53,50.55,2679.15
TXN01763,2025-03-20,P005,R05,SR023,C068,64,68.59,4389.76
TXN01764,2025-07-15,P006,R02,SR026,C042,102,29.81,3040.62
TXN01765,2025-09-16,P001,R01,SR013,C060,133,38.06,5061.98
TXN01766,2025-05-02,P002,R03,SR015,C030,52,55.36,2878.72
TXN01767,2025-04-07,P003,R02,SR002,C007,180,31.11,5599.8
TXN01768,2024-05-20,P003,R04,SR004,C029,27,32.7,882.9
TXN01769,2024-10-15,P004,R06,SR012,C079,99,50.56,5005.44
TXN01770,2024-08-25,P003,R01,SR013,C067,147,33.23,4884.81
TXN01771,2024-09-09,P001,R04,SR004,C104,68,42.51,2890.68
TXN01772,2024-08-13,P002,R03,SR021,C109,35,51.59,1805.65
TXN01773,2024-03-30,P001,R05,SR017,C008,64,40.95,2620.8
TXN01774,2024-08-04,P004,R06,SR006,C050,41,48.96,2007.36
TXN01775,2025-10-18,P006,R03,SR021,C006,62,28.94,1794.28
TXN01776,2025-01-26,P001,R05,SR005,C038,58,40.25,2334.5
TXN01777,2024-12-17,P001,R04,SR010,C046,33,38.52,1271.16
TXN01778,2025-01-10,P002,R02,SR014,C036,40,56.65,2266.0
TXN01779,2024-03-22,P005,R01,SR001,C043,40,66.66,2666.4
TXN01780,2025-09-28,P007,R01,SR007,C022,66,41.07,2710.62
TXN01781,2025-06-20,P002,R05,SR023,C114,67,54.65,3661.55
TXN01782,2024-05-04,P003,R05,SR029,C063,59,33.95,2003.05
TXN01783,2025-02-27,P006,R01,SR013,C055,52,28.91,1503.32
TXN01784,2025-11-09,P004,R02,SR014,C097,28,51.08,1430.24
TXN01785,2025-02-12,P005,R01,SR001,C064,72,67.65,4870.8
TXN01786,2024-08-26,P003,R04,SR010,C004,26,34.37,893.62
TXN01787,2024-07-21,P006,R05,SR017,C081,116,31.17,3615.72
TXN01788,2024-03-14,P006,R02,SR014,C090,42,28.55,1199.1
TXN01789,2025-07-04,P002,R03,SR003,C109,66,56.74,3744.84
TXN01790,2024-01-02,P008,R03,SR009,C041,38,31.7,1204.6
TXN01791,2025-01-29,P008,R01,SR019,C027,48,32.91,1579.68
TXN01792,2025-11-09,P002,R04,SR016,C004,43,58.09,2497.87
TXN01793,2025-07-16,P002,R02,SR026,C105,58,55.49,3218.42
TXN01794,2025-01-22,P007,R04,SR028,C102,77,43.14,3321.78
TXN01795,2024-12-11,P001,R03,SR009,C009,42,40.58,1704.36
TXN01796,2024-02-06,P008,R02,SR020,C071,48,31.08,1491.84
TXN01797,2025-06-19,P003,R01,SR007,C055,59,36.42,2148.78
TXN01798,2025-01-26,P001,R04,SR004,C104,92,39.08,3595.36
TXN01799,2025-09-11,P007,R03,SR021,C011,54,40.83,2204.82
TXN01800,2025-02-17,P005,R05,SR005,C056,34,68.61,2332.74
TXN01801,2024-05-23,P003,R01,SR001,C119,32,35.05,1121.6
TXN01802,2025-07-20,P001,R04,SR022,C039,140,43.3,6062.0
TXN01803,2025-03-17,P002,R05,SR029,C008,58,57.75,3349.5
TXN01804,2024-08-23,P001,R05,SR005,C056,62,39.75,2464.5
TXN01805,2024-03-15,P002,R05,SR017,C068,58,56.54,3279.32
TXN01806,2024-09-12,P006,R01,SR001,C111,115,29.17,3354.55
TXN01807,2024-08-15,P008,R02,SR014,C108,36,31.22,1123.92
TXN01808,2024-07-30,P008,R04,SR028,C070,81,30.11,2438.91
TXN01809,2024-11-18,P001,R04,SR004,C070,158,40.84,6452.72
TXN01810,2024-02-14,P008,R03,SR021,C053,52,31.0,1612.0
TXN01811,2024-11-14,P003,R02,SR020,C036,45,33.74,1518.3
TXN01812,2025-05-09,P004,R02,SR014,C036,41,49.22,2018.02
TXN01813,2024-10-15,P007,R01,SR001,C094,49,44.02,2156.98
TXN01814,2025-01-25,P001,R06,SR024,C110,80,39.61,3168.8
TXN01815,2025-10-07,P002,R04,SR016,C102,84,54.68,4593.12
TXN01816,2025-03-02,P007,R02,SR002,C097,27,42.3,1142.1
TXN01817,2025-08-22,P002,R01,SR013,C013,128,52.53,6723.84
TXN01818,2025-08-11,P007,R02,SR008,C090,35,44.11,1543.85
TXN01819,2024-11-28,P003,R01,SR007,C017,44,32.48,1429.12
TXN01820,2025-08-09,P006,R03,SR009,C019,56,28.62,1602.72
TXN01821,2025-09-05,P006,R03,SR015,C014,57,30.65,1747.05
TXN01822,2024-11-07,P002,R06,SR012,C047,45,53.63,2413.35
TXN01823,2025-04-10,P003,R01,SR007,C017,42,35.19,1477.98
TXN01824,2025-10-13,P004,R01,SR013,C031,70,49.11,3437.7
TXN01825,2024-08-07,P001,R01,SR007,C111,146,37.59,5488.14
TXN01826,2024-04-03,P001,R06,SR018,C066,128,41.8,5350.4
TXN01827,2025-05-11,P007,R01,SR025,C012,51,42.47,2165.97
TXN01828,2024-04-19,P004,R01,SR025,C012,63,47.4,2986.2
TXN01829,2025-11-05,P003,R03,SR027,C030,73,33.99,2481.27
TXN01830,2025-12-03,P004,R04,SR028,C010,109,45.72,4983.48
TXN01831,2024-01-14,P008,R05,SR017,C115,88,31.33,2757.04
TXN01832,2025-06-12,P006,R04,SR004,C048,60,31.52,1891.2
TXN01833,2024-07-31,P004,R02,SR026,C069,51,48.07,2451.57
TXN01834,2025-05-19,P006,R01,SR019,C017,44,29.34,1290.96
TXN01835,2025-10-24,P006,R04,SR016,C010,124,28.32,3511.68
TXN01836,2024-09-22,P001,R01,SR019,C043,44,41.18,1811.92
TXN01837,2024-12-26,P004,R03,SR027,C009,49,49.67,2433.83
TXN01838,2025-11-23,P008,R02,SR026,C105,31,31.87,987.97
TXN01839,2024-04-01,P006,R01,SR013,C057,68,30.67,2085.56
TXN01840,2025-04-23,P002,R06,SR006,C016,135,53.67,7245.45
TXN01841,2025-08-24,P003,R01,SR001,C064,78,32.08,2502.24
TXN01842,2025-07-02,P003,R04,SR010,C095,65,35.23,2289.95
TXN01843,2024-12-16,P002,R01,SR025,C012,78,53.77,4194.06
TXN01844,2024-01-17,P002,R04,SR022,C023,157,58.82,9234.74
TXN01845,2024-02-11,P001,R05,SR005,C028,121,42.65,5160.65
TXN01846,2024-12-09,P003,R01,SR025,C119,41,35.52,1456.32
TXN01847,2024-03-20,P001,R01,SR013,C064,123,40.65,4999.95
TXN01848,2024-05-15,P003,R06,SR024,C035,92,35.69,3283.48
TXN01849,2024-12-10,P007,R01,SR025,C027,35,42.39,1483.65
TXN01850,2024-10-26,P004,R02,SR014,C105,43,45.96,1976.28
TXN01851,2025-06-29,P002,R99,SR014,C034,101,53.01,5354.01
TXN01852,2025-08-28,P005,R03,SR021,C030,61,67.08,4091.88
TXN01853,2024-02-09,P001,R04,SR010,C102,130,41.48,5392.4
TXN01854,2025-02-04,P006,R04,SR016,C080,115,29.63,3407.45
TXN01855,2024-07-21,P002,R01,SR007,C064,90,56.68,5101.2
TXN01856,2024-04-05,P001,R01,SR013,C111,207,39.08,8089.56
TXN01857,2024-01-01,P003,R04,SR010,C005,68,33.5,2278.0
TXN01858,2024-01-12,P002,R02,SR020,C033,150,54.66,8199.0
TXN01859,2025-09-24,P006,R02,SR020,C033,127,29.22,3710.94
TXN01860,2024-11-08,P008,R01,SR007,C060,51,30.68,1564.68
TXN01861,2024-01-18,P008,R06,SR006,C050,28,33.73,944.44
TXN01862,2024-06-24,P003,R01,SR025,C027,40,33.56,1342.4
TXN01863,2025-08-09,P007,R06,SR024,C113,55,44.63,2454.65
TXN01864,2025-12-07,P002,R01,SR019,C017,55,55.24,3038.2
TXN01865,2025-03-11,P002,R01,SR019,C012,79,56.37,4453.23
TXN01866,2024-08-04,P006,R01,SR025,C012,56,29.04,1626.24
TXN01867,2025-12-20,P003,R03,SR003,C052,51,36.72,1872.72
TXN01868,2024-07-09,P007,R02,SR026,C033,134,44.73,5993.82
TXN01869,2024-08-06,P001,R01,SR001,C094,89,40.38,3593.82
TXN01870,2024-02-13,P006,R04,SR028,C095,68,30.82,2095.76
TXN01871,2024-04-07,P001,R03,SR027,C019,109,39.66,4322.94
TXN01872,2024-06-04,P008,R01,SR001,C027,31,31.67,981.77
TXN01873,2024-08-16,P001,R04,SR010,C070,153,38.78,5933.34
TXN01874,2025-04-08,P002,R06,SR024,C116,58,58.6,3398.8
TXN01875,2024-05-06,P001,R02,SR008,C078,166,41.79,6937.14
TXN01876,2024-06-10,P008,R05,SR029,C081,91,31.7,2884.7
TXN01877,2024-12-21,P002,R04,SR010,C103,85,53.47,4544.95
TXN01878,2024-06-03,P001,R01,SR001,C055,86,41.46,3565.56
TXN01879,2025-11-08,P002,R01,SR025,C017,41,54.92,2251.72
TXN01880,2025-06-22,P004,R02,SR026,C036,53,51.79,2744.87
TXN01881,2024-04-26,P008,R02,SR014,C033,85,33.57,2853.45
TXN01882,2024-09-07,P002,R06,SR030,C062,51,53.36,2721.36
TXN01883,2025-04-30,P001,R02,SR008,C042,151,40.21,6071.71
TXN01884,2024-08-26,P002,R05,SR005,C068,67,55.1,3691.7
TXN01885,2024-10-30,P003,R02,SR002,C075,144,34.57,4978.08
TXN01886,2025-04-06,P005,R01,SR001,C088,54,67.31,3634.74
TXN01887,2024-07-28,P006,R01,SR019,C094,53,28.81,1526.93
TXN01888,2024-06-01,P001,R04,SR022,C004,63,41.54,2617.02
TXN01889,2024-09-12,P002,R05,SR023,C032,112,55.4,6204.8
TXN01890,2025-11-25,P003,R02,SR020,C101,96,35.87,3443.52
TXN01891,2025-10-22,P003,R05,SR005,C081,127,34.14,4335.78
TXN01892,2025-08-24,P006,R02,SR014,C026,62,28.28,1753.36
TXN01893,2025-11-06,P001,R01,SR007,C017,52,41.26,2145.52
TXN01894,2025-04-30,P006,R02,SR020,C049,116,27.75,3219.0
TXN01895,2024-08-05,P004,R01,SR007,C012,52,48.34,2513.68
TXN01896,2024-10-31,P001,R01,SR025,C027,60,37.73,2263.8
TXN01897,2025-09-22,P002,R05,SR017,C073,77,57.01,4389.77
TXN01898,2024-02-24,P002,R05,SR005,C115,181,57.83,10467.23
TXN01899,2024-12-23,P006,R01,SR001,C064,78,29.21,2278.38
TXN01900,2024-03-11,P008,R05,SR005,C020,92,32.33,2974.36
TXN01901,2024-05-01,P001,R05,SR029,C038,52,41.6,2163.2
TXN01902,2025-06-06,P003,R02,SR002,C033,209,32.64,6821.76
TXN01903,2024-09-30,P007,R04,SR028,C046,34,41.3,1404.2
TXN01904,2025-01-30,P005,R02,SR026,C078,139,64.68,8990.52
TXN01905,2024-06-07,P001,R04,SR022,C023,194,43.55,8448.7
TXN01906,2025-01-13,P002,R02,SR014,C097,39,56.51,2203.89
TXN01907,2025-12-08,P005,R01,SR013,C013,108,68.88,7439.04
TXN01908,2024-05-25,P006,R03,SR009,C041,57,30.1,1715.7
TXN01909,2024-10-19,P005,R01,SR025,C119,26,75.04,1951.04
TXN01910,2025-06-01,P006,R01,SR007,C060,71,29.78,2114.38
TXN01911,2025-12-17,P001,R05,SR005,C056,65,39.89,2592.85
TXN01912,2025-11-20,P001,R01,SR007,C094,54,39.53,2134.62
TXN01913,2024-11-23,P005,R01,SR001,C017,41,69.6,2853.6
TXN01914,2025-08-03,P002,R05,SR017,C056,45,56.8,2556.0
TXN01915,2025-03-07,P001,R02,SR026,C108,112,39.03,4371.36
TXN01916,2025-03-20,P002,R02,SR026,C097,51,55.0,2805.0
TXN01917,2024-02-01,P002,R05,SR023,C063,91,52.79,4803.89
TXN01918,2025-11-07,P004,R03,SR021,C018,46,49.32,2268.72
TXN01919,2024-04-05,P001,R04,SR004,C010,180,40.13,7223.4
TXN01920,2024-08-25,P005,R02,SR026,C007,97,71.51,6936.47
TXN01921,2024-04-05,P002,R01,SR007,C064,97,55.38,5371.86
TXN01922,2024-09-10,P001,R01,SR001,C088,73,39.16,2858.68
TXN01923,2025-06-30,P003,R03,SR009,C019,62,33.6,2083.2
TXN01924,2025-12-17,P001,R01,SR007,C060,104,38.61,4015.44
TXN01925,2025-05-01,P003,R05,SR023,C032,129,33.69,4346.01
TXN01926,2025-12-26,P003,R03,SR009,C024,41,31.8,1303.8
TXN01927,2024-09-20,P005,R04,SR028,C104,57,66.84,3809.88
TXN01928,2025-02-01,P003,R05,SR011,C114,47,35.62,1674.14
TXN01929,2025-01-19,P002,R06,SR018,C099,43,55.79,2398.97
TXN01930,2024-03-08,P002,R02,SR008,C071,60,57.88,3472.8
TXN01931,2024-01-15,P003,R02,SR020,C101,122,34.51,4210.22
TXN01932,2024-09-02,P003,R03,SR021,C072,45,33.85,1523.25
TXN01933,2024-08-18,P006,R02,SR014,C036,36,30.61,1101.96
TXN01934,2025-12-21,P003,R01,SR007,C064,88,33.79,2973.52
TXN01935,2024-07-29,P003,R04,SR010,C029,24,32.99,791.76
TXN01936,2024-02-05,P004,R05,SR011,C028,120,50.0,6000.0
TXN01937,2024-12-03,P001,R04,SR010,C040,105,40.46,4248.3
TXN01938,2025-12-04,P004,R03,SR021,C109,54,48.42,2614.68
TXN01939,2024-06-21,P007,R06,SR030,C087,54,44.54,2405.16
TXN01940,2024-08-10,P001,R04,SR010,C046,33,39.55,1305.15
TXN01941,2025-08-12,P006,R04,SR028,C040,68,29.06,1976.08
TXN01942,2025-07-30,P006,R01,SR025,C060,88,30.58,2691.04
TXN01943,2024-10-09,P002,R01,SR019,C031,99,54.85,5430.15
TXN01944,2025-10-02,P004,R02,SR014,C034,75,48.85,3663.75
TXN01945,2024-05-29,P003,R02,SR026,C034,75,35.21,2640.75
TXN01946,2025-08-30,P003,R01,SR025,C111,119,33.92,4036.48
TXN01947,2024-09-13,P002,R01,SR013,C060,119,56.76,6754.44
TXN01948,2024-05-05,P003,R01,SR013,C055,68,31.66,2152.88
TXN01949,2025-01-07,P008,R04,SR028,C103,58,32.05,1858.9
TXN01950,2024-04-22,P003,R02,SR014,C049,89,32.29,2873.81
TXN01951,2025-02-13,P008,R03,SR021,,36,32.69,1176.84
TXN01952,2024-02-09,P001,R02,SR008,C090,63,39.18,2468.34
TXN01953,2024-08-04,P006,R02,SR014,C007,96,31.02,2977.92
TXN01954,2025-11-27,P003,R04,SR004,C065,36,35.98,1295.28
TXN01955,2025-03-09,P004,R03,SR027,C003,106,50.6,5363.6
TXN01956,2025-03-01,P007,R02,SR014,C090,51,40.58,2069.58
TXN01957,2025-01-13,P006,R01,SR007,C043,33,29.46,972.18
TXN01958,2025-08-01,P008,R06,SR018,C106,28,31.74,888.72
TXN01959,2024-09-20,P002,R01,SR019,C031,114,54.12,6169.68
TXN01960,2025-11-10,P006,R06,SR024,C062,30,28.31,849.3
TXN01961,2024-03-18,P001,R01,SR007,C027,62,41.56,2576.72
TXN01962,2024-11-11,P005,R06,SR012,C116,34,70.2,2386.8
TXN01963,2024-07-14,P008,R02,SR026,C069,40,30.58,1223.2
TXN01964,2024-02-12,P003,R01,SR001,C057,68,34.47,2343.96
TXN01965,2025-07-22,P005,R01,SR013,C031,80,65.68,5254.4
TXN01966,2024-12-06,P007,R01,SR025,C094,59,44.81,2643.79
TXN01967,2025-03-10,P003,R06,SR024,C089,30,35.43,1062.9
TXN01968,2025-08-05,P002,R05,SR023,C096,89,54.14,4818.46
TXN01969,2025-12-22,P006,R03,SR009,C082,50,29.29,1464.5
TXN01970,2025-06-17,P005,R01,SR025,C055,49,66.25,3246.25
TXN01971,2024-03-22,P007,R05,SR017,C107,103,45.9,4727.7
TXN01972,2025-06-12,P001,R06,SR024,C062,53,38.82,2057.46
TXN01973,2025-02-03,P004,R02,SR026,C034,83,52.2,4332.6
TXN01974,2024-02-11,P006,R01,SR025,C022,87,26.82,2333.34
TXN01975,2024-09-24,P006,R05,SR029,C038,36,30.77,1107.72
TXN01976,2025-04-17,P003,R03,SR021,C025,34,33.46,1137.64
TXN01977,2024-10-07,P002,R03,SR015,C014,73,55.56,4055.88
TXN01978,2024-03-19,P004,R01,SR001,C013,123,49.93,6141.39
TXN01979,2024-10-06,P003,R04,SR028,C065,46,34.81,1601.26
TXN01980,2024-01-23,P002,R03,SR027,C006,92,54.78,5039.76
TXN01981,2025-01-10,P008,R02,SR008,C033,94,29.65,2787.1
TXN01982,2025-05-24,P007,R02,SR002,C026,82,42.54,3488.28
TXN01983,2024-07-12,P008,R03,SR015,C018,29,32.35,938.15
TXN01984,2025-04-13,P008,R02,SR008,C101,87,35.0,3045.0
TXN01985,2025-04-19,P002,R03,SR015,C025,35,56.35,1972.25
TXN01986,2025-12-13,P004,R04,SR004,C100,64,48.17,3082.88
TXN01987,2025-07-24,P003,R05,SR023,C083,65,34.36,2233.4
TXN01988,2024-07-18,P007,R05,SR017,C107,87,46.12,4012.44
TXN01989,2025-01-24,P004,R01,SR019,C064,109,48.63,5300.67
TXN01990,2024-09-25,P005,R05,SR005,C056,38,64.13,2436.94
TXN01991,2025-09-10,P001,R05,SR017,C114,53,38.58,2044.74
TXN01992,2024-12-02,P001,R02,SR002,C105,64,38.42,2458.88
TXN01993,2024-04-20,P007,R04,SR022,C048,81,40.99,3320.19
TXN01994,2025-10-15,P004,R06,SR012,C079,109,47.11,5134.99
TXN01995,2024-05-15,P008,R01,SR025,C094,32,32.32,1034.24
TXN01996,2025-07-07,P002,R03,SR027,C006,76,55.11,4188.36
TXN01997,2024-03-23,P003,R05,SR023,C117,75,34.69,2601.75
TXN01998,2024-01-10,P001,R02,SR020,C108,81,35.18,2849.58
TXN01999,2025-08-23,P002,R01,SR025,C043,42,57.45,2412.9
TXN02000,2025-08-04,P001,R03,SR009,C041,47,41.83,1966.01
TXN02001,2025-11-18,P005,R02,SR008,C042,77,66.81,5144.37
TXN02002,2025-03-21,P006,R04,SR004,C029,42,31.63,1328.46
TXN02003,2025-05-21,P005,R05,SR017,C117,48,65.94,3165.12
TXN02004,2025-01-30,P007,R04,SR028,C100,60,43.45,2607.0
TXN02005,2025-11-20,P003,R05,SR029,C028,82,34.79,2852.78
TXN02006,2025-12-28,P003,R04,SR022,C046,26,33.85,880.1
TXN02007,2025-12-10,P002,R03,SR003,C019,90,54.36,4892.4
TXN02008,2024-03-14,P003,R03,SR009,C072,48,35.41,1699.68
TXN02009,2025-07-24,P005,R03,SR003,C025,36,65.95,2374.2
TXN02010,2025-11-30,P008,R02,SR020,C036,35,32.76,1146.6
TXN02011,2025-05-24,P008,R05,SR005,C032,62,30.87,1913.94
TXN02012,2024-12-18,P004,R04,SR022,C065,47,49.48,2325.56
TXN02013,2025-12-10,P002,R04,SR016,C010,183,52.27,9565.41
TXN02014,2024-08-17,P001,R04,SR028,C005,68,39.37,2677.16
TXN02015,2025-01-29,P005,R02,SR026,C105,43,68.57,2948.51
TXN02016,2024-11-08,P001,R02,SR026,C049,138,39.99,5518.62
TXN02017,2025-03-08,P006,R01,SR013,C013,115,29.36,3376.4
TXN02018,2025-11-12,P005,R01,SR007,C119,18,68.0,1224.0
TXN02019,2024-05-14,P005,R06,SR030,C086,83,73.9,6133.7
TXN02020,2025-10-23,P002,R01,SR013,C043,52,52.12,2710.24
TXN02021,2025-11-24,P001,R02,SR014,C092,56,37.94,2124.64
TXN02022,2025-06-01,P003,R01,SR019,C064,106,33.16,3514.96
TXN02023,2025-12-09,P002,R04,SR010,C091,105,55.92,5871.6
TXN02024,2024-04-06,P008,R06,SR012,C089,34,32.05,1089.7
TXN02025,2025-05-04,P001,R04,SR010,C004,46,39.48,1816.08
TXN02026,2024-09-11,P006,R03,SR021,C072,40,29.35,1174.0
TXN02027,2025-06-18,P002,R02,SR014,,53,56.97,3019.41
TXN02028,2025-11-19,P006,R02,SR020,C090,55,29.14,1602.7
TXN02029,2025-08-19,P006,R04,SR004,C103,63,29.0,1827.0
TXN02030,2024-09-28,P002,R01,SR007,C060,95,52.14,4953.3
TXN02031,2024-01-03,P001,R05,SR023,C008,73,41.99,3065.27
TXN02032,2025-10-28,P005,R01,SR001,C027,32,70.73,2263.36
TXN02033,2025-12-26,P005,R01,SR019,C012,46,68.95,3171.7
TXN02034,2025-07-14,P001,R06,SR012,C051,54,39.49,2132.46
TXN02035,2024-02-13,P001,R02,SR020,C069,63,39.23,2471.49
TXN02036,2025-09-05,P004,R05,SR023,C056,52,47.95,2493.4
TXN02037,2025-08-30,P006,R01,SR007,C119,20,27.16,543.2
TXN02038,2025-07-13,P007,R01,SR013,C055,58,45.95,2665.1
TXN02039,2025-09-03,P005,R05,SR023,C073,63,70.18,4421.34
TXN02040,2024-02-19,P001,R04,SR010,C004,60,40.66,2439.6
TXN02041,2025-02-24,P005,R05,SR005,C020,81,65.32,5290.92
TXN02042,2025-12-05,P002,R01,SR019,C060,134,56.57,7580.38
TXN02043,2025-03-14,P006,R06,SR030,C106,52,29.84,1551.68
TXN02044,2025-07-23,P001,R03,SR015,C003,62,39.01,2418.62
TXN02045,2025-02-02,P007,R04,SR022,C095,54,43.27,2336.58
TXN02046,2024-01-24,P006,R06,SR024,C120,64,28.67,1834.88
TXN02047,2024-06-07,P008,R01,SR001,C119,21,33.56,704.76
TXN02048,2025-12-20,P005,R02,SR002,C036,40,66.96,2678.4
TXN02049,2025-09-18,P005,R02,SR020,C042,103,65.86,6783.58
TXN02050,2024-12-10,P003,R02,SR008,C078,94,32.77,3080.38
TXN02051,2025-10-04,P006,R03,SR009,C037,77,27.86,2145.22
TXN02052,2025-06-26,P002,R05,SR023,C114,66,53.41,3525.06
TXN02053,2025-07-30,P002,R02,SR002,C078,229,52.57,12038.53
TXN02054,2024-09-07,P001,R04,SR016,C046,43,38.0,1634.0
TXN02055,2024-08-24,P006,R06,SR024,C016,79,28.19,2227.01
TXN02056,2024-05-16,P007,R01,SR025,C012,70,42.53,2977.1
TXN02057,2025-11-20,P007,R03,SR021,C009,46,43.61,2006.06
TXN02058,2024-08-19,P008,R04,SR010,C010,77,31.85,2452.45
TXN02059,2025-12-23,P003,R03,SR021,C052,50,32.83,1641.5
TXN02060,2024-03-20,P002,R06,SR030,C051,49,52.6,2577.4
TXN02061,2025-05-01,P004,R03,SR021,C009,41,,1982.76
TXN02062,2024-01-12,P003,R01,SR007,C057,77,33.15,2552.55
TXN02063,2024-12-11,P007,R01,SR019,C094,67,43.91,2941.97
TXN02064,2025-04-10,P006,R01,SR025,C060,76,28.5,2166.0
TXN02065,2025-09-23,P007,R04,SR022,C029,29,44.11,1279.19
TXN02066,2024-05-12,P001,R04,SR016,C070,176,38.5,6776.0
TXN02067,2024-11-25,P001,R03,SR009,C041,64,38.99,2495.36
TXN02068,2025-05-19,P004,R04,SR022,C004,54,49.93,2696.22
TXN02069,2025-02-08,P005,R01,SR025,C022,74,69.1,5113.4
TXN02070,2025-06-12,P004,R01,SR019,C119,40,48.65,1946.0
TXN02071,2025-07-25,P006,R04,SR022,C029,31,28.14,872.34
TXN02072,2024-07-19,P006,R04,SR004,C065,40,29.53,1181.2
TXN02073,2025-07-04,P007,R02,SR008,C058,71,45.21,3209.91
TXN02074,2025-11-30,P006,R05,SR011,C115,124,29.48,3655.52
TXN02075,2024-02-13,P004,R02,SR014,C101,75,50.43,3782.25
TXN02076,2025-01-26,P002,R01,SR025,C055,64,53.89,3448.96
TXN02077,2024-11-26,P001,R02,SR014,C097,38,38.66,1469.08
TXN02078,2025-08-30,P005,R01,SR025,C057,58,65.87,3820.46
TXN02079,2024-03-09,P004,R05,SR017,C008,46,48.91,2249.86
TXN02080,2025-10-11,P005,R05,SR017,C068,34,70.61,2400.74
TXN02081,2025-12-24,P002,R01,SR019,C012,59,57.72,3405.48
TXN02082,2025-05-09,P005,R03,SR009,C003,58,67.77,3930.66
TXN02083,2024-05-22,P008,R02,SR002,C071,56,32.77,1835.12
TXN02084,2025-07-08,P007,R03,SR015,C019,48,45.93,2204.64
TXN02085,2024-03-03,P003,R02,SR002,C026,81,34.63,2805.03
TXN02086,2025-10-15,P005,R06,SR018,C061,53,66.23,3510.19
TXN02087,2024-10-10,P005,R02,SR002,C101,66,71.72,4733.52
TXN02088,2024-09-01,P001,R02,SR026,C036,60,41.36,2481.6
TXN02089,2025-08-13,P005,R05,SR011,C084,119,68.64,8168.16
TXN02090,2025-03-23,P002,R01,SR007,C067,122,55.04,6714.88
TXN02091,2025-02-23,P002,R01,SR013,C057,88,57.01,5016.88
TXN02092,2025-01-31,P006,R03,SR009,C024,43,27.96,1202.28
TXN02093,2025-05-06,P001,R01,SR019,C031,112,41.18,4612.16
TXN02094,2025-07-12,P007,R03,SR009,C054,44,44.28,1948.32
TXN02095,2025-10-17,P001,R05,SR017,C032,125,40.67,5083.75
TXN02096,2024-02-14,P005,R02,SR026,C049,94,67.09,6306.46
TXN02097,2025-10-13,P005,R01,SR019,C055,50,72.45,3622.5
TXN02098,2024-10-24,P007,R05,SR005,C038,39,42.45,1655.55
TXN02099,2024-05-05,P005,R01,SR007,C012,48,71.31,3422.88
TXN02100,2024-03-17,P002,R02,SR014,C042,112,55.62,6229.44
TXN02101,2025-01-20,P006,R03,SR003,C072,43,30.02,1290.86
TXN02102,2024-02-12,P006,R04,SR022,C023,126,30.82,3883.32
TXN02103,2024-09-10,P006,R02,SR026,C034,60,30.65,1839.0
TXN02104,2025-07-08,P002,R02,SR026,C034,112,56.97,6380.64
TXN02105,2024-11-01,P004,R01,SR001,C057,68,48.09,3270.12
TXN02106,2025-12-14,P006,R05,SR017,C117,57,28.55,1627.35
TXN02107,2025-08-20,P004,R05,SR005,C114,53,48.49,2569.97
TXN02108,2024-09-21,P005,R04,SR010,C103,72,73.08,5261.76
TXN02109,2024-03-16,P007,R03,SR009,C003,59,43.86,2587.74
TXN02110,2025-09-11,P005,R05,SR005,C114,28,69.57,1947.96
TXN02111,2024-06-18,P006,R01,SR007,C013,105,29.34,3080.7
TXN02112,2024-08-08,P003,R06,SR024,C062,32,33.03,1056.96
TXN02113,2024-06-03,P003,R02,SR020,C108,77,31.47,2423.19
TXN02114,2025-10-15,P006,R05,SR005,C115,117,30.97,3623.49
TXN02115,2024-10-09,P004,R03,SR009,C014,83,47.3,3925.9
TXN02116,2025-04-27,P001,R01,SR025,C094,99,40.2,3979.8
TXN02117,2025-10-31,P001,R02,SR026,C042,145,40.34,5849.3
TXN02118,2025-08-24,P005,R01,SR019,C031,85,70.0,5950.0
TXN02119,2024-02-23,P007,R05,SR029,C028,93,44.19,4109.67
TXN02120,2025-08-09,P002,R06,SR024,C076,63,51.97,3274.11
TXN02121,2025-09-08,P001,R01,SR025,C119,48,40.0,1920.0
TXN02122,2024-11-27,P005,R03,SR021,C052,30,70.45,2113.5
TXN02123,2025-12-14,P007,R05,SR011,C093,57,42.37,2415.09
TXN02124,2024-08-20,P005,R03,SR015,C018,31,68.91,2136.21
TXN02125,2024-05-01,P007,R04,SR028,C103,74,42.66,3156.84
TXN02126,2025-03-20,P003,R05,SR017,C008,49,36.14,1770.86
TXN02127,2025-10-09,P003,R05,SR017,C112,53,34.14,1809.42
TXN02128,2024-05-31,P006,R03,SR009,C009,35,29.72,1040.2
TXN02129,2025-06-17,P006,R01,SR001,C013,97,29.01,2813.97
TXN02130,2024-11-03,P001,R03,SR009,C037,90,39.45,3550.5
TXN02131,2025-04-01,P003,R06,SR018,C086,85,32.9,2796.5
TXN02132,2024-02-03,P008,R06,SR012,C050,32,33.78,1080.96
TXN02133,2025-08-03,P005,R02,SR020,C105,37,62.38,2308.06
TXN02134,2024-09-15,P002,R03,SR015,C011,53,56.55,2997.15
TXN02135,2024-07-27,P007,R04,SR016,C091,86,42.03,3614.58
TXN02136,2024-10-06,P006,R01,SR007,C055,49,30.28,1483.72
TXN02137,2025-02-17,P002,R01,SR013,C119,33,53.6,1768.8
TXN02138,2025-08-21,P005,R02,SR026,C042,82,73.9,6059.8
TXN02139,2024-07-21,P006,R02,SR002,C101,96,28.6,2745.6
TXN02140,2025-04-01,P006,R05,SR017,C056,47,31.33,1472.51
TXN02141,2024-01-26,P003,R01,SR019,C043,55,33.98,1868.9
TXN02142,2024-11-26,P005,R01,SR013,C064,81,67.43,5461.83
TXN02143,2025-05-19,P006,R05,SR011,C117,76,29.03,2206.28
TXN02144,2024-04-06,P007,R03,SR027,C003,100,42.09,4209.0
TXN02145,2024-03-07,P001,R04,SR010,C102,119,38.69,4604.11
TXN02146,2025-08-08,P007,R05,SR029,C028,67,44.28,2966.76
TXN02147,2024-12-26,P001,R01,SR019,C027,63,39.36,2479.68
TXN02148,2024-05-24,P001,R01,SR013,C031,119,41.3,4914.7
TXN02149,2024-05-13,P001,R04,SR022,C102,154,38.06,5861.24
TXN02150,2025-10-06,P008,R05,SR029,C028,62,33.13,2054.06
TXN02151,2024-12-17,P003,R01,SR025,C119,34,36.02,1224.68
TXN02152,2025-07-22,P002,R03,SR003,C082,74,51.66,3822.84
TXN02153,2024-04-25,P006,R01,SR025,C067,118,28.17,3324.06
TXN02154,2024-05-26,P005,R02,SR002,C101,100,65.89,6589.0
TXN02155,2025-01-16,P004,R04,SR010,C039,93,47.15,4384.95
TXN02156,2024-10-30,P005,R01,SR025,C067,98,69.64,6824.72
TXN02157,2025-09-28,P005,R02,SR008,C097,23,65.26,1500.98
TXN02158,2024-03-14,P002,R01,SR007,C060,93,52.47,4879.71
TXN02159,2024-02-12,P001,R06,SR012,C098,144,39.12,5633.28
TXN02160,2025-02-03,P002,R02,SR008,C069,47,55.66,2616.02
TXN02161,2024-04-27,P001,R01,SR019,C088,90,39.14,3522.6
TXN02162,2024-10-20,P005,R05,SR023,C081,140,67.81,9493.4
TXN02163,2025-06-17,P002,R03,SR027,C072,71,53.09,3769.39
TXN02164,2024-08-05,P002,R02,SR026,C092,69,55.79,3849.51
TXN02165,2024-03-20,P001,R06,SR012,C001,71,41.55,2950.05
TXN02166,2025-08-30,P004,R03,SR003,C009,45,49.87,2244.15
TXN02167,2024-09-12,P002,R06,SR012,C015,184,56.27,10353.68
TXN02168,2025-08-24,P005,R02,SR002,C033,155,63.34,9817.7
TXN02169,2025-06-04,P008,R02,SR002,C042,109,35.19,3835.71
TXN02170,2024-04-16,P003,R01,SR007,C017,48,34.03,1633.44
TXN02171,2025-12-22,P001,R01,SR019,C060,133,39.9,5306.7
TXN02172,2025-01-31,P006,R04,SR004,C004,45,30.04,1351.8
TXN02173,2025-06-12,P003,R01,SR025,C013,132,35.52,4688.64
TXN02174,2024-10-05,P006,R02,SR026,C105,36,27.63,994.68
TXN02175,2024-10-16,P005,R01,SR025,C031,78,71.63,5587.14
TXN02176,2024-08-31,P002,R06,SR024,C099,44,53.93,2372.92
TXN02177,2024-05-18,P007,R05,SR017,C038,27,41.94,1132.38
TXN02178,2024-02-09,P005,R01,SR013,C043,52,66.94,3480.88
TXN02179,2024-04-12,P002,R05,SR011,C073,79,51.92,4101.68
TXN02180,2024-03-21,P007,R01,SR001,C013,114,44.89,5117.46
TXN02181,2024-06-23,P007,R04,SR028,C095,57,43.65,2488.05
TXN02182,2024-02-13,P003,R04,SR004,C039,85,32.52,2764.2
TXN02183,2024-12-15,P006,R06,SR018,C110,59,30.08,1774.72
TXN02184,2024-05-08,P005,R02,SR026,C026,51,66.21,3376.71
TXN02185,2024-04-02,P001,R01,SR013,C057,108,39.95,4314.6
TXN02186,2025-07-02,P003,R04,SR022,C091,110,34.43,3787.3
TXN02187,2024-05-02,P008,R06,SR030,C016,80,32.26,2580.8
TXN02188,2024-03-10,P008,R01,SR001,C060,70,31.43,2200.1
TXN02189,2024-10-11,P004,R05,SR017,C107,79,47.37,3742.23
TXN02190,2024-06-06,P005,R04,SR022,C040,83,67.46,5599.18
TXN02191,2025-03-31,P008,R01,SR025,C022,75,33.48,2511.0
TXN02192,2024-02-10,P004,R05,SR017,C096,57,49.03,2794.71
TXN02193,2025-08-17,P004,R02,SR026,C078,121,51.35,6213.35
TXN02194,2025-07-03,P005,R01,SR001,C022,68,68.0,4624.0
TXN02195,2025-02-26,P006,R02,SR002,C071,82,28.41,2329.62
TXN02196,2024-04-10,P001,R03,SR021,C041,102,39.66,4045.32
TXN02197,2025-04-01,P004,R04,SR010,C104,65,49.29,3203.85
TXN02198,2024-01-20,P001,R01,SR007,C060,106,40.44,4286.64
TXN02199,2025-11-03,P002,R05,SR023,C114,51,54.53,2781.03
TXN02200,2025-11-29,P006,R02,SR008,C042,82,28.44,2332.08
TXN02201,2024-12-29,P001,R04,SR010,C070,170,40.3,6851.0
TXN02202,2025-01-18,P003,R04,SR004,C029,29,33.33,966.57
TXN02203,2024-10-31,P001,R01,SR007,C055,63,41.98,2644.74
TXN02204,2025-09-11,P006,R01,SR019,C060,99,29.66,2936.34
TXN02205,2024-09-01,P005,R01,SR019,C022,88,67.28,5920.64
TXN02206,2025-07-24,P005,R01,SR013,C088,50,67.08,3354.0
TXN02207,2025-09-17,P002,R03,SR021,C014,126,50.74,6393.24
TXN02208,2024-05-03,P003,R05,SR011,C093,68,32.86,2234.48
TXN02209,2025-08-25,P001,R01,SR007,C022,91,39.62,3605.42
TXN02210,2025-12-12,P008,R05,SR023,C107,97,33.38,3237.86
TXN02211,2025-07-06,P008,R01,SR019,C043,31,33.37,1034.47
TXN02212,2025-03-16,P006,R02,SR020,C058,102,26.98,2751.96
TXN02213,2024-03-20,P007,R03,SR027,C041,61,43.41,2648.01
TXN02214,2025-05-06,P003,R06,SR006,C120,88,33.34,2933.92
TXN02215,2025-12-04,P008,R05,SR029,C107,46,33.04,1519.84
TXN02216,2024-09-09,P005,R03,SR021,C053,48,66.41,3187.68
TXN02217,2024-03-01,P001,R03,SR021,C019,119,40.21,4784.99
TXN02218,2024-09-16,P002,R03,SR021,C014,95,54.25,5153.75
TXN02219,2024-07-07,P004,R06,SR012,C086,98,48.9,4792.2
TXN02220,2024-10-09,P006,R05,SR029,C073,61,29.7,1811.7
TXN02221,2025-08-07,P001,R02,SR002,C036,78,39.48,3079.44
TXN02222,2025-09-10,P004,R03,SR021,C011,59,47.65,2811.35
TXN02223,2024-01-23,P001,R06,SR024,C089,38,38.85,1476.3
TXN02224,2025-11-19,P008,R04,SR004,C004,32,31.64,1012.48
TXN02225,2025-02-02,P007,R04,SR028,C100,51,45.33,2311.83
TXN02226,2025-08-13,P001,R02,SR026,C108,106,40.46,4288.76
TXN02227,2025-05-22,P002,R04,SR004,C010,156,52.32,8161.92
TXN02228,2025-07-18,P007,R03,SR015,C024,35,41.33,1446.55
TXN02229,2024-02-11,P001,R06,SR012,C120,111,39.95,4434.45
TXN02230,2025-03-17,P004,R06,SR006,C087,88,46.67,4106.96
TXN02231,2025-03-11,P002,R02,SR026,C090,65,52.59,3418.35
TXN02232,2024-08-16,P007,R02,SR014,C108,53,40.53,2148.09
TXN02233,2024-10-19,P003,R02,SR026,C036,32,34.92,1117.44
TXN02234,2025-10-06,P002,R02,SR002,C105,86,53.95,4639.7
TXN02235,2025-10-09,P008,R04,SR028,C040,57,32.24,1837.68
TXN02236,2025-10-19,P007,R02,SR026,C042,108,43.64,4713.12
TXN02237,2024-12-25,P002,R06,SR006,C113,85,54.5,4632.5
TXN02238,2024-03-14,P001,R05,SR005,C112,81,37.71,3054.51
TXN02239,2024-02-02,P008,R02,SR002,C092,47,31.31,1471.57
TXN02240,2025-09-06,P003,R01,SR007,C043,47,34.27,1610.69
TXN02241,2025-02-12,P007,R06,SR024,C045,79,43.51,3437.29
TXN02242,2024-02-13,P001,R01,SR013,C067,194,37.54,7282.76
TXN02243,2024-02-27,P001,R04,SR028,C046,46,37.74,1736.04
TXN02244,2024-10-05,P001,R06,SR012,C050,53,41.52,2200.56
TXN02245,2024-07-17,P002,R02,SR002,C108,92,52.4,4820.8
TXN02246,2025-04-16,P002,R01,SR025,C027,61,52.94,3229.34
TXN02247,2025-05-15,P007,R01,SR013,C022,106,42.39,4493.34
TXN02248,2024-11-07,P004,R01,SR001,C088,51,48.43,2469.93
TXN02249,2025-08-18,P002,R01,SR007,C013,128,57.14,7313.92
TXN02250,2025-03-26,P004,R03,SR003,C041,88,46.98,4134.24
TXN02251,2025-01-15,P001,R01,SR001,C022,116,41.11,4768.76
TXN02252,2025-06-01,P003,R03,SR027,C006,60,33.44,2006.4
TXN02253,2025-11-12,P006,R06,SR018,C118,31,31.15,965.65
TXN02254,2024-09-06,P001,R01,SR025,C013,150,41.44,6216.0
TXN02255,2025-05-27,P002,R02,SR008,C075,166,55.1,9146.6
TXN02256,2025-06-09,P008,R04,SR022,C091,66,34.11,2251.26
TXN02257,2024-06-30,P006,R06,SR024,C077,74,28.3,2094.2
TXN02258,2025-12-27,P002,R01,SR019,C027,63,56.6,3565.8
TXN02259,2025-06-22,P004,R01,SR013,C013,124,50.63,6278.12
TXN02260,2025-12-03,P002,R04,SR028,C048,88,56.74,4993.12
TXN02261,2024-08-29,P003,R06,SR018,C077,75,34.83,2612.25
TXN02262,2025-06-03,P005,R03,SR021,C011,59,69.78,4117.02
TXN02263,2024-11-23,P001,R05,SR005,C063,87,38.89,3383.43
TXN02264,2024-07-24,P002,R03,SR003,C006,73,53.25,3887.25
TXN02265,2024-02-20,P006,R04,SR022,C004,45,29.09,1309.05
TXN02266,2025-09-21,P002,R04,SR004,C039,94,55.84,5248.96
TXN02267,2025-01-21,P004,R06,SR018,C113,47,52.92,2487.24
TXN02268,2025-05-22,P006,R01,SR019,C017,55,29.53,1624.15
TXN02269,2024-10-21,P002,R01,SR025,C088,72,56.07,4037.04
TXN02270,2024-10-28,P005,R01,SR025,C022,71,66.26,4704.46
TXN02271,2024-11-25,P002,R05,SR005,C112,67,57.33,3841.11
TXN02272,2024-09-04,P008,R01,SR007,C017,26,31.27,813.02
TXN02273,2025-07-07,P001,R04,SR028,C103,98,41.77,4093.46
TXN02274,2024-06-08,P003,R01,SR013,C013,141,32.93,4643.13
TXN02275,2025-04-14,P008,R05,SR011,C063,56,29.17,1633.52
TXN02276,2025-10-25,P001,R01,SR019,C013,176,39.76,6997.76
TXN02277,2025-10-29,P003,R05,SR029,C107,82,35.18,2884.76
TXN02278,2024-02-26,P008,R02,SR002,C105,45,31.25,1406.25
TXN02279,2025-11-21,P006,R01,SR001,C057,74,28.19,2086.06
TXN02280,2025-03-11,P006,R01,SR025,C119,30,30.04,901.2
TXN02281,2024-04-09,P002,R01,SR007,C060,105,58.56,6148.8
TXN02282,2024-08-05,P008,R03,SR009,C030,32,32.0,1024.0
TXN02283,2025-05-30,P001,R03,SR021,C030,104,40.25,4186.0
TXN02284,2024-06-01,P004,R02,SR020,C078,127,49.37,6269.99
TXN02285,2024-05-25,P008,R02,SR026,C101,90,32.57,2931.3
TXN02286,2024-11-14,P001,R01,SR025,C094,75,43.03,3227.25
TXN02287,2024-09-06,P008,R03,SR027,C009,34,30.63,1041.42
TXN02288,2024-03-22,P002,R01,SR013,C027,59,54.76,3230.84
TXN02289,2024-01-27,P003,R01,SR025,C088,46,34.33,1579.18
TXN02290,2025-05-27,P007,R03,SR009,C006,58,43.18,2504.44
TXN02291,2025-10-07,P002,R01,SR025,C060,105,56.24,5905.2
TXN02292,2025-11-25,P008,R05,SR023,C117,37,31.51,1165.87
TXN02293,2024-10-11,P005,R01,SR001,C119,30,65.71,1971.3
TXN02294,2025-11-15,P003,R04,SR022,C091,94,34.01,3196.94
TXN02295,2025-01-15,P005,R02,SR008,C078,112,67.73,7585.76
TXN02296,2024-07-16,P003,R06,SR012,C044,66,35.53,2344.98
TXN02297,2024-02-24,P004,R05,SR017,C112,60,49.42,2965.2
TXN02298,2025-07-09,P007,R04,SR010,C095,74,39.27,2905.98
TXN02299,2025-04-23,P002,R03,SR021,C006,96,52.24,5015.04
TXN02300,2024-10-29,P004,R04,SR004,C010,115,48.7,5600.5
TXN02301,2024-03-14,P008,R01,SR001,C088,52,33.34,1733.68
TXN02302,2025-03-19,P004,R01,SR007,C111,97,50.87,4934.39
TXN02303,2024-04-06,P001,R01,SR007,C043,53,38.43,2036.79
TXN02304,2025-03-30,P004,R02,SR002,C007,182,45.26,8237.32
TXN02305,2025-01-24,P004,R05,SR017,C038,53,47.18,2500.54
TXN02306,2024-09-06,P002,R06,SR012,C066,113,54.05,6107.65
TXN02307,2024-10-05,P005,R04,SR010,C100,48,68.75,3300.0
TXN02308,2025-10-13,P003,R02,SR008,C007,135,35.42,4781.7
TXN02309,2025-02-22,P005,R01,SR007,C060,72,67.2,4838.4
TXN02310,2024-09-29,P001,R03,SR027,C109,56,37.39,2093.84
TXN02311,2025-09-16,P002,R03,SR015,C041,55,51.97,2858.35
TXN02312,2025-10-17,P003,R02,SR014,C042,96,33.76,3240.96
TXN02313,2024-03-30,P004,R04,SR022,C040,96,50.9,4886.4
TXN02314,2025-11-24,P008,R02,SR020,C033,113,31.4,3548.2
TXN02315,2025-08-26,P001,R01,SR019,C088,71,40.03,2842.13
TXN02316,2024-08-26,P007,R01,SR013,C094,50,43.83,2191.5
TXN02317,2024-09-15,P002,R03,SR027,C037,133,56.61,7529.13
TXN02318,2024-10-03,P003,R01,SR007,C064,62,33.71,2090.02
TXN02319,2024-08-08,P003,R04,SR022,C065,34,35.02,1190.68
TXN02320,2024-05-29,P002,R06,SR012,C113,77,54.49,4195.73
TXN02321,2024-04-05,P006,R02,SR002,C092,48,28.54,1369.92
TXN02322,2025-07-09,P004,R01,SR001,C119,35,51.25,1793.75
TXN02323,2024-01-15,P007,R02,SR020,C090,45,42.26,1901.7
TXN02324,2025-08-15,P008,R06,SR012,C085,72,29.72,2139.84
TXN02325,2025-07-12,P001,R03,SR003,C053,104,40.27,4188.08
TXN02326,2025-05-02,P007,R06,SR018,C045,73,46.39,3386.47
TXN02327,2025-01-22,P002,R05,SR017,C117,70,55.76,3903.2
TXN02328,2024-07-25,P006,R01,SR025,C031,64,30.27,1937.28
TXN02329,2024-07-01,P007,R03,SR015,C006,30,42.78,1283.4
TXN02330,2025-04-30,P001,R01,SR025,C013,166,40.72,6759.52
TXN02331,2024-04-14,P007,R01,SR007,C094,52,39.49,2053.48
TXN02332,2024-10-26,P007,R03,SR027,C019,82,41.41,3395.62
TXN02333,2025-12-04,P002,R01,SR013,C031,100,51.94,5194.0
TXN02334,2024-12-15,P002,R05,SR017,C020,104,55.44,5765.76
TXN02335,2024-05-14,P004,R02,SR020,C071,56,48.79,2732.24
TXN02336,2024-02-18,P006,R01,SR019,C064,106,29.52,3129.12
TXN02337,2024-11-18,P003,R01,SR007,C119,32,34.72,1111.04
TXN02338,2024-03-01,P006,R06,SR024,C001,40,27.39,1095.6
TXN02339,2024-10-11,P003,R01,SR007,C043,32,34.7,1110.4
TXN02340,2025-01-09,P002,R04,SR022,C039,103,55.01,5666.03
TXN02341,2024-01-30,P001,R06,SR006,C079,166,39.27,6518.82
TXN02342,2024-07-23,P003,R01,SR019,C064,117,33.92,3968.64
TXN02343,2024-08-20,P003,R05,SR023,C008,55,34.08,1874.4
TXN02344,2025-05-24,P004,R04,SR022,C029,26,48.67,1265.42
TXN02345,2024-02-05,P004,R01,SR001,C064,94,50.79,4774.26
TXN02346,2024-04-06,P003,R01,SR007,C043,38,33.39,1268.82
TXN02347,2024-03-14,P002,R02,SR020,C075,159,56.93,9051.87
TXN02348,2025-05-30,P006,R03,SR027,C006,65,28.98,1883.7
TXN02349,2024-07-20,P002,R01,SR013,C067,159,57.3,9110.7
TXN02350,2025-12-20,P004,R04,SR016,C080,125,49.2,6150.0
TXN02351,2025-06-13,P008,R02,SR002,C108,74,31.85,2356.9
TXN02352,2025-01-12,P005,R02,SR002,C036,51,69.01,3519.51
TXN02353,2025-09-23,P004,R06,SR024,C002,77,50.26,3870.02
TXN02354,2024-07-16,P007,R03,SR003,C009,49,41.63,2039.87
TXN02355,2025-08-04,P001,R06,SR024,C099,42,37.29,1566.18
TXN02356,2024-10-03,P003,R02,SR008,C049,80,33.49,2679.2
TXN02357,2025-12-28,P001,R02,SR014,C075,150,39.74,5961.0
TXN02358,2025-02-02,P002,R04,SR004,C040,102,55.58,5669.16
TXN02359,2025-05-09,P002,R02,SR026,C078,218,58.17,12681.06
TXN02360,2025-10-30,P004,R03,SR009,C041,42,48.52,2037.84
TXN02361,2024-08-29,P006,R05,SR029,C114,36,30.09,1083.24
TXN02362,2025-08-20,P001,R01,SR025,C060,144,39.03,5620.32
TXN02363,2025-02-03,P005,R03,SR003,C018,68,68.1,4630.8
TXN02364,2024-09-07,P007,R03,SR027,C025,40,44.3,1772.0
TXN02365,2025-02-18,P001,R06,SR006,C016,164,40.48,6638.72
TXN02366,2025-12-26,P008,R06,SR018,C116,20,31.76,635.2
TXN02367,2024-06-23,P001,R02,SR020,C075,190,39.9,7581.0
TXN02368,2025-01-12,P004,R01,SR019,C057,69,50.12,3458.28
TXN02369,2024-06-24,P003,R04,SR010,C070,127,32.76,4160.52
TXN02370,2025-02-12,P003,R03,SR009,C024,38,34.96,1328.48
TXN02371,2025-10-24,P007,R04,SR010,C102,80,42.64,3411.2
TXN02372,2024-04-07,P008,R02,SR014,C105,36,33.25,1197.0
TXN02373,2025-06-25,P007,R05,SR023,C081,159,42.33,6730.47
TXN02374,2024-04-26,P006,R01,SR007,C057,61,28.49,1737.89
TXN02375,2025-01-03,P004,R05,SR005,C084,131,47.71,6250.01
TXN02376,2025-09-25,P003,R05,SR017,C056,36,34.5,1242.0
TXN02377,2024-07-28,P001,R01,SR001,C043,57,40.93,2333.01
TXN02378,2024-03-17,P006,R01,SR001,C064,90,28.78,2590.2
TXN02379,2025-01-06,P007,R05,SR005,C038,33,45.33,1495.89
TXN02380,2025-08-10,P005,R02,SR008,C058,54,65.65,3545.1
TXN02381,2025-05-29,P005,R02,SR020,C058,74,69.11,5114.14
TXN02382,2025-12-03,P002,R02,SR002,C078,196,55.34,10846.64
TXN02383,2025-03-07,P006,R06,SR024,C120,53,30.13,1596.89
TXN02384,2024-03-04,P006,R01,SR013,C013,155,29.17,4521.35
TXN02385,2025-01-08,P002,R03,SR003,C037,125,54.76,6845.0
TXN02386,2025-09-21,P003,R02,SR020,C092,48,33.66,1615.68
TXN02387,2025-10-20,P001,R02,SR020,C026,82,38.62,3166.84
TXN02388,2024-07-14,P008,R05,SR017,C096,60,31.92,1915.2
TXN02389,2024-12-08,P002,R06,SR006,C106,59,53.37,3148.83
TXN02390,2024-03-15,P007,R05,SR011,C083,42,41.58,1746.36
TXN02391,2025-01-30,P007,R06,SR012,C079,114,41.56,4737.84
TXN02392,2025-11-17,P007,R01,SR007,C094,48,43.59,2092.32
TXN02393,2025-06-11,P008,R05,SR017,C008,35,32.12,1124.2
TXN02394,2024-05-06,P003,R03,SR003,C053,87,33.76,2937.12
TXN02395,2025-12-01,P001,R06,SR024,C047,61,40.59,2475.99
TXN02396,2025-10-14,P004,R01,SR013,C060,75,47.38,3553.5
TXN02397,2024-09-26,P005,R02,SR020,C097,30,68.17,2045.1
TXN02398,2024-08-20,P002,R06,SR030,C098,108,54.95,5934.6
TXN02399,2024-05-04,P002,R06,SR006,C099,73,54.59,3985.07
TXN02400,2025-01-06,P002,R02,SR008,C026,83,54.5,4523.5
TXN02401,2025-11-07,P005,R04,SR016,C065,20,66.93,1338.6
TXN02402,2024-09-18,P007,R01,SR019,C012,54,45.36,2449.44
TXN02403,2025-12-22,P004,R01,SR019,C111,126,47.2,5947.2
TXN02404,2025-02-14,P006,R01,SR019,C017,45,28.95,1302.75
TXN02405,2025-03-07,P001,R04,SR004,C046,52,39.57,2057.64
TXN02406,2025-12-28,P005,R03,SR027,C018,51,71.03,3622.53
TXN02407,2025-02-11,P003,R06,SR030,C086,108,33.96,3667.68
TXN02408,2024-10-21,P002,R02,SR008,C042,86,53.1,4566.6
TXN02409,2025-11-21,P006,R05,SR023,C008,43,28.09,1207.87
TXN02410,2024-06-04,P004,R06,SR018,C059,106,49.85,5284.1
TXN02411,2024-05-22,P001,R06,SR006,C016,178,42.23,7516.94
TXN02412,2025-06-09,P008,R03,SR015,C072,21,30.56,641.76
TXN02413,2025-07-18,P007,R01,SR025,C067,122,44.71,5454.62
TXN02414,2025-01-03,P002,R01,SR013,C088,81,56.39,4567.59
TXN02415,2025-05-19,P002,R05,SR029,C093,61,57.81,3526.41
TXN02416,2024-09-11,P001,R04,SR016,C040,126,38.13,4804.38
TXN02417,2025-08-20,P005,R01,SR001,C012,43,65.79,2828.97
TXN02418,2025-11-04,P004,R05,SR029,C008,23,50.63,1164.49
TXN02419,2024-04-14,P001,R02,SR026,C042,160,39.94,6390.4
TXN02420,2024-06-22,P004,R02,SR014,C108,54,50.65,2735.1
TXN02421,2024-04-22,P003,R05,SR017,C008,50,36.79,1839.5
TXN02422,2025-04-09,P005,R04,SR016,C010,132,67.95,8969.4
TXN02423,2025-08-14,P006,R02,SR008,C071,63,27.02,1702.26
TXN02424,2025-03-19,P001,R02,SR002,C101,196,41.39,8112.44
TXN02425,2025-06-14,P005,R01,SR025,C027,39,72.04,2809.56
TXN02426,2024-04-09,P004,R01,SR007,C094,50,49.64,2482.0
TXN02427,2024-02-04,P001,R01,SR025,C022,122,39.65,4837.3
TXN02428,2025-04-23,P006,R01,SR007,C094,57,29.14,1660.98
TXN02429,2025-12-07,P002,R01,SR025,C043,56,58.12,3254.72
TXN02430,2025-01-04,P002,R05,SR011,C056,57,54.81,3124.17
TXN02431,2024-10-20,P006,R03,SR015,C025,25,28.78,719.5
TXN02432,2025-11-18,P004,R01,SR019,C067,121,46.97,5683.37
TXN02433,2024-06-03,P007,R01,SR019,C013,134,42.52,5697.68
TXN02434,2025-04-24,P005,R02,SR002,C097,36,66.05,2377.8
TXN02435,2024-02-13,P005,R02,SR014,C105,36,71.56,2576.16
TXN02436,2024-09-07,P004,R03,SR015,C053,52,48.78,2536.56
TXN02437,2024-04-10,P001,R02,SR014,C108,78,41.83,3262.74
TXN02438,2025-04-21,P001,R02,SR014,C007,171,41.22,7048.62
TXN02439,2024-05-27,P002,R03,SR009,C109,44,55.56,2444.64
TXN02440,2025-04-03,P003,R01,SR001,C027,47,34.11,1603.17
TXN02441,2025-09-19,P007,R02,SR026,C058,108,44.05,4757.4
TXN02442,2025-12-02,P004,R01,SR025,C111,134,50.94,6825.96
TXN02443,2025-12-21,P006,R06,SR012,C118,38,29.69,1128.22
TXN02444,2024-01-15,P001,R03,SR027,C006,89,41.99,3737.11
TXN02445,2024-09-11,P008,R01,SR025,C031,59,31.7,1870.3
TXN02446,2025-08-29,P002,R03,SR009,C019,65,54.72,3556.8
TXN02447,2024-03-29,P001,R02,SR020,C058,115,40.56,4664.4
TXN02448,2024-04-16,P008,R01,SR025,C060,77,34.92,2688.84
TXN02449,2025-10-29,P002,R06,SR030,C044,61,54.49,3323.89
TXN02450,2024-01-30,P005,R06,SR006,C001,41,69.11,2833.51
TXN02451,2025-11-28,P006,R03,SR021,C054,70,30.88,2161.6
TXN02452,2024-11-03,P004,R03,SR027,C082,78,48.51,3783.78
TXN02453,2024-01-24,P005,R05,SR005,C068,37,67.27,2488.99
TXN02454,2025-05-16,P001,R03,SR015,C082,74,42.83,3169.42
TXN02455,2024-06-04,P002,R05,SR029,C008,42,58.55,2459.1
TXN02456,2024-12-24,P006,R02,SR020,C105,43,30.68,1319.24
TXN02457,2024-06-03,P004,R01,SR019,C067,150,48.65,7297.5
TXN02458,2025-02-01,P004,R05,SR005,C115,129,49.91,6438.39
TXN02459,2025-09-21,P007,R02,SR002,C108,77,43.66,3361.82
TXN02460,2024-07-24,P002,R05,SR029,C020,99,53.29,5275.71
TXN02461,2025-04-18,P004,R02,SR014,C049,96,48.74,4679.04
TXN02462,2024-07-29,P002,R06,SR024,C002,107,52.49,5616.43
TXN02463,2025-10-31,P002,R01,SR019,C119,52,55.0,2860.0
TXN02464,2025-08-14,P003,R03,SR015,C009,36,33.45,1204.2
TXN02465,2024-12-27,P003,R04,SR010,C070,119,30.72,3655.68
TXN02466,2025-03-28,P003,R03,SR015,C037,59,31.2,1840.8
TXN02467,2025-04-11,P002,R01,SR025,C027,56,51.02,2857.12
TXN02468,2025-02-01,P001,R04,SR010,C100,79,38.77,3062.83
TXN02469,2024-08-01,P003,R01,SR019,C013,169,35.3,5965.7
TXN02470,2024-06-26,P005,R02,SR026,C078,113,70.82,8002.66
TXN02471,2025-10-24,P003,R01,SR025,C043,42,33.54,1408.68
TXN02472,2025-03-06,P007,R01,SR007,C031,70,40.41,2828.7
TXN02473,2025-03-15,P008,R05,SR017,C093,55,33.64,1850.2
TXN02474,2024-10-21,P001,R04,SR004,C095,66,39.82,2628.12
TXN02475,2024-07-28,P006,R01,SR019,C060,118,28.23,3331.14
TXN02476,2025-01-27,P001,R02,SR008,C078,163,38.83,6329.29
TXN02477,2024-04-14,P003,R02,SR002,C069,56,34.86,1952.16
TXN02478,2024-04-08,P001,R06,SR012,C113,100,39.31,3931.0
TXN02479,2024-03-08,P003,R04,SR028,C004,41,34.2,1402.2
TXN02480,2025-03-24,P002,R04,SR028,C048,86,59.41,5109.26
TXN02481,2024-01-14,P005,R05,SR017,C112,50,69.49,3474.5
TXN02482,2024-01-08,P001,R02,SR002,C049,131,40.49,5304.19
TXN02483,2025-02-17,P004,R02,SR020,C026,91,50.01,4550.91
TXN02484,2024-03-21,P003,R06,SR006,C021,79,33.3,2630.7
TXN02485,2024-04-17,P007,R01,SR001,C057,59,41.57,2452.63
TXN02486,2025-01-06,P002,R01,SR001,C057,81,53.91,4366.71
TXN02487,2024-02-10,P002,R01,SR025,C088,57,57.12,3255.84
TXN02488,2025-11-18,P006,R04,SR004,C104,54,28.03,1513.62
TXN02489,2024-06-25,P001,R03,SR021,C072,73,39.55,2887.15
TXN02490,2025-08-26,P006,R06,SR006,C113,81,28.9,2340.9
TXN02491,2025-05-30,P002,R01,SR001,C055,71,55.83,3963.93
TXN02492,2025-01-09,P007,R04,SR016,C005,59,45.02,2656.18
TXN02493,2024-12-26,P003,R01,SR007,C022,70,32.36,2265.2
TXN02494,2024-02-12,P002,R01,SR019,C022,127,53.93,6849.11
TXN02495,2024-11-16,P002,R03,SR015,C025,29,56.05,1625.45
TXN02496,2024-10-14,P004,R03,SR021,C041,74,48.37,3579.38
TXN02497,2024-05-21,P002,R04,SR028,C005,76,55.84,4243.84
TXN02498,2024-11-24,P008,R01,SR007,C012,37,32.72,1210.64
TXN02499,2024-02-27,P003,R05,SR011,C112,69,32.75,2259.75
TXN02500,2025-06-11,P002,R02,SR014,C071,83,52.99,4398.17
TXN02501,2025-10-07,P005,R06,SR018,C106,33,65.75,2169.75
TXN02502,2025-01-08,P006,R01,SR025,C031,69,27.68,1909.92
TXN02503,2024-08-21,P003,R06,SR012,C085,97,34.33,3330.01
TXN02504,2025-12-25,P008,R01,SR007,C111,63,33.27,2096.01
TXN02505,2024-05-26,P001,R01,SR013,C013,214,39.84,8525.76
TXN02506,2025-06-12,P004,R06,SR018,C089,26,46.26,1202.76
TXN02507,2024-12-04,P006,R01,SR025,C055,49,27.14,1329.86
TXN02508,2024-10-26,P004,R01,SR013,C064,109,48.76,5314.84
TXN02509,2024-12-13,P002,R02,SR008,C078,127,56.59,7186.93
TXN02510,2025-03-02,P006,R04,SR028,C029,26,28.31,736.06
TXN02511,2024-05-18,P007,R99,SR002,C071,73,42.69,3116.37
TXN02512,2024-06-03,P001,R01,SR013,C094,103,41.63,4287.89
TXN02513,2025-03-05,P008,R04,SR004,C080,92,31.75,2921.0
TXN02514,2025-01-09,P003,R03,SR015,C054,49,34.68,1699.32
TXN02515,2024-03-26,P007,R05,SR011,C096,74,40.21,2975.54
TXN02516,2025-09-21,P002,R03,SR003,C041,78,55.84,4355.52
TXN02517,2025-10-14,P004,R02,SR002,C069,68,47.37,3221.16
TXN02518,2025-09-12,P005,R03,SR009,C024,23,67.79,1559.17
TXN02519,2024-02-19,P003,R05,SR023,C083,55,35.32,1942.6
TXN02520,2024-01-15,P004,R02,SR014,C097,31,50.03,1550.93
TXN02521,2025-02-08,P004,R01,SR001,C119,34,46.57,1583.38
TXN02522,2025-01-21,P006,R05,SR005,C056,45,27.29,1228.05
TXN02523,2024-07-10,P004,R05,SR029,C032,95,50.01,4750.95
TXN02524,2024-01-07,P006,R01,SR001,C064,102,29.69,3028.38
TXN02525,2025-04-02,P001,R01,SR019,C064,172,43.04,7402.88
TXN02526,2024-03-10,P004,R02,SR014,C042,84,50.05,4204.2
TXN02527,2025-04-18,P003,R02,SR026,C090,80,32.15,2572.0
TXN02528,2024-04-13,P001,R06,SR030,C118,70,41.74,2921.8
TXN02529,2025-11-18,P006,R06,SR018,C076,47,29.8,1400.6
TXN02530,2024-05-14,P002,R05,SR005,C096,77,54.5,4196.5
TXN02531,2024-03-08,P008,R02,SR014,C026,52,30.83,1603.16
TXN02532,2024-06-24,P007,R02,SR008,C049,85,42.69,3628.65
TXN02533,2024-09-07,P002,R01,SR013,C012,70,54.33,3803.1
TXN02534,2025-12-07,P004,R02,SR020,C092,42,53.14,2231.88
TXN02535,2024-06-14,P004,R05,SR023,C028,108,48.12,5196.96
TXN02536,2024-09-06,P003,R05,SR029,C020,84,34.08,2862.72
TXN02537,2024-08-01,P003,R02,SR026,C058,85,34.66,2946.1
TXN02538,2025-10-20,P002,R05,SR005,C084,159,55.46,8818.14
TXN02539,2024-10-18,P001,R06,SR024,C059,169,39.67,6704.23
TXN02540,2025-10-01,P002,R02,SR008,C007,148,55.04,8145.92
TXN02541,2025-09-06,P001,R04,SR010,C004,39,42.17,1644.63
TXN02542,2024-07-26,P001,R05,SR011,C056,68,40.25,2737.0
TXN02543,2025-01-02,P001,R02,SR026,C036,72,39.23,2824.56
TXN02544,2024-03-15,P003,R03,SR015,C082,52,33.77,1756.04
TXN02545,2025-03-13,P007,R01,SR025,C119,42,43.95,1845.9
TXN02546,2025-05-10,P002,R03,SR003,C041,107,54.99,5883.93
TXN02547,2024-08-16,P004,R04,SR016,C040,82,48.67,3990.94
TXN02548,2025-09-27,P004,R01,SR013,C013,125,50.74,6342.5
TXN02549,2025-09-17,P001,R06,SR012,C085,117,41.32,4834.44
TXN02550,2024-01-15,P006,R05,SR029,C112,46,30.11,1385.06
TXN02551,2024-07-06,P002,R03,SR003,C072,60,51.32,3079.2
TXN02552,2025-11-08,P004,R05,SR017,C073,65,50.09,3255.85
TXN02553,2025-03-18,P002,R06,SR024,C099,62,52.22,3237.64
TXN02554,2024-04-28,P002,R05,SR011,C084,192,54.99,10558.08
TXN02555,2025-06-26,P003,R03,SR009,C009,36,33.46,1204.56
TXN02556,2025-07-25,P005,R02,SR014,C034,49,71.56,3506.44
TXN02557,2025-04-13,P005,R04,SR028,C040,72,66.17,4764.24
TXN02558,2025-11-20,P003,R02,SR002,C033,179,31.85,5701.15
TXN02559,2024-03-13,P004,R01,SR013,C088,61,49.63,3027.43
TXN02560,2025-01-02,P001,R03,SR015,C037,84,41.82,3512.88
TXN02561,2025-04-25,P004,R02,SR002,C034,98,46.81,4587.38
TXN02562,2025-12-24,P006,R06,SR012,C015,115,27.97,3216.55
TXN02563,2024-06-14,P001,R05,SR029,C117,55,42.8,2354.0
TXN02564,2025-06-08,P006,R02,SR002,C092,67,29.82,1997.94
TXN02565,2025-04-06,P008,R02,SR020,C097,34,31.3,1064.2
TXN02566,2024-01-12,P008,R05,SR011,C107,98,32.31,3166.38
TXN02567,2024-01-17,P007,R02,SR002,C092,48,42.89,2058.72
TXN02568,2025-09-02,P001,R05,SR005,C093,75,40.42,3031.5
TXN02569,2024-06-14,P002,R06,SR030,C118,51,54.38,2773.38
TXN02570,2024-03-14,P007,R01,SR013,C013,120,43.98,5277.6
TXN02571,2025-08-30,P003,R01,SR007,C067,84,33.53,2816.52
TXN02572,2024-01-10,P002,R05,SR017,C032,122,56.76,6924.72
TXN02573,2024-07-09,P005,R02,SR002,C071,70,68.58,4800.6
TXN02574,2024-06-21,P001,R03,SR003,C054,97,38.87,3770.39
TXN02575,2025-07-23,P006,R02,SR002,C007,172,29.29,5037.88
TXN02576,2025-07-25,P001,R04,SR028,C040,106,37.7,3996.2
TXN02577,2025-08-19,P006,R01,SR013,C119,30,29.47,884.1
TXN02578,2025-07-27,P004,R01,SR019,C017,41,47.99,1967.59
TXN02579,2025-02-10,P006,R03,SR015,C109,34,30.47,1035.98
TXN02580,2024-08-12,P006,R03,SR009,C025,21,29.56,620.76
TXN02581,2024-07-13,P001,R01,SR019,C027,63,39.59,2494.17
TXN02582,2025-12-25,P002,R02,SR008,C090,46,53.44,2458.24
TXN02583,2024-09-22,P003,R02,SR026,C097,30,34.29,1028.7
TXN02584,2025-07-22,P003,R05,SR011,C081,175,36.25,6343.75
TXN02585,2025-08-20,P007,R01,SR025,C060,76,42.96,3264.96
TXN02586,2024-09-05,P006,R01,SR019,C057,71,28.63,2032.73
TXN02587,2025-12-16,P002,R01,SR013,C119,39,56.41,2199.99
TXN02588,2024-07-21,P008,R04,SR016,C004,30,32.1,963.0
TXN02589,2025-05-07,P003,R05,SR017,C084,138,34.41,4748.58
TXN02590,2024-11-14,P001,R01,SR001,C031,112,37.25,4172.0
TXN02591,2024-11-15,P006,R03,SR009,C011,50,30.39,1519.5
TXN02592,2024-08-11,P005,R05,SR029,C032,74,69.03,5108.22
TXN02593,2024-08-16,P003,R01,SR019,C017,53,33.01,1749.53
TXN02594,2024-08-24,P001,R02,SR014,C007,131,37.9,4964.9
TXN02595,2024-09-26,P005,R04,SR022,C100,43,71.91,3092.13
TXN02596,2024-02-02,P002,R03,SR009,C003,88,56.74,4993.12
TXN02597,2025-04-10,P005,R01,SR013,C031,79,68.87,5440.73
TXN02598,2025-01-30,P002,R01,SR001,C013,151,54.56,8238.56
TXN02599,2025-03-25,P007,R02,SR026,C071,61,44.05,2687.05
TXN02600,2025-08-10,P007,R06,SR024,C051,37,42.76,1582.12
TXN02601,2025-04-27,P001,R05,SR017,C063,74,42.92,3176.08
TXN02602,2024-11-06,P001,R02,SR026,C069,60,40.32,2419.2
TXN02603,2025-02-24,P005,R03,SR003,C014,114,68.87,7851.18
TXN02604,2024-07-13,P003,R01,SR007,C067,116,33.8,3920.8
TXN02605,2025-03-22,P005,R03,SR027,C019,73,70.02,5111.46
TXN02606,2025-01-07,P002,R05,SR029,C084,148,55.43,8203.64
TXN02607,2024-02-06,P004,R01,SR025,C119,39,47.2,1840.8
TXN02608,2024-03-14,P002,R01,SR013,C043,49,55.31,2710.19
TXN02609,2025-05-04,P006,R06,SR030,C106,39,28.79,1122.81
TXN02610,2025-11-10,P002,R02,SR014,C049,103,53.57,5517.71
TXN02611,2025-09-16,P003,R01,SR007,C060,73,35.25,2573.25
TXN02612,2025-09-17,P002,R03,SR009,C041,68,56.38,3833.84
TXN02613,2024-06-10,P003,R04,SR004,C039,101,36.25,3661.25
TXN02614,2024-09-26,P004,R05,SR023,C038,40,48.81,1952.4
TXN02615,2024-07-30,P006,R06,SR006,C079,87,28.6,2488.2
TXN02616,2024-08-28,P006,R03,SR009,C019,54,28.16,1520.64
TXN02617,2024-01-22,P003,R05,SR023,C056,72,34.09,2454.48
TXN02618,2024-08-19,P003,R06,SR018,C045,86,31.96,2748.56
TXN02619,2025-01-08,P001,R02,SR020,C090,88,40.94,3602.72
TXN02620,2024-10-17,P002,R02,SR008,C033,124,56.85,7049.4
TXN02621,2024-03-27,P002,R01,SR025,C057,68,55.9,3801.2
TXN02622,2025-09-26,P006,R04,SR004,C029,29,29.58,857.82
TXN02623,2024-02-13,P007,R04,SR028,C100,55,43.94,2416.7
TXN02624,2024-04-01,P006,R02,SR014,C033,120,28.97,3476.4
TXN02625,2024-10-07,P003,R02,SR008,C042,83,33.88,2812.04
TXN02626,2025-07-05,P005,R03,SR027,C037,86,65.99,5675.14
TXN02627,2025-11-29,P005,R03,SR021,C024,41,68.53,2809.73
TXN02628,2024-10-31,P002,R01,SR019,C111,143,52.98,7576.14
TXN02629,2025-12-31,P001,R02,SR026,C058,103,40.09,4129.27
TXN02630,2024-08-04,P003,R02,SR008,C042,72,34.93,2514.96
TXN02631,2024-01-16,P003,R02,SR002,C092,66,33.61,2218.26
TXN02632,2024-04-18,P001,R04,SR010,C048,100,38.65,3865.0
TXN02633,2025-04-13,P003,R03,SR027,C018,85,33.04,2808.4
TXN02634,2025-05-16,P004,R01,SR007,C060,93,47.04,4374.72
TXN02635,2024-06-04,P002,R03,SR003,C052,64,53.69,3436.16
TXN02636,2024-10-17,P006,R05,SR029,C038,36,29.03,1045.08
TXN02637,2025-05-12,P005,R05,SR023,C081,122,69.3,8454.6
TXN02638,2025-08-14,P002,R03,SR009,C024,50,54.32,2716.0
TXN02639,2024-01-08,P002,R05,SR023,C063,110,54.08,5948.8
TXN02640,2025-08-31,P004,R01,SR001,C031,78,48.08,3750.24
TXN02641,2024-02-18,P002,R02,SR020,C007,179,55.52,9938.08
TXN02642,2025-01-01,P002,R06,SR006,C086,118,55.46,6544.28
TXN02643,2025-12-31,P004,R04,SR028,C104,75,47.41,3555.75
TXN02644,2024-01-13,P001,R04,SR028,C065,52,39.44,2050.88
TXN02645,2025-06-24,P002,R02,SR014,C075,163,54.12,8821.56
TXN02646,2025-08-12,P008,R03,SR003,C052,33,31.36,1034.88
TXN02647,2024-03-30,P006,R01,SR013,C043,45,28.81,1296.45
TXN02648,2025-10-12,P007,R03,SR015,C037,61,44.32,2703.52
TXN02649,2024-07-04,P007,R06,SR006,C059,158,41.14,6500.12
TXN02650,2025-08-02,P004,R04,SR028,C029,32,50.48,1615.36
TXN02651,2025-05-27,P008,R01,SR019,C088,49,31.61,1548.89
TXN02652,2024-11-22,P003,R02,SR008,C026,46,33.27,1530.42
TXN02653,2024-03-20,P004,R01,SR001,C012,59,46.32,2732.88
TXN02654,2025-04-15,P006,R03,SR015,C003,56,28.46,1593.76
TXN02655,2024-10-27,P007,R06,SR012,C106,41,44.96,1843.36
TXN02656,2025-05-13,P003,R03,SR015,C037,65,33.76,2194.4
TXN02657,2025-04-30,P002,R03,SR009,C041,46,56.08,2579.68
TXN02658,2025-11-29,P008,R04,SR022,C004,38,31.01,1178.38
TXN02659,2025-06-03,P008,R06,SR024,C051,25,30.58,764.5
TXN02660,2024-07-22,P001,R02,SR002,C034,98,40.23,3942.54
TXN02661,2024-01-10,P007,R05,SR017,C038,42,42.81,1798.02
TXN02662,2024-01-10,P004,R06,SR006,C015,169,47.68,8057.92
TXN02663,2024-04-12,P005,R05,SR023,C020,120,72.54,8704.8
TXN02664,2024-07-19,P003,R03,SR027,C037,113,33.99,3840.87
TXN02665,2025-04-16,P002,R05,SR023,C063,111,54.55,6055.05
TXN02666,2025-01-19,P005,R01,SR019,C057,63,64.9,4088.7
TXN02667,2024-02-18,P007,R02,SR008,C069,52,42.27,2198.04
TXN02668,2025-09-23,P006,R02,SR002,C078,167,28.02,4679.34
TXN02669,2025-12-11,P006,R01,SR025,C057,68,28.97,1969.96
TXN02670,2025-08-10,P001,R01,SR019,C064,116,39.93,4631.88
TXN02671,2025-05-27,P004,R03,SR021,C014,89,47.96,4268.44
TXN02672,2024-02-27,P005,R03,SR003,C019,73,69.91,5103.43
TXN02673,2025-11-11,P005,R03,SR021,C041,60,69.68,4180.8
TXN02674,2024-04-26,P007,R05,SR011,C028,115,43.59,5012.85
TXN02675,2025-10-15,P002,R03,SR027,C019,77,54.7,4211.9
TXN02676,2025-05-29,P002,R05,SR023,C008,58,57.04,3308.32
TXN02677,2025-07-28,P006,R06,SR012,C002,71,30.03,2132.13
TXN02678,2025-08-03,P008,R01,SR025,C043,25,32.81,820.25
TXN02679,2025-05-21,P003,R03,SR027,C014,129,32.87,4240.23
TXN02680,2025-07-02,P005,R05,SR005,C107,73,68.09,4970.57
TXN02681,2025-02-05,P002,R02,SR026,C097,49,56.25,2756.25
TXN02682,2024-03-28,P004,R04,SR016,C023,149,48.76,7265.24
TXN02683,2024-09-17,P006,R01,SR025,C094,51,28.09,1432.59
TXN02684,2025-05-09,P001,R02,SR014,C033,196,37.75,7399.0
TXN02685,2024-03-22,P004,R05,SR029,C112,47,48.35,2272.45
TXN02686,2025-02-03,P005,R01,SR007,C013,88,66.97,5893.36
TXN02687,2025-07-24,P005,R04,SR004,C040,39,69.76,2720.64
TXN02688,2024-10-31,P002,R03,SR003,C006,81,54.0,4374.0
TXN02689,2024-11-15,P003,R04,SR016,C095,70,32.5,2275.0
TXN02690,2025-08-15,P001,R04,SR016,C080,161,39.57,6370.77
TXN02691,2025-01-15,P005,R03,SR027,C030,48,71.87,3449.76
TXN02692,2024-01-14,P004,R04,SR022,C023,136,47.81,6502.16
TXN02693,2025-12-06,P005,R05,SR011,C038,45,67.77,3049.65
TXN02694,2024-12-05,P001,R01,SR025,C022,134,39.89,5345.26
TXN02695,2025-12-31,P005,R05,SR023,C008,39,66.61,2597.79
TXN02696,2025-12-22,P003,R02,SR014,C090,38,33.09,1257.42
TXN02697,2024-01-28,P003,R02,SR008,C101,73,33.57,2450.61
TXN02698,2025-02-21,P005,R01,SR025,C057,57,66.5,3790.5
TXN02699,2024-12-01,P008,R05,SR017,C028,61,32.83,2002.63
TXN02700,2024-12-08,P004,R05,SR029,C114,36,47.8,1720.8
TXN02701,2025-08-23,P003,R01,SR025,C027,46,35.69,1641.74
TXN02702,2024-01-03,P006,R03,SR015,C011,36,29.49,1061.64
TXN02703,2024-09-28,P003,R03,SR015,C018,49,33.3,1631.7
TXN02704,2024-08-04,P004,R04,SR004,C023,116,49.97,5796.52
TXN02705,2025-07-21,P005,R01,SR007,C012,48,70.65,3391.2
TXN02706,2024-10-30,P007,R04,SR028,C065,32,46.15,1476.8
TXN02707,2024-04-21,P001,R03,SR021,C025,55,39.07,2148.85
TXN02708,2024-03-13,P002,R02,SR026,C042,110,55.14,6065.4
TXN02709,2025-12-14,P003,R01,SR007,C060,87,33.75,2936.25
TXN02710,2025-05-24,P007,R01,SR019,C088,75,41.91,3143.25
TXN02711,2024-06-11,P006,R06,SR024,C050,31,29.85,925.35
TXN02712,2024-07-11,P001,R05,SR029,C063,75,39.88,2991.0
TXN02713,2025-06-05,P005,R06,SR024,C120,65,65.08,4230.2
TXN02714,2025-10-16,P002,R03,SR009,C054,42,57.21,2402.82
TXN02715,2024-03-19,P004,R03,SR027,C011,80,49.14,3931.2
TXN02716,2025-09-10,P002,R02,SR026,C105,64,55.11,3527.04
TXN02717,2024-12-11,P002,R03,SR009,C054,55,54.76,3011.8
TXN02718,2025-02-16,P005,R06,SR030,C099,41,66.63,2731.83
TXN02719,2025-09-28,P004,R05,SR017,C081,100,46.01,4601.0
TXN02720,2025-11-18,P004,R02,SR020,C092,45,48.64,2188.8
TXN02721,2024-04-17,P002,R01,SR019,C031,116,53.92,6254.72
TXN02722,2025-08-21,P008,R06,SR024,C087,41,32.7,1340.7
TXN02723,2025-10-17,P005,R03,SR009,C014,45,65.45,2945.25
TXN02724,2024-08-11,P006,R01,SR025,C067,115,27.69,3184.35
TXN02725,2024-05-21,P003,R04,SR004,C070,137,32.76,4488.12
TXN02726,2024-06-22,P005,R04,SR016,C095,47,66.84,3141.48
TXN02727,2025-10-18,P002,R01,SR019,C043,53,56.82,3011.46
TXN02728,2024-11-09,P004,R01,SR013,C031,96,48.75,4680.0
TXN02729,2025-09-24,P001,R04,SR016,C070,162,39.37,6377.94
TXN02730,2024-08-28,P006,R01,SR019,C013,115,28.89,3322.35
TXN02731,2025-08-17,P005,R02,SR002,C036,52,68.07,3539.64
TXN02732,2025-01-30,P007,R02,SR002,C036,64,43.6,2790.4
TXN02733,2024-08-20,P005,R01,SR001,C094,34,67.49,2294.66
TXN02734,2025-09-15,P003,R01,SR001,C057,73,34.45,2514.85
TXN02735,2024-11-17,P002,R06,SR030,C087,66,55.06,3633.96
TXN02736,2025-12-17,P007,R04,SR028,C005,68,43.86,2982.48
TXN02737,2024-09-25,P005,R03,SR003,C072,40,64.84,2593.6
TXN02738,2024-04-26,P008,R03,SR003,C019,69,31.75,2190.75
TXN02739,2024-07-02,P008,R01,SR019,C043,43,32.27,1387.61
TXN02740,2025-08-03,P007,R03,SR009,C024,36,44.07,1586.52
TXN02741,2024-05-15,P002,R05,SR005,C096,82,57.32,4700.24
TXN02742,2025-08-15,P001,R03,SR021,C014,151,40.31,6086.81
TXN02743,2025-08-26,P008,R04,SR028,C039,71,31.34,2225.14
TXN02744,2025-03-17,P008,R02,SR002,C058,95,31.47,2989.65
TXN02745,2025-11-25,P001,R02,SR026,C092,80,40.71,3256.8
TXN02746,2025-06-22,P002,R02,SR002,C042,148,56.5,8362.0
TXN02747,2025-05-07,P001,R04,SR016,C070,206,40.45,8332.7
TXN02748,2024-11-02,P004,R06,SR012,C098,96,46.24,4439.04
TXN02749,2025-08-28,P006,R04,SR004,C080,95,29.09,2763.55
TXN02750,2025-09-24,P004,R01,SR013,C064,84,47.85,4019.4
TXN02751,2024-09-17,P008,R05,SR029,C112,35,32.68,1143.8
TXN02752,2025-10-30,P008,R04,SR022,C040,54,32.93,1778.22
TXN02753,2024-07-13,P005,R05,SR005,C063,64,66.35,4246.4
TXN02754,2025-07-11,P002,R01,SR025,C017,52,53.62,2788.24
TXN02755,2025-12-19,P008,R01,SR007,C022,63,31.28,1970.64
TXN02756,2025-11-23,P007,R01,SR019,C060,88,41.45,3647.6
TXN02757,2024-02-29,P003,R01,SR007,C094,41,31.47,1290.27
TXN02758,2025-08-19,P005,R01,SR013,C119,24,68.75,1650.0
TXN02759,2025-05-07,P007,R01,SR013,C064,106,47.68,5054.08
TXN02760,2024-06-16,P001,R03,SR021,C054,87,40.68,3539.16
TXN02761,2025-11-15,P003,R01,SR019,C055,68,34.36,2336.48
TXN02762,2025-10-24,P001,R06,SR024,C074,59,40.08,2364.72
TXN02763,2025-04-18,P008,R01,SR025,C064,89,31.12,2769.68
TXN02764,2025-03-01,P005,R03,SR027,C011,60,69.78,4186.8
TXN02765,2024-09-07,P001,R01,SR025,C088,73,40.88,2984.24
TXN02766,2024-07-02,P006,R01,SR013,C055,64,27.29,1746.56
TXN02767,2025-08-13,P007,R04,SR022,C046,31,44.32,1373.92
TXN02768,2024-07-13,P002,R05,SR011,C107,109,54.35,5924.15
TXN02769,2024-10-24,P001,R05,SR023,C083,77,39.58,3047.66
TXN02770,2025-02-15,P006,R03,SR003,C006,54,30.07,1623.78
TXN02771,2024-05-08,P007,R01,SR007,C055,59,41.95,2475.05
TXN02772,2024-01-11,P003,R05,SR023,C008,43,33.12,1424.16
TXN02773,2025-03-10,P007,R06,SR030,C113,64,39.11,2503.04
TXN02774,2025-07-14,P001,R05,SR011,C084,198,39.4,7801.2
TXN02775,2025-10-17,P005,R02,SR002,C069,41,70.19,2877.79
TXN02776,2024-08-04,P008,R02,SR008,C007,72,32.66,2351.52
TXN02777,2025-11-03,P004,R02,SR026,C075,144,46.82,6742.08
TXN02778,2024-06-30,P001,R06,SR018,C077,101,39.63,4002.63
TXN02779,2025-02-19,P007,R01,SR007,C111,106,45.17,4788.02
TXN02780,2024-04-21,P003,R01,SR019,C111,144,34.16,4919.04
TXN02781,2025-05-02,P001,R05,SR023,C063,139,39.56,5498.84
TXN02782,2024-03-15,P003,R04,SR016,C104,66,34.57,2281.62
TXN02783,2025-03-22,P005,R05,SR023,C032,99,59.19,5859.81
TXN02784,2024-09-28,P002,R04,SR010,C102,94,55.66,5232.04
TXN02785,2025-11-02,P004,R03,SR009,C011,50,48.63,2431.5
TXN02786,2025-10-26,P003,R02,SR008,C033,137,34.46,4721.02
TXN02787,2024-12-12,P002,R02,SR008,C069,48,55.12,2645.76
TXN02788,2025-11-15,P002,R02,SR014,C105,53,57.47,3045.91
TXN02789,2024-11-22,P001,R04,SR016,C010,183,38.73,7087.59
TXN02790,2024-07-28,P003,R02,SR026,C026,63,33.52,2111.76
TXN02791,2024-07-27,P004,R06,SR024,C015,127,47.24,5999.48
TXN02792,2025-05-29,P005,R01,SR013,C013,113,68.15,7700.95
TXN02793,2025-02-05,P006,R02,SR002,C026,92,28.42,2614.64
TXN02794,2025-03-24,P005,R02,SR014,C007,111,68.33,7584.63
TXN02795,2025-04-21,P002,R06,SR030,C044,85,53.32,4532.2
TXN02796,2025-12-04,P005,R02,SR014,C036,40,66.9,2676.0
TXN02797,2024-08-03,P002,R04,SR022,C004,70,53.49,3744.3
TXN02798,2024-06-09,P002,R04,SR022,C104,81,53.91,4366.71
TXN02799,2025-05-01,P005,R01,SR001,C057,66,69.54,4589.64
TXN02800,2024-06-15,P006,R05,SR017,C008,35,28.31,990.85
TXN02801,2024-05-10,P006,R01,SR019,C027,49,29.66,1453.34
TXN02802,2024-07-04,P003,R03,SR003,C072,65,35.16,2285.4
TXN02803,2024-10-22,P001,R01,SR019,C031,113,39.92,4510.96
TXN02804,2024-05-05,P002,R01,SR025,C027,44,56.7,2494.8
TXN02805,2024-11-07,P001,R02,SR020,C092,54,40.55,2189.7
TXN02806,2024-07-11,P001,R05,SR017,C081,143,40.3,5762.9
TXN02807,2024-05-16,P002,R01,SR019,C043,62,56.96,3531.52
TXN02808,2025-03-14,P006,R04,SR022,C005,60,31.46,1887.6
TXN02809,2024-01-31,P005,R02,SR014,C090,23,64.01,1472.23
TXN02810,2025-12-08,P006,R02,SR002,C049,107,29.95,3204.65
TXN02811,2025-12-10,P002,R03,SR009,C009,39,55.29,2156.31
TXN02812,2025-12-16,P002,R06,SR030,C085,116,56.49,6552.84
TXN02813,2024-08-01,P002,R03,SR015,C053,57,58.87,3355.59
TXN02814,2024-08-24,P006,R05,SR011,C093,70,31.03,2172.1
TXN02815,2024-05-05,P002,R05,SR011,C084,203,54.06,10974.18
TXN02816,2024-05-14,P004,R01,SR007,C012,64,45.3,2899.2
TXN02817,2024-08-16,P003,R06,SR012,C062,48,32.57,1563.36
TXN02818,2025-02-18,P008,R01,SR007,C067,85,31.72,2696.2
TXN02819,2025-07-10,P004,R02,SR002,C042,127,50.7,6438.9
TXN02820,2024-01-24,P001,R04,SR022,C039,135,40.67,5490.45
TXN02821,2024-09-17,P005,R04,SR016,C046,27,66.31,1790.37
TXN02822,2025-09-01,P008,R02,SR008,C058,50,30.21,1510.5
TXN02823,2024-12-28,P002,R01,SR019,C111,131,49.85,6530.35
TXN02824,2025-12-02,P007,R05,SR023,C038,56,42.61,2386.16
TXN02825,2024-06-10,P005,R04,SR022,C046,31,67.85,2103.35
TXN02826,2025-02-11,P003,R04,SR028,C104,57,34.06,1941.42
TXN02827,2024-10-07,P002,R04,SR028,C104,76,57.0,4332.0
TXN02828,2024-03-27,P004,R06,SR030,C106,33,50.1,1653.3
TXN02829,2025-06-04,P008,R04,SR028,C004,46,32.35,1488.1
TXN02830,2024-05-09,P005,R04,SR016,C004,48,69.95,3357.6
TXN02831,2024-04-26,P002,R02,SR020,C108,71,53.5,3798.5
TXN02832,2025-06-03,P003,R03,SR015,C041,52,32.72,1701.44
TXN02833,2025-02-21,P005,R03,SR015,C024,35,65.0,2275.0
TXN02834,2024-02-07,P006,R04,SR004,C010,109,29.22,3184.98
TXN02835,2024-12-16,P001,R03,SR021,C011,86,41.74,3589.64
TXN02836,2025-07-30,P002,R03,SR009,C003,79,57.31,4527.49
TXN02837,2024-01-10,P002,R06,SR024,C059,135,54.19,7315.65
TXN02838,2025-09-16,P002,R04,SR022,C039,109,55.11,6006.99
TXN02839,2025-05-14,P003,R02,SR020,C042,112,33.91,3797.92
TXN02840,2024-10-22,P001,R01,SR019,C119,41,37.81,1550.21
TXN02841,2025-10-16,P002,R01,SR001,C119,36,52.8,1900.8
TXN02842,2025-04-04,P007,R05,SR011,C008,37,42.35,1566.95
TXN02843,2025-05-18,P005,R04,SR016,C046,30,63.01,1890.3
TXN02844,2024-12-17,P002,R06,SR024,C051,41,55.95,2293.95
TXN02845,2025-06-03,P005,R04,SR004,C102,73,71.04,5185.92
TXN02846,2025-04-09,P004,R05,SR017,C107,91,50.02,4551.82
TXN02847,2024-07-12,P008,R06,SR006,C047,41,32.76,1343.16
TXN02848,2024-08-18,P001,R04,SR022,C091,146,38.27,5587.42
TXN02849,2025-09-06,P003,R04,SR016,C004,30,34.53,1035.9
TXN02850,2024-10-01,P008,R05,SR017,C063,48,33.86,1625.28
TXN02851,2024-02-13,P001,R03,SR009,C024,48,41.89,2010.72
TXN02852,2024-01-30,P002,R01,SR019,C067,170,54.61,9283.7
TXN02853,2025-02-11,P001,R03,SR003,C011,112,38.83,4348.96
TXN02854,2025-08-20,P004,R01,SR025,C111,115,52.48,6035.2
TXN02855,2025-08-02,P006,R05,SR023,C107,96,27.72,2661.12
TXN02856,2024-03-31,P006,R01,SR001,C043,43,29.32,1260.76
TXN02857,2024-12-22,P005,R03,SR003,C025,31,69.02,2139.62
TXN02858,2024-10-08,P002,R04,SR022,C100,76,54.61,4150.36
TXN02859,2024-07-08,P003,R05,SR005,C115,140,32.41,4537.4
TXN02860,2024-03-21,P004,R04,SR022,C080,143,48.5,6935.5
TXN02861,2024-02-11,P002,R03,SR003,C109,76,54.12,4113.12
TXN02862,2025-06-12,P002,R06,SR006,C077,124,56.68,7028.32
TXN02863,2025-08-23,P003,R06,SR006,C016,105,33.9,3559.5
TXN02864,2025-07-04,P006,R05,SR017,C107,78,30.69,2393.82
TXN02865,2025-06-17,P002,R04,SR028,C010,156,59.3,9250.8
TXN02866,2025-03-23,P007,R05,SR005,C081,122,42.9,5233.8
TXN02867,2024-05-21,P004,R01,SR019,C013,125,50.15,6268.75
TXN02868,2024-05-26,P001,R06,SR006,C050,60,42.74,2564.4
TXN02869,2024-10-01,P002,R05,SR029,C032,99,59.25,5865.75
TXN02870,2024-03-24,P001,R01,SR007,C088,69,37.89,2614.41
TXN02871,2024-04-02,P001,R01,SR001,C031,114,38.96,4441.44
TXN02872,2025-07-23,P004,R05,SR005,C020,102,49.34,5032.68
TXN02873,2025-05-13,P006,R05,SR011,C107,109,29.05,3166.45
TXN02874,2025-08-06,P001,R02,SR014,C026,72,41.28,2972.16
TXN02875,2024-10-14,P006,R01,SR025,C031,70,27.64,1934.8
TXN02876,2025-11-20,P002,R03,SR003,C011,96,54.37,5219.52
TXN02877,2025-06-12,P008,R02,SR008,C075,97,34.2,3317.4
TXN02878,2024-10-06,P002,R03,SR009,C009,47,56.45,2653.15
TXN02879,2025-11-04,P005,R05,SR029,C032,74,67.35,4983.9
TXN02880,2024-03-22,P002,R01,SR019,C043,50,54.91,2745.5
TXN02881,2025-11-08,P003,R03,SR003,C053,71,34.37,2440.27
TXN02882,2024-02-15,P002,R04,SR004,C104,64,58.85,3766.4
TXN02883,2024-08-18,P001,R01,SR007,C012,62,40.25,2495.5
TXN02884,2024-02-17,P001,R02,SR014,C105,47,38.83,1825.01
TXN02885,2024-02-17,P005,R06,SR006,C045,88,71.54,6295.52
TXN02886,2024-10-22,P007,R04,SR028,C039,89,44.58,3967.62
TXN02887,2025-02-13,P007,R04,SR022,C102,98,44.33,4344.34
TXN02888,2024-04-08,P004,R01,SR025,C043,48,49.54,2377.92
TXN02889,2025-02-17,P001,R06,SR024,C079,160,40.52,6483.2
TXN02890,2025-12-29,P001,R01,SR001,C060,110,41.19,4530.9
TXN02891,2025-05-21,P003,R04,SR016,C104,75,34.92,2619.0
TXN02892,2025-05-09,P002,R05,SR005,C115,191,54.79,10464.89
TXN02893,2024-07-30,P005,R01,SR019,C094,62,69.24,4292.88
TXN02894,2025-08-16,P007,R05,SR017,C084,109,40.71,4437.39
TXN02895,2024-03-13,P007,R02,SR020,C069,53,43.8,2321.4
TXN02896,2024-01-17,P001,R01,SR013,C043,55,42.95,2362.25
TXN02897,2024-07-06,P003,R03,SR027,C054,58,34.4,1995.2
TXN02898,2024-02-21,P007,R05,SR005,C107,106,40.93,4338.58
TXN02899,2025-03-13,P006,R01,SR013,C067,164,28.66,4700.24
TXN02900,2025-05-30,P008,R05,SR029,C107,67,32.63,2186.21
TXN02901,2025-09-02,P003,R02,SR014,C092,43,34.63,1489.09
TXN02902,2024-03-01,P008,R03,SR009,C019,39,31.72,1237.08
TXN02903,2025-02-04,P008,R01,SR019,C057,43,30.57,1314.51
TXN02904,2024-07-09,P001,R05,SR017,C107,122,38.28,4670.16
TXN02905,2025-01-21,P002,R01,SR001,C094,81,55.75,4515.75
TXN02906,2025-03-31,P005,R06,SR018,C118,46,71.5,3289.0
TXN02907,2025-10-04,P007,R02,SR008,C105,36,44.96,1618.56
TXN02908,2025-08-01,P004,R02,SR020,C069,50,50.16,2508.0
TXN02909,2024-10-13,P006,R02,SR002,C042,82,28.55,2341.1
TXN02910,2025-10-08,P008,R02,SR020,C090,27,32.11,866.97
TXN02911,2024-06-07,P001,R01,SR013,C055,95,41.58,3950.1
TXN02912,2025-04-11,P004,R06,SR012,C106,42,47.77,2006.34
TXN02913,2025-03-26,P001,R06,SR024,C045,127,40.84,5186.68
TXN02914,2024-12-25,P005,R01,SR025,C027,27,67.63,1826.01
TXN02915,2025-06-07,P006,R01,SR013,C067,113,27.88,3150.44
TXN02916,2024-03-20,P003,R01,SR019,C012,70,37.48,2623.6
TXN02917,2025-07-31,P004,R03,SR015,C025,27,48.65,1313.55
TXN02918,2025-11-02,P007,R06,SR030,C001,38,43.97,1670.86
TXN02919,2025-12-21,P005,R01,SR007,C094,52,67.67,3518.84
TXN02920,2025-11-21,P004,R02,SR014,C036,40,52.03,2081.2
TXN02921,2024-01-02,P001,R04,SR022,C091,128,40.73,5213.44
TXN02922,2025-01-26,P005,R06,SR024,C047,29,66.54,1929.66
TXN02923,2025-08-16,P005,R05,SR017,C032,77,63.81,4913.37
TXN02924,2025-12-31,P004,R05,SR017,C107,83,48.8,4050.4
TXN02925,2025-09-02,P002,R02,SR014,C108,54,53.7,2899.8
TXN02926,2025-07-24,P002,R02,SR002,C069,69,57.64,3977.16
TXN02927,2024-06-25,P004,R06,SR006,C110,78,49.36,3850.08
TXN02928,2024-01-08,P005,R03,SR027,C018,64,67.03,4289.92
TXN02929,2025-05-26,P002,R02,SR002,C007,234,52.41,12263.94
TXN02930,2025-12-02,P007,R01,SR007,C027,37,43.39,1605.43
TXN02931,2024-04-29,P008,R06,SR018,C085,66,30.55,2016.3
TXN02932,2025-05-05,P008,R04,SR028,C010,102,31.4,3202.8
TXN02933,2024-01-13,P001,R04,SR016,C100,82,43.46,3563.72
TXN02934,2025-07-21,P003,R01,SR013,C027,40,33.61,1344.4
TXN02935,2025-10-14,P008,R02,SR020,C092,36,32.26,1161.36
TXN02936,2024-09-27,P002,R05,SR029,C112,61,57.28,3494.08
TXN02937,2024-09-16,P008,R02,SR020,C049,58,31.47,1825.26
TXN02938,2024-12-20,P002,R06,SR006,C021,87,56.15,4885.05
TXN02939,2025-03-24,P005,R01,SR025,C022,82,67.13,5504.66
TXN02940,2025-03-29,P001,R01,SR013,C013,211,39.37,8307.07
TXN02941,2025-11-29,P001,R06,SR006,C074,52,38.68,2011.36
TXN02942,2025-09-01,P007,R01,SR019,C088,58,41.46,2404.68
TXN02943,2025-05-24,P008,R04,SR022,C023,104,31.68,3294.72
TXN02944,2025-02-24,P008,R01,SR013,C031,62,32.6,2021.2
TXN02945,2024-06-17,P003,R05,SR029,C028,91,34.13,3105.83
TXN02946,2024-02-28,P008,R02,SR008,C026,52,33.88,1761.76
TXN02947,2025-05-31,P001,R04,SR028,C005,85,39.12,3325.2
TXN02948,2025-12-07,P005,R01,SR025,C031,82,67.92,5569.44
TXN02949,2024-10-20,P005,R01,SR013,C022,80,66.66,5332.8
TXN02950,2025-06-02,P008,R05,SR017,C063,47,32.25,1515.75
TXN02951,2025-07-18,P006,R01,SR013,C060,91,27.71,2521.61
TXN02952,2025-06-09,P002,R02,SR020,C026,96,56.64,5437.44
TXN02953,2025-03-28,P002,R03,SR021,C006,82,55.94,4587.08
TXN02954,2024-04-25,P004,R04,SR028,C091,73,49.54,3616.42
TXN02955,2025-04-01,P001,R02,SR002,C058,152,39.63,6023.76
TXN02956,2025-07-29,P002,R01,SR019,C012,70,58.07,4064.9
TXN02957,2024-01-27,P008,R02,SR014,C090,31,33.42,1036.02
TXN02958,2025-10-17,P001,R02,SR026,C097,52,42.94,2232.88
TXN02959,2024-12-01,P005,R02,SR008,C036,27,71.32,1925.64
TXN02960,2025-05-07,P004,R03,SR003,C041,79,49.51,3911.29
TXN02961,2024-03-06,P006,R03,SR015,C072,27,28.13,759.51
TXN02962,2024-03-11,P005,R05,SR023,C038,49,67.59,3311.91
TXN02963,2024-03-29,P001,R05,SR011,C093,103,39.92,4111.76
TXN02964,2024-01-29,P005,R03,SR015,C019,55,65.8,3619.0
TXN02965,2025-09-09,P007,R01,SR013,C043,40,42.29,1691.6
TXN02966,2025-08-02,P002,R06,SR024,C077,96,52.34,5024.64
TXN02967,2025-05-07,P004,R05,SR023,C081,173,50.8,8788.4
TXN02968,2025-02-03,P008,R06,SR012,C116,24,32.38,777.12
TXN02969,2024-09-07,P007,R02,SR002,C007,137,43.94,6019.78
TXN02970,2024-09-06,P005,R01,SR001,C067,107,69.0,7383.0
TXN02971,2024-07-27,P004,R06,SR006,C016,107,50.03,5353.21
TXN02972,2024-10-31,P004,R01,SR001,C060,86,49.68,4272.48
TXN02973,2024-01-13,P001,R01,SR019,C022,127,36.62,4650.74
TXN02974,2025-01-02,P006,R04,SR028,C103,83,26.97,2238.51
TXN02975,2025-12-22,P006,R05,SR023,C081,126,29.78,3752.28
TXN02976,2025-07-31,P005,R03,SR027,C053,81,68.19,5523.39
TXN02977,2025-01-09,P007,R02,SR026,C026,67,42.08,2819.36
TXN02978,2024-11-18,P006,R06,SR024,C021,49,29.31,1436.19
TXN02979,2025-05-25,P001,R06,SR024,C113,90,41.41,3726.9
TXN02980,2025-08-15,P002,R03,SR003,C053,92,55.9,5142.8
TXN02981,2025-08-18,P006,R01,SR025,C027,37,29.1,1076.7
TXN02982,2025-07-18,P002,R01,SR013,C057,92,53.53,4924.76
TXN02983,2025-01-11,P006,R05,SR011,C107,89,28.29,2517.81
TXN02984,2024-07-21,P003,R03,SR027,C037,114,33.73,3845.22
TXN02985,2025-11-15,P001,R04,SR004,C046,27,37.48,1011.96
TXN02986,2025-10-13,P004,R01,SR007,C088,44,47.86,2105.84
TXN02987,2024-09-15,P004,R04,SR028,C010,112,48.28,5407.36
TXN02988,2024-09-10,P004,R03,SR021,C053,69,50.32,3472.08
TXN02989,2025-08-28,P002,R02,SR002,C058,140,54.0,7560.0
TXN02990,2024-05-23,P002,R02,SR002,C069,53,54.02,2863.06
TXN02991,2024-06-24,P003,R03,SR021,C011,67,33.75,2261.25
TXN02992,2024-06-07,P004,R01,SR007,C027,38,51.26,1947.88
TXN02993,2024-09-21,P001,R03,SR021,C041,92,38.94,3582.48
TXN02994,2024-11-09,P004,R04,SR028,C095,46,44.31,2038.26
TXN02995,2024-10-25,P007,R02,SR026,C101,84,42.05,3532.2
TXN02996,2025-11-22,P005,R01,SR019,C031,66,66.92,4416.72
TXN02997,2024-07-12,P002,R06,SR012,C066,111,56.6,6282.6
TXN02998,2025-12-30,P003,R01,SR025,C017,36,33.97,1222.92
TXN02999,2024-06-10,P001,R02,SR014,C034,94,40.93,3847.42
TXN03000,2025-08-30,P001,R01,SR007,C088,73,40.29,2941.17
TXN03001,2024-10-19,P002,R01,SR019,C017,52,53.9,2802.8
TXN03002,2025-01-29,P003,R04,SR010,C039,80,36.23,2898.4
TXN03003,2025-12-08,P001,R03,SR027,C109,65,40.27,2617.55
TXN03004,2025-04-07,P006,R01,SR019,C067,115,29.96,3445.4
TXN03005,2025-12-01,P006,R01,SR007,C022,63,29.28,1844.64
TXN03006,2025-04-03,P002,R02,SR014,C026,87,54.9,4776.3
TXN03007,2024-07-21,P001,R01,SR007,C111,137,39.11,5358.07
TXN03008,2024-08-23,P003,R03,SR027,C030,66,34.72,2291.52
TXN03009,2024-02-29,P003,R03,SR003,C003,107,34.45,3686.15
TXN03010,2024-05-21,P006,R03,SR027,C014,95,27.86,2646.7
TXN03011,2024-04-27,P001,R03,SR015,C009,44,42.36,1863.84
TXN03012,2024-03-28,P003,R01,SR025,C055,72,35.1,2527.2
TXN03013,2025-11-10,P007,R02,SR008,C097,26,41.77,1086.02
TXN03014,2025-11-24,P004,R01,SR025,C027,46,47.86,2201.56
TXN03015,2024-07-18,P001,R01,SR025,C057,98,39.73,3893.54
TXN03016,2025-07-24,P004,R03,SR015,C072,34,48.35,1643.9
TXN03017,2025-10-01,P001,R04,SR010,C040,92,38.59,3550.28
TXN03018,2024-08-10,P007,R03,SR021,C011,58,42.88,2487.04
TXN03019,2025-05-31,P006,R01,SR025,C031,75,28.85,2163.75
TXN03020,2025-09-13,P003,R06,SR030,C099,44,33.21,1461.24
TXN03021,2025-08-19,P004,R03,SR021,C072,44,52.03,2289.32
TXN03022,2025-07-26,P007,R06,SR024,C118,48,41.83,2007.84
TXN03023,2025-02-08,P002,R02,SR026,C108,105,56.23,5904.15
TXN03024,2025-09-13,P008,R03,SR027,C037,70,33.91,2373.7
TXN03025,2025-06-16,P001,R03,SR015,C006,68,38.51,2618.68
TXN03026,2025-03-29,P006,R01,SR025,C088,60,27.97,1678.2
TXN03027,2025-09-02,P008,R02,SR008,C042,67,31.3,2097.1
TXN03028,2024-11-06,P005,R01,SR025,C043,35,70.54,2468.9
TXN03029,2025-05-14,P003,R01,SR019,C094,65,35.34,2297.1
TXN03030,2024-05-16,P002,R05,SR011,C032,154,56.0,8624.0
TXN03031,2024-09-14,P002,R01,SR007,C094,68,56.12,3816.16
TXN03032,2024-02-27,P004,R03,SR027,C030,68,50.01,3400.68
TXN03033,2024-06-11,P007,R05,SR023,C032,116,43.96,5099.36
TXN03034,2025-01-03,P008,R02,SR008,C108,47,32.33,1519.51
TXN03035,2025-06-14,P006,R03,SR009,C054,64,27.47,1758.08
TXN03036,2024-03-04,P002,R05,SR005,C028,120,51.75,6210.0
TXN03037,2024-05-03,P001,R01,SR001,C043,66,39.54,2609.64
TXN03038,2024-12-07,P001,R05,SR005,C114,61,40.27,2456.47
TXN03039,2025-05-23,P004,R01,SR001,C094,68,52.28,3555.04
TXN03040,2025-03-18,P008,R05,SR005,C063,45,32.56,1465.2
TXN03041,2024-11-01,P003,R05,SR029,C008,30,33.66,1009.8
TXN03042,2024-03-13,P008,R05,SR029,C028,51,31.78,1620.78
TXN03043,2025-04-18,P005,R01,SR007,C022,81,69.88,5660.28
TXN03044,2025-03-11,P004,R06,SR030,C035,88,45.89,4038.32
TXN03045,2025-11-24,P002,R04,SR010,C091,93,54.66,5083.38
TXN03046,2025-01-16,P003,R02,SR002,C026,91,33.96,3090.36
TXN03047,2025-11-27,P002,R03,SR027,C003,103,55.36,5702.08
TXN03048,2025-10-05,P007,R05,SR005,C056,46,41.38,1903.48
TXN03049,2025-01-01,P008,R05,SR029,C028,53,29.88,1583.64
TXN03050,2025-03-04,P002,R02,SR014,C049,115,54.17,6229.55
TXN03051,2024-05-12,P001,R02,SR020,C090,58,42.18,2446.44
TXN03052,2024-01-16,P004,R03,SR003,C024,42,49.69,2086.98
TXN03053,2024-08-08,P001,R01,SR001,C012,67,40.45,2710.15
TXN03054,2025-04-04,P002,R05,SR017,C020,124,51.93,6439.32
TXN03055,2025-11-02,P004,R04,SR022,C029,29,49.17,1425.93
TXN03056,2025-10-01,P004,R05,SR029,C056,39,47.6,1856.4
TXN03057,2025-11-16,P003,R05,SR017,C028,70,31.49,2204.3
TXN03058,2025-12-29,P004,R01,SR007,C094,47,50.05,2352.35
TXN03059,2025-03-18,P005,R02,SR014,C033,117,68.23,7982.91
TXN03060,2024-09-09,P007,R02,SR020,C058,72,42.4,3052.8
TXN03061,2024-09-17,P003,R06,SR018,C066,55,33.14,1822.7
TXN03062,2024-12-10,P002,R01,SR013,C055,74,55.46,4104.04
TXN03063,2024-06-06,P008,R01,SR001,C094,44,31.18,1371.92
TXN03064,2025-11-14,P001,R03,SR015,C009,32,37.72,1207.04
TXN03065,2024-07-09,P006,R01,SR007,C031,76,28.75,2185.0
TXN03066,2024-03-31,P003,R02,SR008,C075,102,35.0,3570.0
TXN03067,2025-02-18,P006,R02,SR002,C069,60,29.76,1785.6
TXN03068,2025-09-30,P001,R01,SR001,C027,53,38.32,2030.96
TXN03069,2024-10-30,P005,R06,SR018,C044,40,69.83,2793.2
TXN03070,2025-03-11,P004,R04,SR022,C023,137,45.39,6218.43
TXN03071,2025-08-21,P006,R02,SR002,C007,141,30.64,4320.24
TXN03072,2025-09-27,P004,R02,SR008,C097,36,47.41,1706.76
TXN03073,2025-11-18,P004,R04,SR022,C080,110,50.21,5523.1
TXN03074,2025-11-18,P006,R05,SR011,C081,123,28.36,3488.28
TXN03075,2025-09-23,P004,R01,SR013,C013,122,52.75,6435.5
TXN03076,2025-07-10,P002,R04,SR022,C102,128,53.22,6812.16
TXN03077,2024-08-18,P003,R02,SR014,C101,70,35.13,2459.1
TXN03078,2025-07-17,P003,R03,SR015,C082,40,32.73,1309.2
TXN03079,2024-07-05,P004,R04,SR028,C104,68,52.13,3544.84
TXN03080,2024-10-24,P003,R01,SR013,C119,35,34.55,1209.25
TXN03081,2024-01-19,P006,R06,SR018,C074,37,27.74,1026.38
TXN03082,2025-01-15,P001,R03,SR027,C082,97,39.67,3847.99
TXN03083,2025-08-27,P002,R02,SR014,C090,64,55.53,3553.92
TXN03084,2025-08-15,P003,R05,SR011,C068,48,35.12,1685.76
TXN03085,2024-02-06,P003,R01,SR013,C088,72,34.11,2455.92
TXN03086,2024-01-01,P006,R02,SR020,C071,50,28.52,1426.0
TXN03087,2024-04-28,P006,R03,SR027,C025,29,28.21,818.09
TXN03088,2024-12-26,P004,R01,SR013,C031,89,47.67,4242.63
TXN03089,2024-12-11,P004,R05,SR011,C096,71,50.44,3581.24
TXN03090,2024-03-25,P005,R01,SR013,C088,59,70.54,4161.86
TXN03091,2024-09-09,P001,R01,SR025,C012,78,39.53,3083.34
TXN03092,2025-12-25,P001,R01,SR013,C022,125,39.48,4935.0
TXN03093,2025-04-18,P004,R01,SR019,C088,70,51.65,3615.5
TXN03094,2024-11-16,P008,R06,SR030,C089,22,29.95,658.9
TXN03095,2024-06-14,P002,R01,SR019,C064,120,53.03,6363.6
TXN03096,2024-04-03,P002,R01,SR013,C043,50,56.25,2812.5
TXN03097,2025-10-25,P002,R05,SR023,C093,85,50.64,4304.4
TXN03098,2024-09-18,P004,R05,SR023,C056,46,50.19,2308.74
TXN03099,2024-11-10,P006,R04,SR028,C065,41,,1130.78
TXN03100,2024-04-21,P002,R05,SR029,C112,59,52.8,3115.2
TXN03101,2025-02-03,P007,R05,SR017,C038,42,41.3,1734.6
TXN03102,2024-04-09,P008,R05,SR005,C038,47,32.02,1504.94
TXN03103,2025-08-24,P002,R05,SR005,C008,51,51.15,2608.65
TXN03104,2025-10-29,P005,R04,SR028,C004,37,68.32,2527.84
TXN03105,2024-04-03,P004,R01,SR001,C043,41,47.93,1965.13
TXN03106,2024-12-28,P001,R06,SR006,C076,87,39.82,3464.34
TXN03107,2024-02-29,P006,R02,SR020,C058,75,29.26,2194.5
TXN03108,2025-01-27,P001,R01,SR025,C017,59,40.48,2388.32
TXN03109,2025-04-07,P007,R03,SR015,C109,31,41.87,1297.97
TXN03110,2024-05-21,P001,R02,SR020,C105,54,41.37,2233.98
TXN03111,2025-01-22,P002,R01,SR013,C043,70,54.54,3817.8
TXN03112,2025-06-11,P005,R03,SR003,C011,61,66.98,4085.78
TXN03113,2025-08-08,P002,R01,SR013,C094,80,53.64,4291.2
TXN03114,2024-09-04,P002,R01,SR025,C012,66,52.34,3454.44
TXN03115,2024-12-29,P001,R01,SR019,C027,53,37.93,2010.29
TXN03116,2024-04-26,P005,R01,SR013,C013,123,74.94,9217.62
TXN03117,2025-06-14,P002,R02,SR014,C042,110,56.69,6235.9
TXN03118,2024-12-21,P008,R04,SR022,C091,69,31.26,2156.94
TXN03119,2024-02-12,P002,R04,SR016,,56,57.69,3230.64
TXN03120,2024-06-06,P001,R05,SR017,C073,73,41.33,3017.09
TXN03121,2024-05-08,P003,R03,SR021,C024,62,33.79,2094.98
TXN03122,2025-07-23,P007,R02,SR020,C075,148,42.59,6303.32
TXN03123,2024-06-18,P007,R02,SR008,C058,56,42.99,2407.44
TXN03124,2024-01-16,P007,R05,SR005,C115,120,39.34,4720.8
TXN03125,2025-10-03,P007,R01,SR025,C027,42,44.41,1865.22
TXN03126,2025-11-26,P002,R02,SR020,C049,136,54.93,7470.48
TXN03127,2025-07-06,P003,R01,SR025,C067,111,35.62,3953.82
TXN03128,2024-06-08,P007,R04,SR028,C048,74,47.14,3488.36
TXN03129,2024-07-21,P003,R02,SR026,C034,68,32.83,2232.44
TXN03130,2024-11-02,P008,R05,SR005,C093,50,31.23,1561.5
TXN03131,2024-03-05,P008,R02,SR014,C069,20,34.19,683.8
TXN03132,2025-12-13,P004,R01,SR001,C094,63,50.6,3187.8
TXN03133,2024-03-14,P002,R02,SR002,C007,192,51.89,9962.88
TXN03134,2025-05-07,P007,R03,SR003,C037,131,44.03,5767.93
TXN03135,2024-10-27,P005,R01,SR001,C027,34,66.78,2270.52
TXN03136,2024-08-01,P008,R01,SR013,C013,82,31.12,2551.84
TXN03137,2025-09-08,P002,R05,SR017,C093,78,53.53,4175.34
TXN03138,2025-11-15,P006,R01,SR007,C057,45,29.53,1328.85
TXN03139,2025-06-11,P001,R01,SR007,C119,40,38.36,1534.4
TXN03140,2024-06-21,P002,R01,SR007,C067,128,53.81,6887.68
TXN03141,2024-06-27,P005,R02,SR026,C042,105,67.0,7035.0
TXN03142,2025-11-22,P001,R01,SR013,C088,68,40.83,2776.44
TXN03143,2024-04-29,P007,R05,SR017,C008,30,40.02,1200.6
TXN03144,2024-05-17,P005,R01,SR025,C064,80,64.82,5185.6
TXN03145,2024-05-25,P001,R06,SR006,C001,61,39.74,2424.14
TXN03146,2025-03-30,P004,R06,SR006,C021,64,50.38,3224.32
TXN03147,2024-06-11,P002,R01,SR019,C012,93,54.79,5095.47
TXN03148,2025-07-22,P006,R01,SR001,C064,82,28.35,2324.7
TXN03149,2025-03-19,P001,R04,SR010,C023,162,41.05,6650.1
TXN03150,2024-02-02,P008,R04,SR016,C004,39,29.55,1152.45
TXN03151,2024-03-23,P005,R03,SR021,C054,52,66.37,3451.24
TXN03152,2024-08-16,P001,R02,SR002,C078,187,40.12,7502.44
TXN03153,2024-09-04,P006,R02,SR002,C097,34,29.23,993.82
TXN03154,2025-11-14,P007,R05,SR023,C093,68,43.81,2979.08
TXN03155,2024-04-03,P006,R03,SR003,C082,81,29.35,2377.35
TXN03156,2025-12-11,P004,R04,SR004,C029,27,51.43,1388.61
TXN03157,2025-05-20,P008,R01,SR007,C094,37,31.55,1167.35
TXN03158,2024-06-07,P007,R06,SR006,C098,112,44.63,4998.56
TXN03159,2025-11-13,P001,R05,SR017,C084,171,41.2,7045.2
TXN03160,2024-02-06,P002,R01,SR019,C031,112,55.01,6161.12
TXN03161,2025-12-05,P001,R02,SR008,C090,47,39.59,1860.73
TXN03162,2025-09-03,P008,R02,SR014,C026,54,32.44,1751.76
TXN03163,2024-12-20,P003,R04,SR028,C080,111,35.23,3910.53
TXN03164,2025-07-30,P007,R02,SR020,C078,141,42.37,5974.17
TXN03165,2024-09-19,P007,R06,SR024,C044,61,44.28,2701.08
TXN03166,2025-09-25,P004,R02,SR014,C071,55,51.52,2833.6
TXN03167,2024-06-21,P001,R01,SR007,C088,84,38.03,3194.52
TXN03168,2024-11-16,P006,R01,SR001,C094,56,29.5,1652.0
TXN03169,2025-03-03,P002,R05,SR011,C084,201,57.22,11501.22
TXN03170,2025-09-29,P007,R03,SR021,C030,54,41.79,2256.66
TXN03171,2024-02-29,P005,R02,SR008,C049,87,67.88,5905.56
TXN03172,2024-02-20,P002,R03,SR015,C018,57,53.57,3053.49
TXN03173,2025-04-18,P002,R03,SR015,C037,88,52.05,4580.4
TXN03174,2024-10-17,P005,R01,SR013,C057,45,68.71,3091.95
TXN03175,2025-07-15,P006,R03,SR027,C054,52,28.33,1473.16
TXN03176,2024-04-21,P003,R03,SR021,C014,116,34.13,3959.08
TXN03177,2024-04-08,P006,R05,SR017,C117,53,29.58,1567.74
TXN03178,2025-07-17,P007,R05,SR011,C112,63,41.19,2594.97
TXN03179,2025-11-28,P005,R01,SR001,C013,99,67.28,6660.72
TXN03180,2024-03-18,P006,R05,SR029,C114,46,27.69,1273.74
TXN03181,2024-01-08,P005,R05,SR017,C056,36,72.33,2603.88
TXN03182,2025-10-16,P003,R01,SR007,C012,51,33.39,1702.89
TXN03183,2025-11-09,P001,R02,SR008,C101,128,37.86,4846.08
TXN03184,2025-09-16,P001,R01,SR001,C055,83,39.99,3319.17
TXN03185,2024-08-13,P005,R06,SR006,C120,68,68.67,4669.56
TXN03186,2025-04-13,P001,R05,SR005,C112,79,41.35,3266.65
TXN03187,2024-03-20,P006,R02,SR008,C036,37,30.58,1131.46
TXN03188,2024-04-24,P007,R02,SR020,C069,45,42.53,1913.85
TXN03189,2025-05-13,P005,R01,SR019,C088,66,70.76,4670.16
TXN03190,2024-03-30,P005,R01,SR019,C088,60,64.24,3854.4
TXN03191,2025-06-05,P001,R03,SR009,C054,74,39.95,2956.3
TXN03192,2024-05-29,P006,R03,SR003,C054,78,30.02,2341.56
TXN03193,2024-01-02,P002,R05,SR017,C096,72,54.87,3950.64
TXN03194,2024-12-23,P008,R02,SR020,C033,97,31.88,3092.36
TXN03195,2025-09-09,P001,R04,SR022,C095,72,39.95,2876.4
TXN03196,2025-03-03,P006,R05,SR023,C008,51,28.67,1462.17
TXN03197,2024-12-14,P006,R06,SR024,C076,51,28.61,1459.11
TXN03198,2024-07-04,P001,R05,SR029,C056,60,39.93,2395.8
TXN03199,2025-01-12,P001,R03,SR021,C052,61,37.44,2283.84
TXN03200,2025-07-16,P006,R02,SR002,C108,79,29.05,2294.95
TXN03201,2025-04-09,P002,R01,SR019,C022,159,58.76,9342.84
TXN03202,2024-11-09,P003,R02,SR020,C033,134,34.3,4596.2
TXN03203,2024-12-04,P001,R01,SR025,C022,134,39.57,5302.38
TXN03204,2025-08-27,P003,R05,SR029,C083,36,33.67,1212.12
TXN03205,2024-07-23,P001,R02,SR020,C078,202,39.73,8025.46
TXN03206,2024-05-19,P003,R05,SR011,C084,171,33.07,5654.97
TXN03207,2025-02-16,P002,R06,SR012,C089,45,53.12,2390.4
TXN03208,2025-01-07,P006,R05,SR005,C107,89,28.8,2563.2
TXN03209,2024-01-06,P001,R03,SR021,C019,102,41.6,4243.2
TXN03210,2024-01-04,P002,R03,SR027,C054,73,51.67,3771.91
TXN03211,2025-04-11,P007,R02,SR008,C033,149,42.11,6274.39
TXN03212,2024-10-09,P008,R06,SR024,C074,32,29.22,935.04
TXN03213,2025-12-08,P005,R05,SR005,C083,39,67.97,2650.83
TXN03214,2024-08-12,P004,R01,SR013,C031,91,49.79,4530.89
TXN03215,2024-11-13,P007,R02,SR026,C090,41,43.34,1776.94
TXN03216,2024-02-10,P003,R03,SR009,C018,43,34.45,1481.35
TXN03217,2025-03-14,P005,R02,SR008,C090,46,67.57,3108.22
TXN03218,2024-11-11,P004,R03,SR015,C009,37,51.22,1895.14
TXN03219,2024-07-04,P005,R05,SR005,C008,43,61.63,2650.09
TXN03220,2025-06-01,P001,R03,SR021,C030,90,41.7,3753.0
TXN03221,2024-04-07,P004,R05,SR023,C020,114,49.31,5621.34
TXN03222,2025-11-04,P001,R03,SR003,C109,64,38.29,2450.56
TXN03223,2025-07-22,P004,R02,SR020,C090,51,49.94,2546.94
TXN03224,2024-07-14,P004,R03,SR027,C109,43,45.64,1962.52
TXN03225,2024-10-01,P008,R01,SR025,C043,31,32.01,992.31
TXN03226,2024-10-15,P004,R01,SR013,C027,42,49.3,2070.6
TXN03227,2025-07-26,P004,R03,SR027,C019,72,47.38,3411.36
TXN03228,2024-11-22,P003,R04,SR022,C039,85,34.77,2955.45
TXN03229,2025-06-03,P006,R03,SR027,C052,58,28.48,1651.84
TXN03230,2024-10-27,P007,R02,SR014,C078,100,45.63,4563.0
TXN03231,2025-12-07,P003,R01,SR007,C111,110,34.33,3776.3
TXN03232,2025-01-07,P001,R04,SR004,C023,206,39.37,8110.22
TXN03233,2025-06-06,P006,R02,SR020,C071,72,29.09,2094.48
TXN03234,2024-10-05,P002,R01,SR001,C055,70,54.46,3812.2
TXN03235,2024-01-20,P007,R04,SR010,C100,47,41.2,1936.4
TXN03236,2024-09-13,P004,R06,SR006,C050,43,48.38,2080.34
TXN03237,2025-04-15,P002,R06,SR024,C044,80,58.29,4663.2
TXN03238,2025-01-13,P003,R02,SR002,C078,220,31.29,6883.8
TXN03239,2025-04-06,P001,R01,SR013,C064,153,40.12,6138.36
TXN03240,2024-12-09,P007,R06,SR012,C047,36,43.43,1563.48
TXN03241,2024-12-23,P005,R05,SR011,C038,48,72.08,3459.84
TXN03242,2025-05-07,P004,R04,SR016,C102,98,50.07,4906.86
TXN03243,2025-11-25,P001,R02,SR008,C042,134,38.88,5209.92
TXN03244,2024-10-08,P007,R06,SR006,C118,45,43.19,1943.55
TXN03245,2025-05-06,P004,R05,SR023,C038,52,46.25,2405.0
TXN03246,2025-11-24,P003,R01,SR013,C119,30,35.37,1061.1
TXN03247,2024-02-17,P002,R01,SR007,C067,112,52.82,5915.84
TXN03248,2025-01-17,P004,R03,SR015,C006,47,47.37,2226.39
TXN03249,2024-07-17,P004,R01,SR007,C022,69,50.2,3463.8
TXN03250,2024-03-25,P004,R05,SR005,C073,69,50.53,3486.57
TXN03251,2025-05-15,P001,R03,SR009,C014,130,41.34,5374.2
TXN03252,2024-09-19,P001,R06,SR012,C035,119,40.41,4808.79
TXN03253,2025-03-24,P006,R02,SR014,C071,56,30.25,1694.0
TXN03254,2024-03-08,P004,R05,SR029,C096,55,50.22,2762.1
TXN03255,2024-12-13,P001,R04,SR004,C029,41,40.83,1674.03
TXN03256,2024-02-02,P005,R02,SR008,C075,113,62.88,7105.44
TXN03257,2024-12-07,P005,R05,SR029,C028,74,64.84,4798.16
TXN03258,2025-02-09,P001,R06,SR006,C076,95,41.6,3952.0
TXN03259,2025-02-23,P001,R03,SR015,C018,60,39.41,2364.6
TXN03260,2024-12-24,P007,R04,SR016,C010,124,43.29,5367.96
TXN03261,2025-04-28,P005,R01,SR001,C027,46,68.91,3169.86
TXN03262,2025-10-31,P002,R06,SR006,C002,102,54.62,5571.24
TXN03263,2025-06-17,P006,R05,SR011,C093,68,30.25,2057.0
TXN03264,2024-01-06,P007,R02,SR002,C092,31,40.4,1252.4
TXN03265,2025-02-24,P003,R06,SR006,C079,108,32.83,3545.64
TXN03266,2025-08-11,P004,R04,SR028,C010,105,48.26,5067.3
TXN03267,2024-04-13,P006,R05,SR011,C028,118,28.3,3339.4
TXN03268,2024-12-12,P005,R01,SR025,C067,118,68.85,8124.3
TXN03269,2024-04-27,P005,R01,SR013,C060,76,71.42,5427.92
TXN03270,2025-12-05,P007,R03,SR021,C014,87,41.36,3598.32
TXN03271,2025-01-26,P006,R02,SR008,C108,67,29.7,1989.9
TXN03272,2025-12-21,P001,R02,SR008,C069,67,42.05,2817.35
TXN03273,2024-11-08,P005,R05,SR029,C032,66,69.25,4570.5
TXN03274,2024-05-24,P008,R04,SR028,C100,43,32.58,1400.94
TXN03275,2024-08-30,P004,R05,SR029,C073,43,50.95,2190.85
TXN03276,2025-12-01,P001,R02,SR008,C026,78,41.84,3263.52
TXN03277,2025-02-04,P003,R01,SR019,C057,60,34.14,2048.4
TXN03278,2025-06-20,P002,R05,SR029,C112,67,55.57,3723.19
TXN03279,2024-07-26,P001,R05,SR023,C063,111,38.88,4315.68
TXN03280,2025-07-20,P002,R01,SR025,C012,67,53.19,3563.73
TXN03281,2024-11-16,P001,R06,SR006,C076,84,41.86,3516.24
TXN03282,2025-10-01,P006,R02,SR020,C026,68,29.79,2025.72
TXN03283,2025-11-24,P006,R01,SR013,C094,60,30.25,1815.0
TXN03284,2024-07-30,P006,R03,SR009,C019,42,29.02,1218.84
TXN03285,2024-11-29,P003,R03,SR021,C019,81,33.91,2746.71
TXN03286,2024-11-25,P003,R05,SR023,C093,67,34.6,2318.2
TXN03287,2024-08-08,P002,R01,SR025,C060,100,54.45,5445.0
TXN03288,2024-12-14,P002,R02,SR002,C078,165,54.64,9015.6
TXN03289,2025-06-02,P005,R05,SR005,C032,97,67.45,6542.65
TXN03290,2024-09-04,P002,R06,SR006,C001,60,57.28,3436.8
TXN03291,2024-12-02,P001,R04,SR028,C048,94,39.1,3675.4
TXN03292,2024-07-27,P002,R02,SR020,C049,115,56.6,6509.0
TXN03293,2025-07-24,P002,R01,SR007,C064,93,54.74,5090.82
TXN03294,2025-08-19,P005,R03,SR027,C072,41,69.21,2837.61
TXN03295,2025-11-11,P004,R02,SR026,C007,138,47.75,6589.5
TXN03296,2025-03-23,P008,R02,SR008,C105,32,33.0,1056.0
TXN03297,2024-08-02,P002,R05,SR005,C084,140,55.7,7798.0
TXN03298,2024-01-29,P006,R01,SR001,C017,55,29.3,1611.5
TXN03299,2024-08-17,P007,R05,SR005,C063,62,44.64,2767.68
TXN03300,2025-06-12,P006,R01,SR019,C111,147,28.04,4121.88
TXN03301,2024-10-30,P005,R06,SR012,C076,42,64.88,2724.96
TXN03302,2024-01-18,P003,R05,SR017,C114,49,34.42,1686.58
TXN03303,2025-02-25,P004,R01,SR007,C094,54,47.94,2588.76
TXN03304,2024-02-16,P006,R01,SR019,C094,71,27.97,1985.87
TXN03305,2024-07-20,P002,R05,SR029,C032,97,55.15,5349.55
TXN03306,2025-08-31,P002,R05,SR011,C032,101,52.48,5300.48
TXN03307,2025-03-03,P006,R02,SR002,C058,110,28.88,3176.8
TXN03308,2025-05-08,P004,R02,SR002,C036,87,51.03,4439.61
TXN03309,2025-01-14,P005,R05,SR005,C008,31,66.05,2047.55
TXN03310,2025-01-27,P004,R03,SR003,C072,49,48.98,2400.02
TXN03311,2024-04-10,P001,R03,SR009,C109,55,40.17,2209.35
TXN03312,2024-07-04,P001,R06,SR006,C016,167,39.22,6549.74
TXN03313,2024-10-25,P003,R03,SR021,C019,80,33.87,2709.6
TXN03314,2024-07-22,P001,R05,SR023,C096,106,40.18,4259.08
TXN03315,2025-05-09,P001,R01,SR025,C043,55,40.27,2214.85
TXN03316,2025-12-03,P007,R01,SR001,C012,56,43.0,2408.0
TXN03317,2024-11-19,P008,R06,SR012,C066,76,34.07,2589.32
TXN03318,2025-07-28,P001,R02,SR008,C105,49,38.48,1885.52
TXN03319,2024-11-23,P007,R03,SR015,C018,36,40.8,1468.8
TXN03320,2025-01-28,P002,R04,SR004,C100,65,52.56,3416.4
TXN03321,2025-10-26,P001,R01,SR013,C088,70,39.31,2751.7
TXN03322,2025-07-05,P003,R04,SR022,C040,83,34.34,2850.22
TXN03323,2025-05-13,P006,R02,SR026,C075,151,29.37,4434.87
TXN03324,2024-09-23,P006,R05,SR023,C081,128,29.73,3805.44
TXN03325,2025-11-06,P006,R03,SR003,C054,50,29.49,1474.5
TXN03326,2024-06-06,P002,R03,SR021,C109,49,53.5,2621.5
TXN03327,2025-04-27,P008,R05,SR005,C093,51,32.06,1635.06
TXN03328,2024-02-22,P004,R01,SR007,C031,74,48.47,3586.78
TXN03329,2024-06-19,P003,R01,SR025,C043,42,36.86,1548.12
TXN03330,2024-04-10,P001,R04,SR028,C091,124,38.26,4744.24
TXN03331,2025-11-28,P002,R01,SR019,C119,42,51.99,2183.58
TXN03332,2025-10-21,P006,R02,SR008,C101,84,28.81,2420.04
TXN03333,2025-05-04,P002,R06,SR030,C035,102,55.33,5643.66
TXN03334,2024-04-11,P007,R05,SR005,C020,100,43.76,4376.0
TXN03335,2024-02-13,P007,R03,SR021,C009,44,41.08,1807.52
TXN03336,2024-03-23,P002,R01,SR007,C012,62,52.08,3228.96
TXN03337,2025-12-15,P003,R03,SR009,C003,83,33.29,2763.07
TXN03338,2024-01-05,P007,R02,SR014,C069,44,42.07,1851.08
TXN03339,2025-01-27,P003,R01,SR001,C064,96,34.6,3321.6
TXN03340,2024-01-01,P008,R01,SR007,C057,42,31.91,1340.22
TXN03341,2024-09-26,P007,R03,SR021,C014,92,42.88,3944.96
TXN03342,2025-05-18,P001,R05,SR005,C008,77,42.82,3297.14
TXN03343,2024-01-27,P007,R05,SR011,C038,55,43.93,2416.15
TXN03344,2025-08-08,P002,R03,SR027,C019,100,56.43,5643.0
TXN03345,2024-01-14,P002,R06,SR024,C120,58,55.41,3213.78
TXN03346,2025-05-05,P001,R05,SR029,C068,64,39.97,2558.08
TXN03347,2024-11-05,P008,R01,SR013,C055,50,31.24,1562.0
TXN03348,2024-05-09,P003,R01,SR019,C094,60,33.95,2037.0
TXN03349,2024-02-10,P003,R01,SR001,C043,39,32.15,1253.85
TXN03350,2024-09-02,P005,R02,SR014,C078,98,67.37,6602.26
TXN03351,2024-07-10,P008,R05,SR017,C056,33,31.44,1037.52
TXN03352,2024-11-16,P003,R03,SR009,C009,30,33.72,1011.6
TXN03353,2024-11-06,P007,R01,SR025,C017,47,43.37,2038.39
TXN03354,2025-10-08,P006,R05,SR029,C084,84,28.42,2387.28
TXN03355,2024-10-06,P001,R02,SR014,C069,34,40.4,1373.6
TXN03356,2025-10-10,P008,R02,SR014,C090,24,32.1,770.4
TXN03357,2025-06-25,P007,R04,SR010,C104,84,40.49,3401.16
TXN03358,2025-03-02,P002,R01,SR019,C119,38,56.81,2158.78
TXN03359,2025-04-27,P001,R04,SR028,C048,103,37.43,3855.29
TXN03360,2025-04-21,P006,R03,SR009,C109,39,29.38,1145.82
TXN03361,2025-05-02,P005,R04,SR016,C004,38,65.07,2472.66
TXN03362,2025-05-29,P004,R04,SR004,C104,74,49.79,3684.46
TXN03363,2024-08-13,P001,R01,SR001,C064,123,40.52,4983.96
TXN03364,2025-11-12,P002,R01,SR013,C119,47,55.98,2631.06
TXN03365,2024-11-21,P006,R03,SR021,C072,43,28.11,1208.73
TXN03366,2024-04-11,P002,R04,SR016,C040,100,53.83,5383.0
TXN03367,2024-03-24,P001,R05,SR005,C096,102,40.42,4122.84
TXN03368,2024-06-01,P008,R02,SR014,C078,76,31.4,2386.4
TXN03369,2025-11-11,P004,R02,SR026,C090,68,48.29,3283.72
TXN03370,2024-12-25,P005,R06,SR012,C044,47,66.46,3123.62
TXN03371,2025-10-13,P003,R01,SR007,C017,33,33.41,1102.53
TXN03372,2025-08-06,P001,R02,SR008,C026,80,40.38,3230.4
TXN03373,2024-07-03,P002,R02,SR020,C033,144,53.15,7653.6
TXN03374,2024-03-01,P004,R04,SR028,C102,78,49.45,3857.1
TXN03375,2024-11-06,P002,R02,SR014,C097,25,54.4,1360.0
TXN03376,2025-03-02,P008,R02,SR002,C058,81,29.57,2395.17
TXN03377,2025-10-13,P001,R01,SR001,C057,86,40.04,3443.44
TXN03378,2024-01-09,P002,R04,SR004,C004,53,58.72,3112.16
TXN03379,2024-07-14,P001,R01,SR001,C031,112,39.27,4398.24
TXN03380,2025-08-19,P004,R04,SR028,C065,33,46.97,1550.01
TXN03381,2024-02-18,P002,R03,SR003,C072,62,55.1,3416.2
TXN03382,2025-01-12,P001,R01,SR019,C119,53,41.53,2201.09
TXN03383,2024-10-15,P002,R01,SR013,C013,148,52.31,7741.88
TXN03384,2025-06-20,P001,R02,SR020,C049,183,40.13,7343.79
TXN03385,2024-05-14,P001,R02,SR014,C105,52,40.92,2127.84
TXN03386,2024-02-04,P003,R03,SR003,C025,46,33.97,1562.62
TXN03387,2025-10-23,P007,R02,SR020,C090,37,42.05,1555.85
TXN03388,2025-01-12,P002,R01,SR013,C043,49,54.83,2686.67
TXN03389,2024-10-19,P006,R03,SR015,C030,36,28.98,1043.28
TXN03390,2024-12-06,P006,R06,SR024,C089,17,29.7,504.9
TXN03391,2025-01-12,P002,R05,SR017,C032,105,56.9,5974.5
TXN03392,2025-12-27,P008,R05,SR023,C084,103,32.11,3307.33
TXN03393,2025-10-11,P005,R05,SR017,C117,44,67.23,2958.12
TXN03394,2024-11-27,P003,R03,SR003,C011,68,33.89,2304.52
TXN03395,2024-04-13,P001,R06,SR030,C085,113,37.87,4279.31
TXN03396,2024-08-02,P002,R06,SR030,C116,47,55.93,2628.71
TXN03397,2024-08-09,P002,R05,SR029,C081,122,58.69,7160.18
TXN03398,2024-09-28,P004,R01,SR019,C088,59,46.09,2719.31
TXN03399,2024-12-09,P003,R06,SR024,C087,71,34.07,2418.97
TXN03400,2025-09-07,P004,R04,SR004,C046,31,47.52,1473.12
TXN03401,2025-04-03,P001,R03,SR009,C054,64,41.19,2636.16
TXN03402,2025-09-04,P001,R01,SR013,C067,170,43.48,7391.6
TXN03403,2024-12-20,P002,R06,SR012,C098,113,53.15,6005.95
TXN03404,2025-02-03,P004,R01,SR019,C022,110,46.89,5157.9
TXN03405,2025-06-30,P005,R02,SR020,C036,46,70.22,3230.12
TXN03406,2025-02-18,P007,R05,SR023,C028,100,41.79,4179.0
TXN03407,2025-05-31,P008,R03,SR009,C037,68,31.4,2135.2
TXN03408,2024-12-04,P006,R01,SR001,C060,89,27.47,2444.83
TXN03409,2025-12-08,P003,R06,SR018,C051,42,32.92,1382.64
TXN03410,2024-04-15,P001,R05,SR011,C083,68,40.76,2771.68
TXN03411,2025-03-24,P006,R05,SR005,C093,86,29.39,2527.54
TXN03412,2024-07-25,P002,R06,SR030,C106,46,53.36,2454.56
TXN03413,2025-03-23,P003,R03,SR009,C030,52,36.0,1872.0
TXN03414,2024-09-12,P004,R02,SR002,C058,87,48.97,4260.39
TXN03415,2025-01-07,P007,R01,SR013,C017,51,46.01,2346.51
TXN03416,2024-01-23,P001,R02,SR008,C090,75,41.26,3094.5
TXN03417,2025-11-14,P003,R01,SR007,C043,30,33.21,996.3
TXN03418,2025-12-28,P001,R02,SR008,C105,63,40.72,2565.36
TXN03419,2024-11-04,P002,R05,SR023,C008,60,52.2,3132.0
TXN03420,2025-02-12,P005,R05,SR029,C020,79,62.61,4946.19
TXN03421,2025-12-10,P004,R03,SR015,C072,20,48.88,977.6
TXN03422,2025-10-20,P002,R02,SR002,C092,58,54.98,3188.84
TXN03423,2025-06-27,P008,R03,SR021,C011,62,32.03,1985.86
TXN03424,2024-08-07,P002,R06,SR018,C050,31,55.33,1715.23
TXN03425,2024-08-03,P005,R01,SR013,C027,25,67.37,1684.25
TXN03426,2024-09-17,P001,R05,SR011,C028,154,41.08,6326.32
TXN03427,2025-08-28,P001,R05,SR011,C008,78,41.38,3227.64
TXN03428,2024-05-13,P002,R01,SR019,C022,148,54.97,8135.56
TXN03429,2025-02-08,P001,R05,SR005,C114,71,40.07,2844.97
TXN03430,2024-11-07,P007,R05,SR017,C117,46,44.18,2032.28
TXN03431,2025-03-22,P005,R03,SR009,C018,43,63.22,2718.46
TXN03432,2024-06-22,P001,R05,SR023,C056,80,37.37,2989.6
TXN03433,2024-06-16,P001,R01,SR019,C013,191,39.35,7515.85
TXN03434,2024-07-27,P002,R06,SR030,C089,37,54.93,2032.41
TXN03435,2025-08-06,P001,R01,SR013,C043,50,37.03,1851.5
TXN03436,2024-06-06,P004,R04,SR028,C104,63,49.57,3122.91
TXN03437,2025-05-15,P008,R06,SR006,C077,65,33.31,2165.15
TXN03438,2025-04-20,P003,R02,SR002,C105,72,31.13,2241.36
TXN03439,2025-09-26,P004,R01,SR001,C055,53,49.54,2625.62
TXN03440,2025-11-02,P006,R06,SR018,C066,62,27.8,1723.6
TXN03441,2024-07-22,P004,R02,SR026,C033,102,47.67,4862.34
TXN03442,2024-08-28,P001,R01,SR025,C064,130,38.47,5001.1
TXN03443,2024-08-26,P003,R03,SR021,C009,36,34.16,1229.76
TXN03444,2024-08-12,P005,R02,SR014,C071,39,64.32,2508.48
TXN03445,2024-04-02,P007,R04,SR028,C004,30,45.1,1353.0
TXN03446,2024-07-04,P004,R02,SR008,C078,120,51.48,6177.6
TXN03447,2025-02-26,P003,R04,SR016,C103,90,33.15,2983.5
TXN03448,2025-01-02,P001,R05,SR017,C032,131,39.62,5190.22
TXN03449,2024-11-08,P003,R06,SR018,C098,79,32.48,2565.92
TXN03450,2024-09-28,P001,R06,SR006,C045,138,41.54,5732.52
TXN03451,2025-08-26,P002,R04,SR028,C100,60,55.76,3345.6
TXN03452,2025-12-22,P003,R01,SR001,C022,84,34.29,2880.36
TXN03453,2024-08-11,P002,R03,SR003,C030,79,56.12,4433.48
TXN03454,2024-03-05,P001,R04,SR016,C100,97,39.24,3806.28
TXN03455,2025-06-03,P002,R01,SR007,C022,90,54.57,4911.3
TXN03456,2024-03-06,P008,R03,SR021,C053,57,31.52,1796.64
TXN03457,2024-10-21,P006,R05,SR029,C084,85,28.58,2429.3
TXN03458,2024-02-17,P002,R04,SR010,C010,153,59.29,9071.37
TXN03459,2025-01-03,P008,R03,SR015,C052,31,32.51,1007.81
TXN03460,2024-02-28,P004,R05,SR005,C028,113,50.5,5706.5
TXN03461,2025-12-03,P001,R06,SR006,C002,124,39.72,4925.28
TXN03462,2025-12-15,P006,R01,SR025,C031,69,29.48,2034.12
TXN03463,2024-08-24,P004,R01,SR025,C031,92,49.47,4551.24
TXN03464,2025-11-24,P001,R05,SR011,C107,141,39.53,5573.73
TXN03465,2025-11-14,P001,R06,SR024,C059,140,39.99,5598.6
TXN03466,2025-04-08,P001,R05,SR029,C032,126,40.56,5110.56
TXN03467,2025-06-12,P004,R01,SR013,C119,37,47.13,1743.81
TXN03468,2025-02-10,P001,R04,SR010,C004,52,39.58,2058.16
TXN03469,2025-11-01,P002,R02,SR026,C042,135,57.05,7701.75
TXN03470,2025-01-25,P007,R02,SR008,C026,70,43.13,3019.1
TXN03471,2025-11-28,P004,R04,SR022,C080,151,52.87,7983.37
TXN03472,2025-08-01,P008,R05,SR029,C114,25,32.61,815.25
TXN03473,2025-10-22,P008,R01,SR019,C057,57,32.36,1844.52
TXN03474,2024-11-04,P001,R02,SR020,C033,187,38.7,7236.9
TXN03475,2024-03-22,P002,R01,SR019,C055,73,53.04,3871.92
TXN03476,2024-10-16,P007,R03,SR009,C054,55,42.68,2347.4
TXN03477,2025-05-08,P007,R04,SR004,C004,46,44.93,2066.78
TXN03478,2025-09-10,P003,R04,SR010,C004,21,34.59,726.39
TXN03479,2025-08-23,P006,R06,SR006,C015,119,30.41,3618.79
TXN03480,2024-11-25,P004,R03,SR015,C041,41,50.04,2051.64
TXN03481,2025-01-20,P002,R06,SR012,C113,73,58.02,4235.46
TXN03482,2024-09-15,P008,R05,SR029,C083,17,,523.43
TXN03483,2024-12-09,P006,R02,SR014,C049,64,28.88,1848.32
TXN03484,2025-05-12,P004,R01,SR007,C064,81,48.54,3931.74
TXN03485,2024-12-19,P006,R05,SR005,C028,92,28.96,2664.32
TXN03486,2024-12-17,P008,R05,SR017,C063,49,33.84,1658.16
TXN03487,2024-04-29,P008,R02,SR002,C026,64,31.98,2046.72
TXN03488,2025-09-03,P007,R03,SR003,C024,49,39.83,1951.67
TXN03489,2025-10-18,P004,R03,SR027,C109,44,48.08,2115.52
TXN03490,2024-06-16,P003,R01,SR001,C055,61,34.51,2105.11
TXN03491,2025-05-03,P007,R02,SR002,C058,93,41.58,3866.94
TXN03492,2025-07-18,P007,R01,SR025,C119,22,41.72,917.84
TXN03493,2025-10-27,P005,R03,SR009,C014,72,66.99,4823.28
TXN03494,2024-06-21,P002,R03,SR021,C041,88,55.18,4855.84
TXN03495,2025-05-03,P001,R02,SR026,C108,105,38.97,4091.85
TXN03496,2024-06-18,P001,R05,SR023,C093,109,40.07,4367.63
TXN03497,2024-10-05,P001,R02,SR026,C090,53,41.47,2197.91
TXN03498,2024-02-12,P006,R03,SR021,C082,69,27.33,1885.77
TXN03499,2025-12-06,P001,R02,SR014,C007,168,41.43,6960.24
TXN03500,2024-08-12,P002,R01,SR013,C088,69,54.61,3768.09
TXN03501,2024-01-30,P008,R01,SR019,C064,76,31.84,2419.84
TXN03502,2024-07-27,P003,R01,SR019,C031,84,32.2,2704.8
TXN03503,2025-08-14,P003,R01,SR001,C060,93,32.27,3001.11
TXN03504,2025-02-23,P007,R05,SR017,C081,119,42.96,5112.24
TXN03505,2025-08-14,P002,R05,SR017,C081,156,54.68,8530.08
TXN03506,2024-09-01,P001,R02,SR020,C108,86,38.74,3331.64
TXN03507,2025-06-15,P004,R05,SR029,C068,46,48.92,2250.32
TXN03508,2024-03-16,P002,R05,SR011,C056,62,56.83,3523.46
TXN03509,2025-04-11,P003,R05,SR005,C093,68,33.67,2289.56
TXN03510,2024-02-02,P006,R05,SR011,C114,67,29.17,1954.39
TXN03511,2025-01-02,P008,R04,SR004,C040,60,33.3,1998.0
TXN03512,2024-04-28,P004,R05,SR005,C073,74,49.17,3638.58
TXN03513,2025-03-05,P001,R05,SR023,C115,195,40.23,7844.85
TXN03514,2024-06-23,P001,R06,SR006,C118,79,41.89,3309.31
TXN03515,2025-12-13,P001,R05,SR011,C112,88,40.36,3551.68
TXN03516,2025-10-15,P008,R01,SR013,C094,40,32.58,1303.2
TXN03517,2024-05-31,P004,R05,SR017,C073,57,49.69,2832.33
TXN03518,2024-12-11,P003,R01,SR001,C055,51,35.49,1809.99
TXN03519,2025-09-04,P007,R02,SR014,C058,61,43.92,2679.12
TXN03520,2025-09-10,P001,R03,SR003,C052,67,40.74,2729.58
TXN03521,2025-01-28,P002,R05,SR005,C038,60,52.1,3126.0
TXN03522,2025-02-01,P002,R03,SR027,C003,95,52.26,4964.7
TXN03523,2024-09-25,P002,R01,SR001,C055,60,55.67,3340.2
TXN03524,2025-10-05,P007,R06,SR030,C001,36,42.95,1546.2
TXN03525,2024-06-17,P008,R03,SR027,C037,69,31.47,2171.43
TXN03526,2024-02-13,P001,R05,SR029,C028,136,39.65,5392.4
TXN03527,2024-09-20,P002,R01,SR013,C064,113,57.0,6441.0
TXN03528,2024-12-27,P006,R01,SR001,C031,80,27.56,2204.8
TXN03529,2024-10-08,P002,R06,SR030,C050,36,52.7,1897.2
TXN03530,2025-04-03,P006,R02,SR008,C049,92,29.5,2714.0
TXN03531,2024-01-26,P001,R01,SR013,C094,101,38.96,3934.96
TXN03532,2024-07-03,P001,R01,SR001,C088,79,39.04,3084.16
TXN03533,2025-11-03,P006,R04,SR028,C070,104,29.44,3061.76
TXN03534,2024-07-05,P002,R01,SR001,C111,135,53.34,7200.9
TXN03535,2024-08-31,P007,R04,SR004,C095,55,41.37,2275.35
TXN03536,2024-01-06,P004,R01,SR001,C057,74,47.79,3536.46
TXN03537,2024-04-08,P007,R06,SR006,C059,155,44.73,6933.15
TXN03538,2024-05-15,P006,R06,SR030,C106,40,31.46,1258.4
TXN03539,2025-01-27,P006,R01,SR019,C012,58,30.74,1782.92
TXN03540,2025-08-29,P002,R01,SR013,C022,102,53.36,5442.72
TXN03541,2025-01-05,P001,R06,SR018,C089,36,41.7,1501.2
TXN03542,2025-10-13,P006,R02,SR002,C108,64,29.47,1886.08
TXN03543,2025-05-11,P006,R01,SR007,C043,33,29.36,968.88
TXN03544,2024-05-10,P006,R06,SR018,C077,64,29.68,1899.52
TXN03545,2025-02-15,P002,R01,SR025,C088,72,55.98,4030.56
TXN03546,2025-08-25,P003,R03,SR009,C019,57,33.12,1887.84
TXN03547,2025-10-22,P001,R01,SR019,C057,94,43.2,4060.8
TXN03548,2024-09-12,P004,R05,SR005,C008,53,50.82,2693.46
TXN03549,2025-07-12,P007,R04,SR022,C095,62,43.07,2670.34
TXN03550,2024-12-27,P001,R02,SR026,C026,82,38.77,3179.14
TXN03551,2024-07-13,P006,R05,SR011,C093,69,29.14,2010.66
TXN03552,2024-10-20,P001,R02,SR026,C078,152,41.01,6233.52
TXN03553,2024-12-02,P001,R04,SR016,C070,190,40.54,7702.6
TXN03554,2025-06-15,P007,R02,SR002,C042,130,41.79,5432.7
TXN03555,2024-11-21,P006,R01,SR019,C022,85,29.03,2467.55
TXN03556,2025-04-02,P004,R03,SR027,C109,56,48.71,2727.76
TXN03557,2024-07-18,P003,R06,SR006,C059,154,34.26,5276.04
TXN03558,2025-06-19,P007,R06,SR018,C120,57,42.96,2448.72
TXN03559,2025-09-06,P005,R05,SR005,C008,32,64.83,2074.56
TXN03560,2025-05-09,P005,R01,SR013,C013,130,65.3,8489.0
TXN03561,2024-02-12,P006,R06,SR024,C079,80,28.3,2264.0
TXN03562,2024-12-14,P002,R05,SR023,C107,115,56.14,6456.1
TXN03563,2024-01-02,P005,R03,SR021,C006,59,69.91,4124.69
TXN03564,2024-02-25,P002,R01,SR007,C017,49,57.95,2839.55
TXN03565,2025-11-14,P007,R01,SR025,C055,55,40.38,2220.9
TXN03566,2024-09-16,P001,R03,SR015,C003,94,41.48,3899.12
TXN03567,2024-10-24,P008,R01,SR001,C064,46,34.25,1575.5
TXN03568,2025-09-18,P002,R03,SR009,C024,53,54.47,2886.91
TXN03569,2025-04-09,P002,R01,SR007,C057,76,50.19,3814.44
TXN03570,2025-01-26,P002,R05,SR017,C081,156,55.51,8659.56
TXN03571,2024-05-31,P002,R06,SR006,C099,66,54.23,3579.18
TXN03572,2024-06-03,P006,R01,SR019,C067,139,28.71,3990.69
TXN03573,2025-04-27,P001,R03,SR027,C011,91,41.17,3746.47
TXN03574,2024-12-28,P003,R05,SR017,C117,56,35.57,1991.92
TXN03575,2025-10-05,P002,R04,SR016,C010,137,55.7,7630.9
TXN03576,2024-06-21,P006,R01,SR007,C017,42,27.64,1160.88
TXN03577,2024-09-09,P002,R03,SR015,C019,69,56.9,3926.1
TXN03578,2025-06-19,P006,R05,SR005,C081,135,27.91,3767.85
TXN03579,2025-04-02,P005,R02,SR008,C075,127,65.73,8347.71
TXN03580,2025-08-10,P002,R02,SR002,C108,91,51.82,4715.62
TXN03581,2024-07-14,P002,R04,SR010,C010,116,57.65,6687.4
TXN03582,2024-04-08,P007,R06,SR024,C098,90,45.57,4101.3
TXN03583,2025-10-29,P003,R01,SR007,C067,100,35.88,3588.0
TXN03584,2024-03-27,P002,R02,SR002,C069,76,56.16,4268.16
TXN03585,2025-10-19,P001,R06,SR024,C001,58,39.41,2285.78
TXN03586,2024-05-05,P002,R02,SR020,C097,33,51.47,1698.51
TXN03587,2025-08-20,P001,R04,SR022,C005,89,40.69,3621.41
TXN03588,2025-06-15,P008,R03,SR003,C009,39,34.05,1327.95
TXN03589,2024-04-07,P002,R04,SR004,C005,73,53.75,3923.75
TXN03590,2025-03-23,P007,R02,SR002,C034,105,42.55,4467.75
TXN03591,2024-10-02,P004,R03,SR027,C030,56,45.6,2553.6
TXN03592,2025-02-10,P008,R01,SR025,C060,81,32.65,2644.65
TXN03593,2025-10-04,P006,R01,SR007,C119,30,29.53,885.9
TXN03594,2025-08-23,P007,R06,SR018,C086,73,43.29,3160.17
TXN03595,2025-01-06,P002,R01,SR001,C017,35,56.3,1970.5
TXN03596,2025-05-20,P006,R06,SR018,C061,75,31.14,2335.5
TXN03597,2025-05-27,P001,R05,SR011,C081,233,38.64,9003.12
TXN03598,2024-10-30,P004,R06,SR012,C098,113,50.34,5688.42
TXN03599,2024-04-02,P007,R03,SR015,C003,59,43.2,2548.8
TXN03600,2025-05-12,P001,R03,SR027,C009,59,39.91,2354.69
TXN03601,2024-09-19,P001,R04,SR016,C102,131,42.01,5503.31
TXN03602,2024-01-29,P008,R05,SR005,C117,49,31.68,1552.32
TXN03603,2024-05-20,P002,R02,SR020,C026,97,54.11,5248.67
TXN03604,2024-04-17,P001,R06,SR024,C087,104,39.42,4099.68
TXN03605,2024-03-26,P007,R01,SR019,C013,145,44.64,6472.8
TXN03606,2025-06-01,P001,R05,SR023,C107,180,42.76,7696.8
TXN03607,2024-05-04,P002,R01,SR019,C119,44,54.11,2380.84
TXN03608,2024-01-23,P007,R06,SR030,C074,35,42.28,1479.8
TXN03609,2025-02-21,P002,R02,SR008,C092,55,57.38,3155.9
TXN03610,2025-12-26,P002,R04,SR022,C048,79,55.18,4359.22
TXN03611,2024-09-17,P008,R05,SR029,C115,82,31.22,2560.04
TXN03612,2024-10-06,P004,R01,SR001,C013,111,49.45,5488.95
TXN03613,2024-04-13,P001,R06,SR012,C035,128,36.83,4714.24
TXN03614,2025-01-10,P005,R04,SR028,C102,92,66.14,6084.88
TXN03615,2025-11-14,P004,R02,SR002,C033,163,49.25,8027.75
TXN03616,2024-11-12,P007,R03,SR027,C024,41,39.99,1639.59
TXN03617,2024-09-11,P006,R05,SR011,C073,80,29.66,2372.8
TXN03618,2025-11-09,P007,R05,SR011,C107,108,43.77,4727.16
TXN03619,2024-01-29,P006,R04,SR016,C010,121,28.79,3483.59
TXN03620,2024-08-25,P003,R01,SR019,C064,98,34.46,3377.08
TXN03621,2024-08-04,P001,R05,SR023,C020,141,37.56,5295.96
TXN03622,2025-12-01,P005,R01,SR001,C022,74,67.88,5023.12
TXN03623,2025-07-06,P004,R02,SR026,C042,95,50.62,4808.9
TXN03624,2024-07-22,P005,R01,SR013,C012,64,65.43,4187.52
TXN03625,2024-03-31,P001,R01,SR025,C111,209,40.43,8449.87
TXN03626,2025-06-18,P002,R06,SR030,C086,114,54.74,6240.36
TXN03627,2024-05-12,P001,R01,SR025,C013,164,40.28,6605.92
TXN03628,2024-08-16,P001,R01,SR001,C017,62,38.96,2415.52
TXN03629,2024-07-22,P008,R05,SR017,C038,27,32.48,876.96
TXN03630,2025-05-10,P004,R01,SR007,C119,34,49.01,1666.34
TXN03631,2024-01-04,P007,R01,SR013,C031,91,46.61,4241.51
TXN03632,2025-02-04,P002,R02,SR020,C090,58,55.01,3190.58
TXN03633,2024-05-16,P001,R01,SR025,C022,145,39.1,5669.5
TXN03634,2024-04-30,P007,R01,SR013,C013,141,41.87,5903.67
TXN03635,2024-01-01,P006,R01,SR007,C027,30,29.38,881.4
TXN03636,2024-02-06,P007,R02,SR020,C069,40,43.32,1732.8
TXN03637,2025-06-16,P003,R01,SR001,C060,105,34.56,3628.8
TXN03638,2025-05-15,P005,R01,SR001,C022,67,69.9,4683.3
TXN03639,2024-06-15,P001,R04,SR022,C065,62,40.71,2524.02
TXN03640,2024-04-18,P004,R02,SR002,C058,98,48.27,4730.46
TXN03641,2024-05-05,P003,R01,SR007,C022,78,33.71,2629.38
TXN03642,2025-09-14,P005,R06,SR030,C113,41,70.85,2904.85
TXN03643,2025-07-03,P007,R06,SR018,C079,78,41.62,3246.36
TXN03644,2024-01-03,P004,R03,SR021,C025,28,50.05,1401.4
TXN03645,2025-02-13,P007,R04,SR028,C095,65,43.72,2841.8
TXN03646,2025-09-06,P008,R05,SR023,C117,49,32.36,1585.64
TXN03647,2024-02-23,P008,R04,SR028,C010,100,31.94,3194.0
TXN03648,2025-11-15,P002,R04,SR010,C029,33,55.44,1829.52
TXN03649,2024-05-09,P001,R01,SR019,C060,166,38.88,6454.08
TXN03650,2025-04-01,P004,R04,SR010,C102,93,48.37,4498.41
TXN03651,2025-03-14,P004,R03,SR015,C024,33,48.11,1587.63
TXN03652,2024-04-05,P003,R02,SR002,C071,85,33.3,2830.5
TXN03653,2025-02-09,P001,R04,SR010,C046,40,39.95,1598.0
TXN03654,2025-07-19,P005,R01,SR019,C088,56,66.46,3721.76
TXN03655,2024-02-10,P008,R03,SR027,C014,74,31.63,2340.62
TXN03656,2024-03-19,P002,R04,SR016,C070,157,52.22,8198.54
TXN03657,2025-04-12,P008,R01,SR013,C111,116,30.56,3544.96
TXN03658,2024-10-07,P003,R03,SR015,C019,56,34.99,1959.44
TXN03659,2024-12-29,P006,R05,SR029,C096,50,29.03,1451.5
TXN03660,2025-07-12,P008,R01,SR013,C017,15,31.07,466.05
TXN03661,2025-07-19,P003,R06,SR030,C062,49,32.53,1593.97
TXN03662,2024-03-27,P001,R02,SR008,C075,170,41.36,7031.2
TXN03663,2025-10-30,P001,R04,SR022,C091,115,40.55,4663.25
TXN03664,2025-07-14,P006,R05,SR023,C068,42,30.2,1268.4
TXN03665,2024-02-08,P006,R03,SR027,C054,51,28.39,1447.89
TXN03666,2024-12-17,P007,R02,SR002,C097,45,42.93,1931.85
TXN03667,2025-03-17,P003,R01,SR001,C111,141,32.71,4612.11
TXN03668,2025-03-25,P008,R06,SR030,C002,67,31.72,2125.24
TXN03669,2024-08-06,P007,R05,SR011,C112,62,41.71,2586.02
TXN03670,2024-06-13,P004,R01,SR007,C013,118,49.27,5813.86
TXN03671,2024-11-17,P001,R06,SR030,C076,80,40.5,3240.0
TXN03672,2025-07-23,P005,R01,SR019,C088,65,63.05,4098.25
TXN03673,2024-06-19,P003,R06,SR006,C079,123,33.79,4156.17
TXN03674,2025-07-12,P007,R03,SR009,C014,74,43.69,3233.06
TXN03675,2025-10-12,P006,R01,SR001,C060,77,29.19,2247.63
TXN03676,2025-03-26,P004,R05,SR029,C028,91,47.17,4292.47
TXN03677,2024-02-20,P001,R01,SR025,C064,140,38.02,5322.8
TXN03678,2024-04-08,P002,R06,SR024,C087,74,53.79,3980.46
TXN03679,2025-02-08,P003,R03,SR015,C052,36,34.84,1254.24
TXN03680,2024-10-31,P002,R02,SR014,C101,81,58.17,4711.77
TXN03681,2024-09-18,P006,R01,SR025,C031,79,29.27,2312.33
TXN03682,2024-07-29,P002,R03,SR027,C003,114,52.78,6016.92
TXN03683,2024-09-20,P007,R02,SR020,C058,77,42.0,3234.0
TXN03684,2024-09-29,P001,R03,SR027,C109,56,40.82,2285.92
TXN03685,2024-09-18,P005,R06,SR012,C085,92,71.35,6564.2
TXN03686,2024-03-15,P006,R01,SR025,C094,54,29.24,1578.96
TXN03687,2024-12-01,P002,R05,SR005,C083,64,51.11,3271.04
TXN03688,2025-11-05,P008,R06,SR006,C051,26,31.46,817.96
TXN03689,2025-10-18,P003,R04,SR004,C046,30,35.77,1073.1
TXN03690,2024-12-13,P006,R01,SR001,C119,28,29.28,819.84
TXN03691,2025-05-28,P002,R01,SR007,C027,56,57.67,3229.52
TXN03692,2025-02-09,P008,R02,SR026,C092,39,32.49,1267.11
TXN03693,2025-10-09,P001,R01,SR001,C111,138,39.23,5413.74
TXN03694,2025-04-28,P003,R06,SR006,C047,61,36.31,2214.91
TXN03695,2024-06-11,P001,R04,SR022,C048,106,41.18,4365.08
TXN03696,2024-08-09,P002,R03,SR003,C009,59,55.39,3268.01
TXN03697,2025-04-23,P005,R02,SR008,C042,97,69.1,6702.7
TXN03698,2025-12-22,P007,R02,SR008,C101,79,40.91,3231.89
TXN03699,2024-05-04,P008,R02,SR026,C007,97,30.89,2996.33
TXN03700,2024-07-08,P004,R03,SR021,C006,84,47.74,4010.16
TXN03701,2025-03-30,P007,R05,SR029,C068,39,43.78,1707.42
TXN03702,2025-03-20,P003,R03,SR021,C082,69,33.87,2337.03
TXN03703,2025-12-06,P001,R05,SR017,C114,59,37.27,2198.93
TXN03704,2025-01-12,P008,R01,SR007,C022,47,32.11,1509.17
TXN03705,2024-11-20,P004,R06,SR006,C079,112,49.86,5584.32
TXN03706,2024-05-27,P003,R05,SR017,C117,67,32.48,2176.16
TXN03707,2024-03-19,P001,R01,SR013,C094,76,39.63,3011.88
TXN03708,2025-05-18,P001,R01,SR025,C022,137,41.24,5649.88
TXN03709,2024-08-12,P002,R02,SR020,C034,75,56.21,4215.75
TXN03710,2024-01-16,P007,R01,SR013,C027,56,42.05,2354.8
TXN03711,2025-06-22,P004,R05,SR005,C117,60,45.67,2740.2
TXN03712,2025-03-10,P001,R01,SR013,C057,110,39.33,4326.3
TXN03713,2024-09-08,P004,R02,SR014,C101,70,46.2,3234.0
TXN03714,2024-09-20,P002,R02,SR008,C097,33,54.23,1789.59
TXN03715,2024-05-06,P002,R02,SR026,C078,165,52.14,8603.1
TXN03716,2024-07-25,P002,R04,SR010,C048,90,55.17,4965.3
TXN03717,2024-10-03,P001,R02,SR002,C075,183,41.61,7614.63
TXN03718,2025-01-16,P005,R05,SR011,C056,34,73.72,2506.48
TXN03719,2025-06-29,P003,R01,SR013,C055,56,36.19,2026.64
TXN03720,2025-10-02,P008,R01,SR007,C064,59,33.14,1955.26
TXN03721,2024-11-05,P003,R01,SR019,C031,99,32.45,3212.55
TXN03722,2025-06-24,P002,R02,SR026,C092,67,55.27,3703.09
TXN03723,2025-12-24,P007,R01,SR013,C055,62,43.12,2673.44
TXN03724,2025-12-01,P004,R02,SR020,C034,88,48.97,4309.36
TXN03725,2024-08-02,P003,R03,SR003,C030,60,32.95,1977.0
TXN03726,2024-01-14,P002,R06,SR006,C044,89,54.85,4881.65
TXN03727,2024-12-22,P001,R03,SR015,C014,79,38.06,3006.74
TXN03728,2025-11-16,P005,R01,SR019,C111,113,72.97,8245.61
TXN03729,2025-04-16,P006,R04,SR010,C095,61,27.61,1684.21
TXN03730,2025-11-27,P005,R02,SR008,C078,107,70.5,7543.5
TXN03731,2025-10-01,P005,R01,SR007,C027,22,67.66,1488.52
TXN03732,2024-04-02,P004,R02,SR020,C105,41,49.53,2030.73
TXN03733,2025-11-17,P004,R01,SR025,C057,70,49.26,3448.2
TXN03734,2025-08-23,P002,R01,SR025,C088,64,55.98,3582.72
TXN03735,2025-05-20,P006,R04,SR022,C029,31,27.86,863.66
TXN03736,2024-04-05,P008,R02,SR008,C097,31,31.24,968.44
TXN03737,2024-06-18,P001,R01,SR013,C012,81,39.48,3197.88
TXN03738,2025-05-24,P003,R06,SR006,C047,50,33.31,1665.5
TXN03739,2024-08-05,P005,R03,SR015,C011,41,68.72,2817.52
TXN03740,2025-11-10,P002,R02,SR020,C071,68,54.87,3731.16
TXN03741,2024-07-05,P002,R03,SR009,C009,49,52.44,2569.56
TXN03742,2025-07-31,P005,R03,SR009,C025,22,72.04,1584.88
TXN03743,2025-06-07,P007,R05,SR029,C107,70,40.38,2826.6
TXN03744,2025-01-02,P007,R02,SR014,C105,52,43.02,2237.04
TXN03745,2025-02-06,P001,R01,SR019,C055,100,39.21,3921.0
TXN03746,2025-09-15,P002,R01,SR025,C055,74,55.93,4138.82
TXN03747,2024-02-04,P007,R01,SR007,C031,68,42.4,2883.2
TXN03748,2024-07-08,P001,R03,SR015,C003,85,40.69,3458.65
TXN03749,2025-10-17,P006,R04,SR016,C065,36,27.94,1005.84
TXN03750,2024-10-07,P006,R01,SR007,C055,49,30.35,1487.15
TXN03751,2025-07-12,P003,R06,SR006,C076,56,34.74,1945.44
TXN03752,2024-08-16,P006,R01,SR025,C055,52,30.31,1576.12
TXN03753,2024-11-13,P003,R06,SR018,C021,55,34.51,1898.05
TXN03754,2025-08-16,P008,R03,SR015,C054,28,31.94,894.32
TXN03755,2024-12-04,P002,R02,SR026,C078,124,52.82,6549.68
TXN03756,2024-05-19,P003,R01,SR019,C094,70,34.87,2440.9
TXN03757,2025-03-15,P004,R05,SR023,C112,73,51.44,3755.12
TXN03758,2024-09-20,P004,R02,SR026,C069,43,47.54,2044.22
TXN03759,2024-11-06,P003,R05,SR029,C081,108,32.65,3526.2
TXN03760,2024-08-17,P003,R03,SR015,C014,82,34.97,2867.54
TXN03761,2025-12-17,P008,R06,SR024,C035,73,33.21,2424.33
TXN03762,2025-01-01,P004,R03,SR021,C053,83,49.06,4071.98
TXN03763,2025-10-01,P005,R05,SR017,C107,72,66.87,4814.64
TXN03764,2025-10-02,P005,R02,SR020,C075,132,69.35,9154.2
TXN03765,2025-10-28,P008,R06,SR030,C098,62,29.84,1850.08
TXN03766,2024-10-20,P008,R01,SR025,C013,86,34.06,2929.16
TXN03767,2025-08-04,P003,R04,SR016,C004,45,33.63,1513.35
TXN03768,2024-09-11,P008,R02,SR020,C101,63,,2055.06
TXN03769,2024-03-09,P005,R01,SR025,C094,65,62.64,4071.6
TXN03770,2024-05-24,P005,R01,SR007,C119,25,66.3,1657.5
TXN03771,2025-10-28,P003,R01,SR025,C022,77,33.42,2573.34
TXN03772,2024-01-20,P004,R02,SR020,C092,45,47.47,2136.15
TXN03773,2025-08-22,P004,R05,SR023,C032,100,47.89,4789.0
TXN03774,2025-07-09,P006,R03,SR027,C041,61,30.16,1839.76
TXN03775,2025-03-19,P006,R01,SR007,C017,40,28.95,1158.0
TXN03776,2024-01-07,P002,R01,SR013,C055,81,53.55,4337.55
TXN03777,2025-05-27,P004,R03,SR021,C053,78,48.56,3787.68
TXN03778,2025-08-15,P003,R06,SR024,C087,64,33.81,2163.84
TXN03779,2024-01-26,P007,R02,SR014,C101,67,45.34,3037.78
TXN03780,2024-10-17,P006,R06,SR018,C062,36,28.52,1026.72
TXN03781,2025-09-08,P006,R02,SR002,C101,121,29.49,3568.29
TXN03782,2024-06-16,P003,R02,SR020,C049,111,33.69,3739.59
TXN03783,2025-12-02,P006,R03,SR021,C024,52,29.36,1526.72
TXN03784,2024-06-22,P002,R02,SR002,C058,129,56.65,7307.85
TXN03785,2025-11-08,P003,R04,SR016,C102,81,32.58,2638.98
TXN03786,2025-11-23,P006,R05,SR029,C114,50,27.16,1358.0
TXN03787,2025-03-28,P001,R04,SR010,C100,73,40.58,2962.34
TXN03788,2024-06-18,P002,R01,SR013,C027,64,52.37,3351.68
TXN03789,2025-01-27,P004,R05,SR023,C084,134,49.52,6635.68
TXN03790,2025-11-02,P001,R05,SR029,C083,48,39.83,1911.84
TXN03791,2025-12-23,P005,R02,SR020,C034,78,67.01,5226.78
TXN03792,2024-12-05,P001,R06,SR018,C001,55,38.97,2143.35
TXN03793,2025-02-23,P006,R02,SR014,C105,35,28.4,994.0
TXN03794,2024-06-18,P008,R01,SR001,C064,78,31.79,2479.62
TXN03795,2025-12-31,P002,R05,SR029,C083,34,55.28,1879.52
TXN03796,2025-08-22,P002,R01,SR025,C111,131,52.67,6899.77
TXN03797,2025-05-19,P008,R02,SR008,C026,52,31.14,1619.28
TXN03798,2025-08-07,P003,R05,SR005,C028,107,33.55,3589.85
TXN03799,2024-06-27,P002,R04,SR022,C040,95,54.31,5159.45
TXN03800,2024-07-12,P008,R06,SR006,C120,68,31.78,2161.04
TXN03801,2025-07-12,P003,R04,SR010,C102,72,35.6,2563.2
TXN03802,2024-09-06,P004,R02,SR002,C075,159,47.88,7612.92
TXN03803,2025-07-07,P001,R01,SR007,C027,45,39.07,1758.15
TXN03804,2025-06-27,P005,R02,SR020,C058,98,68.09,6672.82
TXN03805,2024-02-27,P008,R05,SR023,C114,31,31.4,973.4
TXN03806,2025-06-08,P002,R05,SR011,C020,150,56.37,8455.5
TXN03807,2025-03-29,P008,R02,SR026,C078,131,33.09,4334.79
TXN03808,2025-01-24,P005,R03,SR003,C054,56,67.93,3804.08
TXN03809,2024-08-12,P001,R05,SR029,C032,103,37.94,3907.82
TXN03810,2025-12-10,P003,R02,SR008,C075,159,34.97,5560.23
TXN03811,2024-04-30,P006,R01,SR019,C064,111,27.88,3094.68
TXN03812,2025-06-13,P004,R06,SR024,C002,88,49.93,4393.84
TXN03813,2025-12-17,P006,R01,SR019,C031,62,28.23,1750.26
TXN03814,2024-10-19,P003,R05,SR023,C084,125,35.43,4428.75
TXN03815,2024-08-14,P005,R05,SR029,C084,95,65.83,6253.85
TXN03816,2024-02-29,P002,R04,SR022,C070,184,56.01,10305.84
TXN03817,2025-08-13,P002,R02,SR008,C007,149,55.77,8309.73
TXN03818,2024-12-03,P003,R01,SR025,C031,77,37.18,2862.86
TXN03819,2025-03-29,P001,R01,SR019,C027,68,39.05,2655.4
TXN03820,2024-11-15,P002,R03,SR027,C019,106,55.99,5934.94
TXN03821,2024-10-26,P002,R06,SR006,C015,156,56.25,8775.0
TXN03822,2025-10-24,P005,R02,SR020,C049,100,68.31,6831.0
TXN03823,2024-02-02,P003,R06,SR006,C045,101,37.84,3821.84
TXN03824,2024-05-16,P003,R01,SR007,C064,96,34.04,3267.84
TXN03825,2025-09-23,P005,R06,SR030,C051,38,67.02,2546.76
TXN03826,2024-03-28,P001,R01,SR007,C027,51,41.97,2140.47
TXN03827,2024-10-25,P006,R01,SR007,C013,103,29.37,3025.11
TXN03828,2024-11-04,P002,R01,SR001,C119,32,53.54,1713.28
TXN03829,2025-06-15,P002,R06,SR012,C066,116,53.53,6209.48
TXN03830,2024-02-24,P007,R04,SR022,C103,89,42.9,3818.1
TXN03831,2024-06-07,P003,R04,SR022,C065,52,34.98,1818.96
TXN03832,2025-03-14,P004,R03,SR003,C030,85,50.77,4315.45
TXN03833,2025-09-01,P002,R01,SR007,C017,46,54.99,2529.54
TXN03834,2024-03-23,P006,R05,SR005,C073,59,29.04,1713.36
TXN03835,2024-12-24,P006,R06,SR024,C016,88,27.21,2394.48
TXN03836,2025-04-04,P001,R01,SR013,C017,72,38.79,2792.88
TXN03837,2025-12-18,P008,R05,SR029,C112,45,33.03,1486.35
TXN03838,2025-02-25,P002,R02,SR002,C033,220,53.57,11785.4
TXN03839,2025-05-17,P005,R01,SR025,C094,61,65.77,4011.97
TXN03840,2025-03-01,P004,R01,SR007,C067,119,46.09,5484.71
TXN03841,2024-09-14,P003,R01,SR001,C055,53,34.61,1834.33
TXN03842,2024-06-22,P002,R03,SR015,C082,62,55.49,3440.38
TXN03843,2024-05-05,P007,R05,SR023,C056,62,43.87,2719.94
TXN03844,2025-03-08,P005,R02,SR020,C078,143,69.62,9955.66
TXN03845,2025-12-06,P006,R02,SR002,C090,49,30.17,1478.33
TXN03846,2025-08-30,P005,R04,SR010,C048,44,67.66,2977.04
TXN03847,2024-05-08,P007,R01,SR001,C064,97,41.53,4028.41
TXN03848,2025-07-21,P002,R04,SR010,C100,79,50.74,4008.46
TXN03849,2025-10-24,P003,R06,SR006,C076,63,32.97,2077.11
TXN03850,2025-01-21,P004,R01,SR019,C027,51,51.54,2628.54
TXN03851,2024-05-07,P006,R02,SR002,C075,145,28.52,4135.4
TXN03852,2025-05-02,P003,R05,SR011,C093,94,35.35,3322.9
TXN03853,2024-07-01,P004,R04,SR016,C100,61,46.67,2846.87
TXN03854,2025-07-19,P005,R02,SR026,C036,64,66.53,4257.92
TXN03855,2024-01-27,P006,R02,SR020,C105,44,28.36,1247.84
TXN03856,2024-11-06,P001,R05,SR029,C063,81,39.31,3184.11
TXN03857,2024-11-07,P007,R02,SR020,C036,38,41.19,1565.22
TXN03858,2025-11-13,P002,R02,SR014,C033,141,56.65,7987.65
TXN03859,2024-06-10,P001,R02,SR008,C078,148,39.48,5843.04
TXN03860,2024-09-11,P005,R01,SR019,C012,60,66.27,3976.2
TXN03861,2025-04-21,P005,R02,SR008,C007,126,63.84,8043.84
TXN03862,2025-10-31,P007,R01,SR007,C017,39,41.54,1620.06
TXN03863,2024-03-10,P003,R01,SR013,C057,89,33.14,2949.46
TXN03864,2025-09-12,P002,R04,SR022,C095,64,53.03,3393.92
TXN03865,2025-10-09,P006,R02,SR020,C033,127,27.95,3549.65
TXN03866,2025-06-11,P007,R04,SR028,C023,115,42.92,4935.8
TXN03867,2024-11-20,P001,R04,SR016,C065,48,40.27,1932.96
TXN03868,2025-12-13,P006,R05,SR011,C020,99,29.08,2878.92
TXN03869,2024-10-29,P005,R03,SR027,C030,52,66.56,3461.12
TXN03870,2025-12-24,P007,R02,SR020,C069,54,46.29,2499.66
TXN03871,2025-01-30,P001,R01,SR013,C017,65,41.57,2702.05
TXN03872,2024-04-17,P005,R02,SR008,C101,77,64.92,4998.84
TXN03873,2024-08-28,P003,R01,SR025,C055,42,34.72,1458.24
TXN03874,2024-01-16,P005,R02,SR020,C007,123,68.34,8405.82
TXN03875,2025-08-11,P006,R01,SR013,C094,48,28.46,1366.08
TXN03876,2025-06-08,P008,R02,SR026,C071,48,31.63,1518.24
TXN03877,2024-04-17,P001,R02,SR008,C108,67,41.47,2778.49
TXN03878,2025-10-17,P003,R02,SR002,C036,57,32.02,1825.14
TXN03879,2025-09-28,P006,R04,SR010,C004,36,28.4,1022.4
TXN03880,2025-05-27,P002,R03,SR009,C041,50,57.33,2866.5
TXN03881,2024-09-16,P002,R01,SR001,C031,86,58.55,5035.3
TXN03882,2024-02-20,P002,R01,SR013,C057,90,51.88,4669.2
TXN03883,2024-02-05,P002,R02,SR002,C069,63,52.96,3336.48
TXN03884,2025-05-17,P004,R03,SR021,C054,76,48.98,3722.48
TXN03885,2025-05-10,P002,R06,SR024,C089,37,60.43,2235.91
TXN03886,2025-07-06,P001,R02,SR008,C036,75,41.3,3097.5
TXN03887,2025-03-04,P006,R03,SR003,C030,66,29.64,1956.24
TXN03888,2024-05-22,P002,R02,SR014,C078,143,56.48,8076.64
TXN03889,2024-08-06,P004,R03,SR009,C030,55,48.53,2669.15
TXN03890,2024-10-03,P003,R02,SR008,C036,37,34.51,1276.87
TXN03891,2025-10-07,P003,R02,SR002,C071,83,35.28,2928.24
TXN03892,2025-07-07,P004,R01,SR025,C064,72,48.67,3504.24
TXN03893,2024-09-19,P002,R06,SR030,C089,34,53.13,1806.42
TXN03894,2025-12-14,P005,R02,SR026,C101,87,67.21,5847.27
TXN03895,2025-09-14,P004,R02,SR014,C075,140,48.64,6809.6
TXN03896,2025-03-01,P004,R03,SR021,C037,90,52.31,4707.9
TXN03897,2025-03-08,P007,R06,SR018,C087,74,41.82,3094.68
TXN03898,2025-12-20,P001,R06,SR030,C085,108,38.38,4145.04
TXN03899,2024-07-04,P002,R05,SR017,C115,130,53.36,6936.8
TXN03900,2025-07-16,P003,R06,SR006,C110,75,35.47,2660.25
TXN03901,2024-11-12,P001,R06,SR018,C059,139,36.91,5130.49
TXN03902,2025-01-15,P005,R01,SR013,C055,64,73.71,4717.44
TXN03903,2024-09-14,P007,R04,SR028,C065,32,43.5,1392.0
TXN03904,2025-10-16,P002,R01,SR001,C119,32,54.14,1732.48
TXN03905,2025-01-03,P006,R01,SR013,C043,35,26.23,918.05
TXN03906,2025-05-20,P007,R01,SR013,C027,42,44.34,1862.28
TXN03907,2024-03-15,P003,R06,SR012,C118,49,33.06,1619.94
TXN03908,2025-10-05,P003,R01,SR019,C055,67,34.43,2306.81
TXN03909,2024-02-21,P006,R01,SR001,C013,119,28.01,3333.19
TXN03910,2025-07-26,P006,R06,SR012,C061,74,28.74,2126.76
TXN03911,2025-12-11,P002,R03,SR003,C018,95,56.26,5344.7
TXN03912,2025-02-24,P006,R01,SR013,C067,132,28.59,3773.88
TXN03913,2024-01-15,P007,R05,SR023,C028,113,40.26,4549.38
TXN03914,2024-10-13,P006,R01,SR001,C017,24,26.41,633.84
TXN03915,2025-09-24,P006,R01,SR019,C017,33,31.79,1049.07
TXN03916,2024-01-25,P001,R01,SR007,C055,65,40.38,2624.7
TXN03917,2025-08-31,P007,R01,SR001,C012,60,42.74,2564.4
TXN03918,2024-08-02,P002,R06,SR024,C106,45,56.34,2535.3
TXN03919,2024-09-28,P005,R01,SR007,C043,30,69.09,2072.7
TXN03920,2025-05-02,P005,R02,SR002,C097,53,69.25,3670.25
TXN03921,2025-12-14,P005,R01,SR013,C119,36,68.96,2482.56
TXN03922,2025-10-28,P005,R01,SR007,C043,40,67.71,2708.4
TXN03923,2024-05-11,P008,R01,SR013,C119,30,33.62,1008.6
TXN03924,2024-09-13,P006,R01,SR001,C119,18,29.84,537.12
TXN03925,2025-06-29,P001,R04,SR010,C004,65,40.73,2647.45
TXN03926,2024-11-13,P008,R04,SR010,C005,42,31.01,1302.42
TXN03927,2024-03-10,P004,R01,SR019,C060,117,49.92,5840.64
TXN03928,2024-08-07,P005,R01,SR013,C027,36,69.9,2516.4
TXN03929,2025-03-06,P005,R03,SR021,C109,49,65.97,3232.53
TXN03930,2024-10-24,P002,R01,SR013,C094,65,54.46,3539.9
TXN03931,2024-02-03,P005,R02,SR026,C092,44,67.86,2985.84
TXN03932,2024-07-24,P001,R06,SR006,C087,107,41.69,4460.83
TXN03933,2025-03-28,P008,R04,SR022,C095,66,32.61,2152.26
TXN03934,2024-06-19,P008,R06,SR012,C061,60,33.89,2033.4
TXN03935,2025-07-16,P002,R04,SR010,C070,130,55.47,7211.1
TXN03936,2024-01-18,P001,R02,SR002,C034,98,41.35,4052.3
TXN03937,2025-12-21,P003,R01,SR019,C060,96,34.21,3284.16
TXN03938,2024-01-30,P007,R02,SR014,C034,47,46.24,2173.28
TXN03939,2025-04-25,P005,R02,SR008,C026,75,62.34,4675.5
TXN03940,2024-09-27,P004,R03,SR027,C109,52,47.55,2472.6
TXN03941,2024-04-06,P004,R04,SR028,C023,161,50.67,8157.87
TXN03942,2025-03-25,P004,R05,SR017,C093,66,48.3,3187.8
TXN03943,2024-08-01,P007,R05,SR005,C008,39,44.09,1719.51
TXN03944,2025-05-01,P005,R04,SR004,C103,68,64.75,4403.0
TXN03945,2025-06-11,P003,R04,SR016,C095,62,34.52,2140.24
TXN03946,2024-05-01,P003,R01,SR001,C094,60,34.66,2079.6
TXN03947,2024-12-20,P002,R06,SR012,C045,133,57.27,7616.91
TXN03948,2024-12-04,P001,R04,SR004,C103,100,41.68,4168.0
TXN03949,2025-02-03,P003,R02,SR026,C058,101,35.6,3595.6
TXN03950,2025-03-27,P006,R03,SR021,C014,96,27.86,2674.56
TXN03951,2025-07-26,P006,R01,SR019,C094,64,30.92,1978.88
TXN03952,2025-03-17,P008,R05,SR029,C081,83,31.33,2600.39
TXN03953,2025-09-01,P002,R05,SR029,C028,104,57.07,5935.28
TXN03954,2024-09-21,P006,R02,SR026,C105,38,29.52,1121.76
TXN03955,2024-08-04,P002,R05,SR029,C117,53,52.89,2803.17
TXN03956,2024-09-16,P001,R05,SR017,C073,63,40.55,2554.65
TXN03957,2025-02-22,P006,R06,SR012,C116,36,29.06,1046.16
TXN03958,2025-02-28,P005,R05,SR023,C096,61,69.7,4251.7
TXN03959,2025-01-01,P002,R03,SR009,C003,69,57.83,3990.27
TXN03960,2024-01-02,P002,R06,SR024,C035,116,52.32,6069.12
TXN03961,2025-02-07,P006,R04,SR004,C103,77,29.41,2264.57
TXN03962,2024-07-13,P004,R03,SR021,C109,40,45.39,1815.6
TXN03963,2024-11-16,P004,R05,SR029,C093,52,49.02,2549.04
TXN03964,2024-04-04,P004,R03,SR021,C025,39,50.42,1966.38
TXN03965,2025-04-23,P002,R02,SR020,C090,69,57.39,3959.91
TXN03966,2025-04-29,P001,R01,SR001,C057,94,40.21,3779.74
TXN03967,2025-09-12,P008,R05,SR029,C008,16,31.24,499.84
TXN03968,2025-12-13,P007,R01,SR001,C094,57,41.45,2362.65
TXN03969,2025-11-14,P005,R01,SR013,C111,103,66.54,6853.62
TXN03970,2025-12-01,P008,R05,SR029,C083,25,32.09,802.25
TXN03971,2025-04-19,P002,R06,SR024,C050,46,56.01,2576.46
TXN03972,2025-08-30,P004,R04,SR016,C048,64,49.9,3193.6
TXN03973,2024-10-31,P004,R01,SR019,C064,87,48.79,4244.73
TXN03974,2025-04-03,P003,R05,SR005,C115,116,33.42,3876.72
TXN03975,2025-07-29,P002,R02,SR014,C034,93,53.47,4972.71
TXN03976,2025-04-23,P001,R06,SR006,C059,202,40.92,8265.84
TXN03977,2025-06-26,P003,R01,SR013,C012,65,34.05,2213.25
TXN03978,2024-04-29,P005,R05,SR029,C093,51,65.45,3337.95
TXN03979,2025-03-19,P005,R04,SR004,C065,48,70.19,3369.12
TXN03980,2024-11-26,P003,R06,SR024,C059,106,34.36,3642.16
TXN03981,2024-05-05,P006,R04,SR028,C104,75,27.44,2058.0
TXN03982,2025-01-10,P006,R01,SR007,C027,34,28.97,984.98
TXN03983,2024-06-25,P005,R02,SR008,C042,65,70.02,4551.3
TXN03984,2025-01-19,P002,R05,SR029,C056,43,57.86,2487.98
TXN03985,2025-07-01,P002,R02,SR026,C069,69,53.12,3665.28
TXN03986,2024-05-07,P002,R01,SR019,C043,70,56.32,3942.4
TXN03987,2024-08-26,P001,R01,SR019,C060,126,40.24,5070.24
TXN03988,2024-05-28,P001,R02,SR020,C049,119,39.8,4736.2
TXN03989,2025-02-25,P005,R01,SR007,C013,118,70.34,8300.12
TXN03990,2024-05-10,P006,R04,SR022,C070,132,29.7,3920.4
TXN03991,2025-10-13,P004,R04,SR016,C010,126,51.45,6482.7
TXN03992,2025-10-26,P001,R03,SR003,C053,122,39.82,4858.04
TXN03993,2025-08-28,P002,R02,SR002,C071,100,56.07,5607.0
TXN03994,2024-07-04,P007,R02,SR014,C108,53,44.12,2338.36
TXN03995,2024-12-21,P006,R01,SR013,C094,53,30.36,1609.08
TXN03996,2025-03-28,P001,R03,SR003,C006,111,40.01,4441.11
TXN03997,2024-09-04,P005,R01,SR001,C012,49,68.05,3334.45
TXN03998,2024-06-03,P001,R05,SR011,C073,105,42.5,4462.5
TXN03999,2024-10-18,P007,R03,SR003,C053,78,41.48,3235.44
TXN04000,2024-09-05,P002,R04,SR028,C048,76,55.82,4242.32
TXN04001,2024-05-15,P001,R06,SR012,C045,130,40.7,5291.0
TXN04002,2024-10-06,P004,R01,SR001,C022,91,50.59,4603.69
TXN04003,2025-04-30,P008,R01,SR013,C013,118,31.26,3688.68
TXN04004,2024-06-12,P008,R04,SR004,C104,52,32.09,1668.68
TXN04005,2024-11-19,P001,R02,SR014,C026,57,40.72,2321.04
TXN04006,2025-04-16,P004,R03,SR015,C082,43,44.23,1901.89
TXN04007,2025-05-31,P003,R05,SR011,C114,55,31.86,1752.3
TXN04008,2025-03-27,P007,R03,SR027,C018,83,42.7,3544.1
TXN04009,2025-04-22,P001,R01,SR025,C027,61,41.45,2528.45
TXN04010,2024-05-18,P003,R02,SR026,C034,71,32.46,2304.66
TXN04011,2025-05-28,P007,R01,SR019,C031,91,48.04,4371.64
TXN04012,2025-04-26,P006,R01,SR001,C094,57,29.28,1668.96
TXN04013,2024-09-12,P002,R01,SR013,C057,92,55.52,5107.84
TXN04014,2025-07-08,P006,R01,SR019,C043,35,28.78,1007.3
TXN04015,2024-03-01,P004,R01,SR001,C031,88,49.43,4349.84
TXN04016,2025-07-11,P008,R03,SR021,C024,22,30.76,676.72
TXN04017,2024-05-06,P001,R06,SR012,C045,129,38.76,5000.04
TXN04018,2024-11-07,P001,R06,SR006,C077,121,41.23,4988.83
TXN04019,2024-12-11,P006,R02,SR002,C036,45,28.44,1279.8
TXN04020,2024-09-28,P001,R04,SR016,C080,181,40.4,7312.4
TXN04021,2025-12-18,P002,R06,SR012,C002,102,53.4,5446.8
TXN04022,2024-10-25,P005,R05,SR023,C112,64,67.91,4346.24
TXN04023,2025-03-12,P008,R01,SR001,C055,45,33.15,1491.75
TXN04024,2025-12-26,P002,R04,SR010,C004,44,57.04,2509.76
TXN04025,2024-06-25,P001,R05,SR029,C032,111,40.39,4483.29
TXN04026,2024-07-30,P003,R02,SR020,C105,44,32.64,1436.16
TXN04027,2025-07-18,P001,R04,SR010,C070,158,38.95,6154.1
TXN04028,2025-02-15,P004,R02,SR026,C036,50,45.99,2299.5
TXN04029,2025-07-27,P001,R03,SR027,C030,85,39.92,3393.2
TXN04030,2024-04-20,P001,R04,SR022,C100,108,40.07,4327.56
TXN04031,2025-01-10,P008,R01,SR025,C057,60,33.08,1984.8
TXN04032,2024-06-09,P001,R01,SR001,C022,168,41.86,7032.48
TXN04033,2025-04-07,P001,R03,SR003,C109,81,39.75,3219.75
TXN04034,2024-02-21,P003,R04,SR028,C091,102,32.67,3332.34
TXN04035,2024-04-02,P002,R03,SR027,C025,39,55.99,2183.61
TXN04036,2024-01-24,P005,R04,SR028,C065,57,68.77,3919.89
TXN04037,2025-05-02,P007,R03,SR021,C025,29,43.28,1255.12
TXN04038,2024-12-18,P001,R02,SR026,C075,167,38.52,6432.84
TXN04039,2025-01-18,P001,R06,SR018,C079,121,38.79,4693.59
TXN04040,2025-04-11,P008,R01,SR019,C088,38,31.38,1192.44
TXN04041,2025-04-15,P002,R02,SR008,C069,60,53.26,3195.6
TXN04042,2025-05-09,P004,R06,SR006,C118,49,48.02,2352.98
TXN04043,2025-12-07,P003,R05,SR029,C114,40,33.56,1342.4
TXN04044,2025-01-08,P003,R04,SR016,C095,69,36.1,2490.9
TXN04045,2024-06-12,P003,R02,SR002,C075,160,34.62,5539.2
TXN04046,2024-09-08,P003,R05,SR023,C028,110,33.17,3648.7
TXN04047,2025-04-11,P007,R01,SR013,C057,74,42.82,3168.68
TXN04048,2024-04-14,P006,R03,SR009,C011,55,31.71,1744.05
TXN04049,2025-08-10,P002,R02,SR014,C078,138,52.7,7272.6
TXN04050,2025-05-06,P006,R05,SR011,C084,144,30.74,4426.56
TXN04051,2025-02-19,P007,R04,SR016,C091,94,45.94,4318.36
TXN04052,2024-05-11,P001,R05,SR029,C084,180,38.98,7016.4
TXN04053,2025-12-29,P003,R01,SR019,C067,146,33.7,4920.2
TXN04054,2025-07-16,P006,R06,SR024,C120,63,27.42,1727.46
TXN04055,2024-06-12,P006,R03,SR015,C024,24,28.5,684.0
TXN04056,2024-02-17,P001,R05,SR017,C038,60,39.16,2349.6
TXN04057,2024-11-05,P002,R06,SR024,C120,63,53.21,3352.23
TXN04058,2025-06-25,P004,R06,SR024,C016,97,49.95,4845.15
TXN04059,2024-08-21,P001,R01,SR025,C013,156,38.22,5962.32
TXN04060,2025-06-30,P002,R02,SR026,C036,60,54.6,3276.0
TXN04061,2024-04-17,P002,R02,SR026,C078,170,55.67,9463.9
TXN04062,2025-10-25,P003,R04,SR016,C040,76,34.22,2600.72
TXN04063,2025-07-25,P008,R02,SR002,C069,37,29.92,1107.04
TXN04064,2025-02-25,P006,R06,SR006,C016,114,29.21,3329.94
TXN04065,2025-02-18,P002,R01,SR013,C060,114,55.35,6309.9
TXN04066,2024-07-27,P003,R05,SR005,C081,112,32.6,3651.2
TXN04067,2024-05-06,P001,R04,SR010,C023,174,40.1,6977.4
TXN04068,2025-07-12,P001,R04,SR022,C095,88,42.26,3718.88
TXN04069,2024-11-19,P001,R01,SR025,C027,55,41.34,2273.7
TXN04070,2025-03-10,P006,R04,SR016,C104,90,27.73,2495.7
TXN04071,2025-08-06,P002,R01,SR007,C119,35,54.75,1916.25
TXN04072,2024-11-14,P007,R02,SR014,C034,52,41.55,2160.6
TXN04073,2025-01-04,P008,R02,SR026,C097,26,34.64,900.64
TXN04074,2024-05-13,P008,R01,SR019,C119,27,30.88,833.76
TXN04075,2024-08-03,P001,R04,SR016,C080,153,38.09,5827.77
TXN04076,2025-12-07,P005,R01,SR001,C027,36,65.61,2361.96
TXN04077,2024-02-07,P001,R04,SR016,C004,62,39.41,2443.42
TXN04078,2025-04-15,P007,R05,SR029,C020,87,43.13,3752.31
TXN04079,2025-07-19,P004,R02,SR026,C058,103,46.69,4809.07
TXN04080,2025-05-09,P002,R06,SR012,C061,110,52.87,5815.7
TXN04081,2025-10-11,P007,R01,SR019,C111,123,42.13,5181.99
TXN04082,2025-03-01,P005,R04,SR004,C040,72,71.29,5132.88
TXN04083,2024-04-19,P004,R01,SR013,C064,93,44.99,4184.07
TXN04084,2025-06-26,P004,R03,SR003,C053,96,52.25,5016.0
TXN04085,2024-01-31,P007,R02,SR008,C108,43,39.76,1709.68
TXN04086,2025-11-20,P002,R01,SR001,C111,134,53.92,7225.28
TXN04087,2025-12-18,P002,R02,SR002,C042,157,57.12,8967.84
TXN04088,2025-11-03,P006,R02,SR014,C090,33,29.87,985.71
TXN04089,2024-03-17,P008,R01,SR019,C043,30,31.54,946.2
TXN04090,2025-08-07,P002,R02,SR002,C058,149,55.84,8320.16
TXN04091,2024-10-15,P007,R05,SR005,C093,56,42.33,2370.48
TXN04092,2024-01-12,P004,R06,SR012,C098,91,47.05,4281.55
TXN04093,2025-04-30,P003,R03,SR015,C054,38,32.67,1241.46
TXN04094,2024-06-18,P007,R05,SR023,C083,74,41.12,3042.88
TXN04095,2025-11-30,P001,R05,SR011,C028,132,38.49,5080.68
TXN04096,2024-12-27,P001,R02,SR002,C101,155,39.17,6071.35
TXN04097,2025-05-05,P005,R01,SR001,C043,38,64.99,2469.62
TXN04098,2025-12-09,P006,R01,SR007,C022,68,28.43,1933.24
TXN04099,2025-01-06,P002,R01,SR013,C064,102,55.31,5641.62
TXN04100,2025-04-05,P002,R05,SR023,C056,71,55.83,3963.93
TXN04101,2024-07-26,P008,R01,SR013,C119,17,32.18,547.06
TXN04102,2024-12-09,P004,R02,SR026,C092,32,50.42,1613.44
TXN04103,2024-08-13,P003,R05,SR011,C073,71,32.43,2302.53
TXN04104,2024-07-07,P001,R03,SR009,C003,83,39.71,3295.93
TXN04105,2024-03-04,P002,R02,SR026,C097,38,54.93,2087.34
TXN04106,2025-09-05,P005,R03,SR015,C054,42,65.14,2735.88
TXN04107,2024-07-23,P006,R04,SR022,C040,90,29.99,2699.1
TXN04108,2025-03-06,P005,R01,SR025,C017,39,66.59,2597.01
TXN04109,2024-03-30,P002,R03,SR027,C014,132,55.19,7285.08
TXN04110,2024-12-01,P002,R05,SR029,C073,63,54.19,3413.97
TXN04111,2025-03-17,P003,R01,SR007,C055,61,35.01,2135.61
TXN04112,2025-01-02,P004,R02,SR002,C034,90,46.79,4211.1
TXN04113,2024-02-08,P007,R01,SR007,C031,65,42.44,2758.6
TXN04114,2024-04-03,P001,R01,SR025,C013,189,40.72,7696.08
TXN04115,2025-08-09,P003,R05,SR023,C038,49,34.59,1694.91
TXN04116,2025-12-17,P005,R06,SR030,C079,95,69.94,6644.3
TXN04117,2025-04-22,P001,R05,SR029,C020,133,42.21,5613.93
TXN04118,2024-02-10,P006,R01,SR013,C017,28,27.37,766.36
TXN04119,2024-03-08,P007,R02,SR026,C042,99,42.38,4195.62
TXN04120,2025-11-23,P003,R01,SR001,C094,51,32.49,1656.99
TXN04121,2025-08-08,P004,R03,SR021,C019,70,48.73,3411.1
TXN04122,2024-07-06,P003,R04,SR004,C104,53,33.14,1756.42
TXN04123,2024-11-04,P001,R05,SR011,C020,144,38.25,5508.0
TXN04124,2024-12-01,P003,R05,SR005,C093,66,32.64,2154.24
TXN04125,2024-02-08,P001,R04,SR010,C029,43,39.97,1718.71
TXN04126,2024-10-30,P002,R03,SR003,C003,115,57.91,6659.65
TXN04127,2024-10-03,P007,R02,SR002,C092,48,41.28,1981.44
TXN04128,2025-05-04,P002,R04,SR028,C100,80,56.21,4496.8
TXN04129,2024-03-06,P001,R01,SR001,C057,81,39.34,3186.54
TXN04130,2024-07-23,P004,R02,SR014,C097,17,50.57,859.69
TXN04131,2025-09-25,P004,R02,SR002,C108,85,50.07,4255.95
TXN04132,2024-09-03,P006,R01,SR019,C111,126,28.53,3594.78
TXN04133,2024-12-21,P005,R04,SR004,C070,101,67.17,6784.17
TXN04134,2024-04-28,P001,R02,SR008,C075,143,41.52,5937.36
TXN04135,2024-05-13,P003,R04,SR022,C091,98,34.24,3355.52
TXN04136,2024-11-06,P001,R05,SR011,C081,194,40.17,7792.98
TXN04137,2024-10-15,P007,R05,SR023,C056,41,43.16,1769.56
TXN04138,2025-05-27,P008,R02,SR026,C097,33,32.07,1058.31
TXN04139,2024-03-27,P002,R05,SR023,C032,134,54.76,7337.84
TXN04140,2024-01-18,P005,R03,SR009,C030,44,64.57,2841.08
TXN04141,2025-04-22,P002,R05,SR005,C020,123,57.16,7030.68
TXN04142,2024-12-16,P007,R05,SR017,C083,43,40.26,1731.18
TXN04143,2024-07-01,P007,R06,SR006,C035,107,40.11,4291.77
TXN04144,2025-10-08,P005,R05,SR005,C112,48,66.84,3208.32
TXN04145,2024-06-12,P007,R02,SR002,C034,85,45.33,3853.05
TXN04146,2025-05-05,P003,R02,SR026,C105,56,37.31,2089.36
TXN04147,2025-07-29,P005,R05,SR017,C020,78,67.25,5245.5
TXN04148,2024-11-28,P008,R01,SR007,C043,29,32.16,932.64
TXN04149,2024-04-12,P006,R06,SR012,C077,98,26.74,2620.52
TXN04150,2024-11-08,P008,R02,SR020,C007,101,31.72,3203.72
TXN04151,2025-07-17,P007,R01,SR001,C088,47,44.71,2101.37
TXN04152,2024-04-08,P002,R02,SR008,C069,44,53.05,2334.2
TXN04153,2024-06-10,P004,R01,SR025,C043,40,49.02,1960.8
TXN04154,2025-09-01,P007,R03,SR003,C003,78,45.34,3536.52
TXN04155,2024-08-29,P008,R03,SR003,C072,30,32.7,981.0
TXN04156,2025-12-04,P001,R05,SR029,C032,102,40.87,4168.74
TXN04157,2024-12-09,P004,R01,SR019,C043,57,46.91,2673.87
TXN04158,2025-03-30,P002,R02,SR020,C007,215,54.81,11784.15
TXN04159,2025-09-28,P007,R04,SR028,C080,126,44.64,5624.64
TXN04160,2024-03-25,P003,R06,SR024,C044,65,33.69,2189.85
TXN04161,2024-01-06,P004,R01,SR025,C043,42,48.51,2037.42
TXN04162,2025-02-06,P007,R02,SR014,C049,89,44.61,3970.29
TXN04163,2025-07-21,P005,R04,SR028,C102,84,69.05,5800.2
TXN04164,2024-08-10,P008,R02,SR026,C071,48,32.57,1563.36
TXN04165,2025-06-18,P008,R02,SR014,C058,61,30.11,1836.71
TXN04166,2024-01-04,P001,R03,SR009,C006,61,39.09,2384.49
TXN04167,2025-08-10,P007,R02,SR002,C034,82,42.92,3519.44
TXN04168,2024-03-22,P001,R05,SR011,C081,233,40.77,9499.41
TXN04169,2024-11-18,P001,R01,SR019,C017,56,40.62,2274.72
TXN04170,2024-11-22,P006,R01,SR001,C064,81,30.12,2439.72
TXN04171,2024-02-24,P005,R03,SR021,C018,56,68.73,3848.88
TXN04172,2025-12-28,P005,R06,SR018,C051,34,70.3,2390.2
TXN04173,2024-07-21,P007,R02,SR008,C105,44,44.07,1939.08
TXN04174,2024-03-11,P008,R06,SR012,C016,82,30.74,2520.68
TXN04175,2025-10-27,P005,R05,SR011,C083,45,69.25,3116.25
TXN04176,2025-06-03,P002,R01,SR019,C017,67,57.13,3827.71
TXN04177,2025-09-09,P001,R05,SR005,C032,134,39.03,5230.02
TXN04178,2024-01-08,P001,R02,SR014,C092,47,39.99,1879.53
TXN04179,2024-08-23,P001,R01,SR025,C094,58,39.55,2293.9
TXN04180,2025-04-26,P003,R05,SR017,C093,71,37.07,2631.97
TXN04181,2024-05-21,P008,R06,SR030,C113,42,33.41,1403.22
TXN04182,2025-09-16,P004,R01,SR019,C055,50,46.01,2300.5
TXN04183,2025-09-04,P006,R03,SR021,C018,60,28.98,1738.8
TXN04184,2025-06-07,P007,R02,SR002,C026,80,42.13,3370.4
TXN04185,2024-09-15,P001,R01,SR001,C060,122,38.46,4692.12
TXN04186,2025-03-16,P001,R01,SR025,C088,80,42.28,3382.4
TXN04187,2024-06-25,P007,R04,SR004,C029,25,41.69,1042.25
TXN04188,2024-12-15,P008,R01,SR007,C022,55,31.22,1717.1
TXN04189,2024-01-14,P005,R01,SR007,C022,71,69.65,4945.15
TXN04190,2024-09-24,P003,R05,SR029,C020,72,33.97,2445.84
TXN04191,2025-01-06,P004,R04,SR010,C046,25,46.88,1172.0
TXN04192,2025-05-29,P005,R02,SR014,C034,76,69.03,5246.28
TXN04193,2025-01-01,P007,R03,SR027,C025,37,42.76,1582.12
TXN04194,2025-06-17,P001,R06,SR006,C087,116,39.48,4579.68
TXN04195,2025-07-03,P004,R04,SR004,C046,33,49.42,1630.86
TXN04196,2024-11-29,P008,R03,SR003,C037,74,31.47,2328.78
TXN04197,2024-03-11,P007,R02,SR020,C058,86,42.77,3678.22
TXN04198,2024-10-30,P008,R01,SR001,C060,75,32.55,2441.25
TXN04199,2024-09-30,P008,R04,SR004,C095,40,32.18,1287.2
TXN04200,2025-11-13,P005,R01,SR019,C088,44,69.0,3036.0
TXN04201,2024-01-26,P007,R05,SR023,C038,43,42.17,1813.31
TXN04202,2024-07-04,P001,R05,SR011,C115,218,41.84,9121.12
TXN04203,2025-10-29,P007,R01,SR007,C064,65,45.12,2932.8
TXN04204,2024-12-30,P008,R02,SR014,C078,72,32.29,2324.88
TXN04205,2024-08-19,P002,R01,SR019,C012,77,55.56,4278.12
TXN04206,2024-04-30,P006,R05,SR005,C117,66,30.37,2004.42
TXN04207,2024-09-14,P002,R03,SR009,C052,32,53.87,1723.84
TXN04208,2025-11-26,P006,R04,SR004,C091,70,27.58,1930.6
TXN04209,2025-08-10,P001,R03,SR015,C030,51,41.85,2134.35
TXN04210,2024-08-20,P007,R06,SR024,C099,46,42.63,1960.98
TXN04211,2025-10-22,P005,R02,SR026,C075,110,62.38,6861.8
TXN04212,2024-03-11,P001,R04,SR016,C023,183,40.95,7493.85
TXN04213,2024-01-05,P003,R04,SR022,C010,123,33.84,4162.32
TXN04214,2025-03-27,P003,R02,SR008,C078,128,33.36,4270.08
TXN04215,2024-03-04,P003,R01,SR019,C111,179,34.26,6132.54
TXN04216,2025-09-15,P004,R05,SR011,C063,79,50.1,3957.9
TXN04217,2025-09-15,P001,R03,SR027,C082,85,41.07,3490.95
TXN04218,2025-09-30,P001,R01,SR001,C067,144,39.13,5634.72
TXN04219,2025-08-26,P008,R05,SR011,C117,55,30.61,1683.55
TXN04220,2025-07-30,P007,R01,SR013,C057,70,43.66,3056.2
TXN04221,2025-03-05,P008,R02,SR026,C049,89,33.48,2979.72
TXN04222,2024-12-06,P008,R01,SR025,C013,91,33.68,3064.88
TXN04223,2025-07-18,P002,R02,SR014,C071,69,51.08,3524.52
TXN04224,2024-12-17,P001,R06,SR006,C118,67,40.8,2733.6
TXN04225,2024-04-15,P003,R05,SR029,C008,41,32.55,1334.55
TXN04226,2025-09-25,P003,R02,SR002,C097,46,34.25,1575.5
TXN04227,2025-04-30,P002,R05,SR023,C115,203,54.31,11024.93
TXN04228,2025-11-25,P002,R01,SR001,C060,106,54.98,5827.88
TXN04229,2024-03-25,P002,R01,SR019,C088,78,57.63,4495.14
TXN04230,2024-07-03,P001,R04,SR028,C010,183,38.53,7050.99
TXN04231,2025-08-25,P003,R05,SR005,,80,32.08,2566.4
TXN04232,2025-06-23,P005,R01,SR013,C043,45,67.1,3019.5
TXN04233,2025-05-24,P002,R02,SR014,C075,154,55.1,8485.4
TXN04234,2024-09-10,P008,R03,SR015,C041,32,33.66,1077.12
TXN04235,2025-06-17,P008,R03,SR021,C003,63,31.84,2005.92
TXN04236,2025-09-25,P003,R04,SR016,C048,74,34.59,2559.66
TXN04237,2024-11-10,P006,R01,SR001,C111,124,28.29,3507.96
TXN04238,2025-06-14,P005,R06,SR012,C076,69,68.52,4727.88
TXN04239,2025-01-02,P006,R03,SR015,C072,31,27.38,848.78
TXN04240,2025-04-19,P003,R03,SR021,C011,64,34.93,2235.52
TXN04241,2025-10-23,P002,R05,SR017,C115,115,55.57,6390.55
TXN04242,2024-01-09,P004,R01,SR001,C094,57,47.82,2725.74
TXN04243,2025-11-06,P003,R06,SR018,C098,87,34.69,3018.03
TXN04244,2024-09-15,P005,R05,SR017,C081,98,68.84,6746.32
TXN04245,2024-01-04,P008,R04,SR010,C091,50,32.37,1618.5
TXN04246,2025-05-04,P004,R03,SR003,C009,60,49.67,2980.2
TXN04247,2025-07-03,P001,R02,SR008,C105,51,41.65,2124.15
TXN04248,2025-10-25,P005,R04,SR010,C080,115,66.41,7637.15
TXN04249,2024-05-06,P008,R01,SR025,C111,123,32.65,4015.95
TXN04250,2025-11-24,P005,R05,SR023,C056,38,72.79,2766.02
TXN04251,2025-05-14,P005,R01,SR025,C022,71,71.56,5080.76
TXN04252,2024-03-29,P001,R02,SR002,C092,71,40.52,2876.92
TXN04253,2024-06-23,P004,R04,SR010,C104,74,51.18,3787.32
TXN04254,2024-06-29,P003,R01,SR025,C067,149,33.11,4933.39
TXN04255,2024-09-17,P002,R05,SR029,C083,40,56.56,2262.4
TXN04256,2025-06-20,P004,R03,SR009,C052,36,50.94,1833.84
TXN04257,2024-12-10,P005,R01,SR013,C022,80,62.76,5020.8
TXN04258,2025-01-15,P006,R02,SR020,C036,52,30.48,1584.96
TXN04259,2024-03-22,P006,R01,SR019,C119,34,29.53,1004.02
TXN04260,2025-08-29,P007,R01,SR025,C043,46,43.22,1988.12
TXN04261,2024-05-19,P007,R05,SR011,C032,107,43.71,4676.97
TXN04262,2025-06-11,P004,R02,SR020,C078,177,48.5,8584.5
TXN04263,2024-03-05,P003,R05,SR023,C063,95,35.22,3345.9
TXN04264,2025-11-05,P002,R01,SR025,C027,42,52.13,2189.46
TXN04265,2025-07-31,P003,R05,SR011,C093,80,34.08,2726.4
TXN04266,2025-09-20,P003,R04,SR010,C070,127,34.82,4422.14
TXN04267,2024-03-16,P005,R05,SR005,C081,133,69.59,9255.47
TXN04268,2025-12-20,P004,R06,SR024,C087,65,52.13,3388.45
TXN04269,2024-11-25,P001,R01,SR019,C017,57,37.71,2149.47
TXN04270,2024-06-10,P007,R02,SR026,C092,50,43.12,2156.0
TXN04271,2024-02-25,P006,R05,SR017,C093,59,29.36,1732.24
TXN04272,2025-04-20,P001,R02,SR002,C075,291,38.42,11180.22
TXN04273,2025-09-08,P002,R01,SR019,C067,138,54.64,7540.32
TXN04274,2025-02-14,P004,R03,SR015,C011,45,51.19,2303.55
TXN04275,2024-07-28,P004,R06,SR018,C113,53,47.34,2509.02
TXN04276,2025-08-13,P006,R01,SR007,C094,35,29.06,1017.1
TXN04277,2025-11-14,P001,R05,SR017,C020,104,39.34,4091.36
TXN04278,2024-07-01,P001,R05,SR017,C008,42,40.98,1721.16
TXN04279,2024-07-25,P006,R03,SR027,C024,40,27.51,1100.4
TXN04280,2024-09-28,P006,R01,SR025,C043,38,27.76,1054.88
TXN04281,2024-05-22,P001,R03,SR009,C006,81,38.09,3085.29
TXN04282,2025-02-22,P001,R01,SR019,C064,138,38.98,5379.24
TXN04283,2024-12-11,P003,R01,SR019,C067,136,35.13,4777.68
TXN04284,2024-06-16,P005,R05,SR011,C083,71,63.48,4507.08
TXN04285,2025-06-08,P001,R06,SR018,C044,80,38.59,3087.2
TXN04286,2024-03-02,P006,R02,SR026,C101,96,30.21,2900.16
TXN04287,2024-12-12,P001,R04,SR016,C004,59,40.62,2396.58
TXN04288,2024-06-28,P008,R01,SR019,C017,41,33.76,1384.16
TXN04289,2024-07-08,P006,R06,SR030,C066,86,26.63,2290.18
TXN04290,2025-06-11,P003,R01,SR025,C055,68,33.94,2307.92
TXN04291,2024-08-17,P008,R01,SR001,C088,43,32.09,1379.87
TXN04292,2024-03-09,P002,R05,SR017,C096,91,58.94,5363.54
TXN04293,2024-07-27,P006,R03,SR009,C024,30,28.99,869.7
TXN04294,2025-10-06,P001,R02,SR020,C101,138,40.48,5586.24
TXN04295,2025-11-26,P007,R01,SR001,C022,67,41.76,2797.92
TXN04296,2024-12-23,P002,R01,SR001,C027,56,56.49,3163.44
TXN04297,2025-04-26,P001,R01,SR001,C043,63,40.79,2569.77
TXN04298,2025-04-05,P003,R01,SR001,C055,72,34.43,2478.96
TXN04299,2024-01-16,P006,R04,SR004,C100,58,29.05,1684.9
TXN04300,2025-03-29,P008,R02,SR002,C034,75,29.75,2231.25
TXN04301,2025-02-16,P002,R03,SR015,C018,45,56.89,2560.05
TXN04302,2024-01-02,P008,R06,SR024,C113,35,33.41,1169.35
TXN04303,2025-01-09,P002,R04,SR016,C039,108,53.65,5794.2
TXN04304,2025-02-14,P003,R02,SR014,C078,133,32.49,4321.17
TXN04305,2024-09-24,P007,R03,SR027,C052,53,44.49,2357.97
TXN04306,2025-12-04,P002,R03,SR003,C030,76,60.3,4582.8
TXN04307,2025-02-25,P001,R03,SR003,C014,163,42.09,6860.67
TXN04308,2024-04-10,P003,R06,SR012,C001,43,34.12,1467.16
TXN04309,2025-01-21,P002,R04,SR004,C103,109,50.91,5549.19
TXN04310,2025-04-23,P007,R02,SR002,C042,138,44.7,6168.6
TXN04311,2025-10-03,P008,R02,SR008,C049,59,31.61,1864.99
TXN04312,2025-03-09,P008,R02,SR020,C090,47,32.34,1519.98
TXN04313,2024-10-04,P006,R01,SR025,C088,57,28.64,1632.48
TXN04314,2025-11-14,P008,R05,SR017,C081,73,30.97,2260.81
TXN04315,2025-12-26,P006,R02,SR014,C090,40,30.29,1211.6
TXN04316,2025-05-27,P005,R03,SR021,C054,62,68.83,4267.46
TXN04317,2024-06-28,P008,R04,SR010,C039,69,30.62,2112.78
TXN04318,2025-08-02,P007,R02,SR026,C069,51,43.32,2209.32
TXN04319,2025-02-18,P008,R01,SR025,C064,72,31.77,2287.44
TXN04320,2025-12-10,P006,R01,SR001,C043,51,30.37,1548.87
TXN04321,2025-01-21,P008,R02,SR014,C108,43,32.49,1397.07
TXN04322,2025-01-29,P008,R01,SR013,C119,16,32.14,514.24
TXN04323,2025-11-14,P002,R02,SR014,C078,141,56.04,7901.64
TXN04324,2025-12-10,P005,R05,SR005,C096,43,70.05,3012.15
TXN04325,2025-05-19,P004,R01,SR013,C094,63,48.29,3042.27
TXN04326,2025-01-15,P007,R04,SR016,C065,28,42.16,1180.48
TXN04327,2025-05-12,P001,R03,SR003,C019,112,41.15,4608.8
TXN04328,2024-05-26,P002,R02,SR020,C108,80,56.93,4554.4
TXN04329,2025-09-14,P004,R06,SR006,C099,48,48.24,2315.52
TXN04330,2025-06-07,P001,R06,SR012,C099,56,39.69,2222.64
TXN04331,2024-04-14,P008,R04,SR016,C004,29,33.09,959.61
TXN04332,2024-01-05,P007,R05,SR005,C081,104,43.38,4511.52
TXN04333,2025-11-13,P003,R04,SR010,C102,90,35.45,3190.5
TXN04334,2025-01-24,P004,R02,SR008,C092,51,48.25,2460.75
TXN04335,2024-09-23,P002,R03,SR027,C011,84,55.87,4693.08
TXN04336,2024-09-29,P002,R06,SR012,C061,87,56.03,4874.61
TXN04337,2025-03-14,P002,R02,SR008,C033,177,54.54,9653.58
TXN04338,2025-01-27,P006,R02,SR020,C090,48,27.25,1308.0
TXN04339,2025-09-07,P001,R04,SR028,C100,72,40.55,2919.6
TXN04340,2025-05-20,P007,R02,SR002,C090,57,43.17,2460.69
TXN04341,2024-12-02,P008,R06,SR024,C044,45,30.66,1379.7
TXN04342,2025-12-03,P001,R01,SR001,C064,142,40.59,5763.78
TXN04343,2025-03-28,P005,R01,SR007,C055,42,68.5,2877.0
TXN04344,2024-05-01,P001,R04,SR022,C091,150,40.99,6148.5
TXN04345,2025-08-01,P006,R01,SR007,C060,68,28.87,1963.16
TXN04346,2024-06-16,P003,R01,SR007,C022,96,33.34,3200.64
TXN04347,2025-06-28,P004,R01,SR001,C027,51,49.54,2526.54
TXN04348,2025-09-15,P004,R03,SR003,C041,60,47.39,2843.4
TXN04349,2024-11-13,P004,R04,SR010,C010,108,48.94,5285.52
TXN04350,2025-11-21,P002,R06,SR024,C120,84,50.6,4250.4
TXN04351,2024-08-13,P004,R01,SR007,C031,90,49.03,4412.7
TXN04352,2025-03-28,P002,R02,SR014,C033,171,54.3,9285.3
TXN04353,2024-10-31,P005,R03,SR015,C025,24,73.11,1754.64
TXN04354,2025-03-25,P004,R01,SR007,C111,104,47.18,4906.72
TXN04355,2025-02-01,P006,R01,SR007,C013,95,28.82,2737.9
TXN04356,2025-07-26,P002,R04,SR022,C039,113,56.82,6420.66
TXN04357,2024-11-05,P007,R03,SR009,C025,23,42.51,977.73
TXN04358,2025-06-09,P004,R04,SR010,C040,70,49.06,3434.2
TXN04359,2025-10-17,P002,R01,SR007,C031,81,53.75,4353.75
TXN04360,2024-06-09,P007,R02,SR008,C105,40,41.36,1654.4
TXN04361,2025-04-17,P001,R01,SR019,C111,216,38.76,8372.16
TXN04362,2025-01-02,P006,R01,SR025,C057,64,29.98,1918.72
TXN04363,2024-05-14,P008,R01,SR007,C094,44,32.53,1431.32
TXN04364,2025-01-04,P005,R03,SR021,C025,31,69.79,2163.49
TXN04365,2024-04-22,P007,R02,SR014,C105,37,45.56,1685.72
TXN04366,2025-02-12,P002,R01,SR001,C055,61,54.11,3300.71
TXN04367,2025-01-13,P003,R03,SR021,C072,55,34.34,1888.7
TXN04368,2024-12-28,P002,R05,SR017,C028,98,54.54,5344.92
TXN04369,2025-02-27,P005,R01,SR007,C094,47,62.56,2940.32
TXN04370,2024-11-30,P004,R06,SR030,C035,83,48.99,4066.17
TXN04371,2024-08-16,P001,R02,SR026,C101,132,41.11,5426.52
TXN04372,2024-09-10,P008,R01,SR001,C064,51,31.12,1587.12
TXN04373,2025-06-14,P004,R06,SR006,C087,87,49.27,4286.49
TXN04374,2025-03-29,P008,R02,SR014,C092,33,32.12,1059.96
TXN04375,2024-11-21,P001,R01,SR025,C027,55,40.21,2211.55
TXN04376,2025-10-27,P005,R03,SR027,C009,38,69.02,2622.76
TXN04377,2025-04-25,P003,R03,SR027,C003,98,34.17,3348.66
TXN04378,2024-09-25,P008,R01,SR013,C119,27,31.79,858.33
TXN04379,2025-02-26,P002,R04,SR028,C010,155,56.91,8821.05
TXN04380,2025-07-30,P007,R02,SR026,C078,164,45.23,7417.72
TXN04381,2025-11-14,P008,R04,SR004,C005,47,33.85,1590.95
TXN04382,2024-06-26,P001,R01,SR025,C013,182,38.96,7090.72
TXN04383,2024-06-11,P005,R01,SR019,C088,63,66.3,4176.9
TXN04384,2024-09-15,P004,R01,SR013,C111,119,46.11,5487.09
TXN04385,2024-06-11,P003,R02,SR020,C049,114,34.28,3907.92
TXN04386,2025-11-15,P008,R02,SR002,C034,74,32.25,2386.5
TXN04387,2024-05-06,P002,R04,SR016,C029,39,53.23,2075.97
TXN04388,2024-03-16,P002,R02,SR008,C026,71,53.01,3763.71
TXN04389,2024-05-03,P001,R04,SR004,C010,190,41.06,7801.4
TXN04390,2025-06-22,P005,R02,SR026,C092,49,70.26,3442.74
TXN04391,2025-04-20,P003,R02,SR008,C026,56,34.03,1905.68
TXN04392,2024-12-23,P005,R04,SR022,C046,19,70.04,1330.76
TXN04393,2024-05-23,P001,R05,SR005,C073,87,40.84,3553.08
TXN04394,2024-04-05,P002,R06,SR012,C062,61,57.44,3503.84
TXN04395,2025-09-12,P003,R01,SR001,C012,58,36.06,2091.48
TXN04396,2024-04-13,P001,R05,SR005,C038,70,39.18,2742.6
TXN04397,2025-06-09,P002,R01,SR025,C012,87,54.99,4784.13
TXN04398,2024-05-22,P001,R02,SR008,C075,172,40.41,6950.52
TXN04399,2024-10-20,P007,R03,SR009,C052,30,41.3,1239.0
TXN04400,2025-01-23,P005,R05,SR011,C115,142,67.81,9629.02
TXN04401,2025-04-20,P005,R05,SR017,C020,98,69.12,6773.76
TXN04402,2025-11-27,P004,R01,SR013,C055,63,46.94,2957.22
TXN04403,2025-06-03,P004,R03,SR027,C003,99,46.04,4557.96
TXN04404,2025-08-01,P002,R05,SR011,C107,129,52.23,6737.67
TXN04405,2024-01-21,P001,R05,SR029,C020,117,38.31,4482.27
TXN04406,2025-06-18,P004,R01,SR025,C111,114,50.71,5780.94
TXN04407,2025-10-12,P001,R04,SR022,C095,87,39.87,3468.69
TXN04408,2025-02-08,P001,R01,SR007,C119,27,39.95,1078.65
TXN04409,2024-04-09,P007,R04,SR022,C010,136,42.52,5782.72
TXN04410,2024-09-15,P003,R03,SR003,C037,115,32.75,3766.25
TXN04411,2024-07-28,P002,R05,SR017,C107,102,53.74,5481.48
TXN04412,2024-07-13,P003,R04,SR004,C039,94,36.13,3396.22
TXN04413,2025-05-30,P003,R05,SR023,C038,50,31.63,1581.5
TXN04414,2025-01-17,P005,R01,SR019,C022,92,67.57,6216.44
TXN04415,2024-02-28,P003,R04,SR028,C091,91,33.75,3071.25
TXN04416,2025-07-20,P002,R01,SR001,C022,122,56.56,6900.32
TXN04417,2024-06-05,P004,R06,SR024,C113,53,52.35,2774.55
TXN04418,2025-08-01,P006,R03,SR009,C024,39,28.71,1119.69
TXN04419,2025-03-21,P001,R06,SR030,C086,141,41.26,5817.66
TXN04420,2024-10-14,P006,R03,SR027,C025,28,28.53,798.84
TXN04421,2024-10-29,P002,R06,SR024,C106,40,53.45,2138.0
TXN04422,2025-02-15,P003,R03,SR021,C024,44,33.32,1466.08
TXN04423,2024-05-13,P004,R02,SR020,C105,54,49.16,2654.64
TXN04424,2025-10-23,P002,R05,SR005,C038,54,54.37,2935.98
TXN04425,2024-10-31,P005,R01,SR019,C027,41,67.15,2753.15
TXN04426,2024-05-03,P003,R01,SR019,C013,148,33.56,4966.88
TXN04427,2024-01-23,P004,R03,SR027,C053,68,51.14,3477.52
TXN04428,2024-07-30,P005,R01,SR025,C067,93,65.76,6115.68
TXN04429,2025-01-06,P006,R04,SR016,C048,62,28.33,1756.46
TXN04430,2024-12-30,P003,R02,SR026,C033,119,31.95,3802.05
TXN04431,2024-10-02,P007,R05,SR023,C117,66,43.31,2858.46
TXN04432,2025-05-03,P007,R05,SR029,C107,82,43.25,3546.5
TXN04433,2025-03-19,P001,R01,SR001,C027,53,38.19,2024.07
TXN04434,2025-02-12,P005,R01,SR025,C060,92,68.0,6256.0
TXN04435,2025-07-31,P001,R05,SR029,C008,51,40.76,2078.76
TXN04436,2024-09-30,P006,R06,SR006,C120,59,28.56,1685.04
TXN04437,2025-12-08,P006,R01,SR007,C064,85,28.73,2442.05
TXN04438,2024-11-27,P006,R03,SR003,C072,53,28.41,1505.73
TXN04439,2024-07-01,P002,R01,SR013,C031,114,56.77,6471.78
TXN04440,2025-10-21,P002,R04,SR028,C004,42,53.85,2261.7
TXN04441,2024-01-16,P005,R03,SR009,C025,14,67.16,940.24
TXN04442,2025-12-18,P006,R02,SR008,C071,58,30.52,1770.16
TXN04443,2025-01-19,P003,R05,SR017,C096,57,33.24,1894.68
TXN04444,2024-03-24,P004,R03,SR021,C019,86,49.23,4233.78
TXN04445,2024-12-07,P007,R05,SR029,C032,70,39.72,2780.4
TXN04446,2024-05-11,P001,R02,SR002,C036,84,40.81,3428.04
TXN04447,2024-12-30,P008,R05,SR005,C032,66,31.67,2090.22
TXN04448,2024-03-18,P001,R03,SR027,C037,206,40.33,8307.98
TXN04449,2025-03-20,P008,R03,SR021,C052,32,33.84,1082.88
TXN04450,2024-06-23,P006,R01,SR013,C055,61,28.73,1752.53
TXN04451,2025-11-17,P001,R01,SR025,C088,60,36.53,2191.8
TXN04452,2025-02-24,P006,R03,SR003,C024,41,29.65,1215.65
TXN04453,2024-11-07,P001,R01,SR007,C094,63,40.22,2533.86
TXN04454,2024-01-08,P002,R02,SR014,C069,44,53.38,2348.72
TXN04455,2025-04-17,P002,R01,SR001,C111,146,53.93,7873.78
TXN04456,2025-08-25,P002,R03,SR021,C003,96,54.94,5274.24
TXN04457,2025-02-15,P001,R06,SR018,C110,75,39.27,2945.25
TXN04458,2025-12-20,P005,R06,SR012,C089,30,71.37,2141.1
TXN04459,2025-06-23,P002,R02,SR014,C105,61,57.99,3537.39
TXN04460,2025-12-08,P006,R02,SR020,C071,71,29.1,2066.1
TXN04461,2025-10-14,P001,R01,SR001,C043,61,38.3,2336.3
TXN04462,2024-03-16,P006,R06,SR030,C047,42,29.04,1219.68
TXN04463,2024-04-28,P002,R01,SR007,C057,48,52.19,2505.12
TXN04464,2024-11-26,P004,R06,SR012,C113,76,50.96,3872.96
TXN04465,2025-10-02,P003,R01,SR013,C060,74,34.81,2575.94
TXN04466,2025-03-24,P003,R06,SR018,C077,80,36.92,2953.6
TXN04467,2024-12-10,P007,R02,SR008,C105,31,41.42,1284.02
TXN04468,2025-04-11,P003,R02,SR008,C069,46,32.76,1506.96
TXN04469,2025-04-08,P008,R05,SR017,C114,28,30.51,854.28
TXN04470,2024-10-15,P002,R03,SR003,C109,55,56.78,3122.9
TXN04471,2024-09-01,P006,R05,SR023,C117,68,28.61,1945.48
TXN04472,2024-01-08,P002,R06,SR012,C089,37,56.01,2072.37
TXN04473,2024-10-08,P003,R05,SR017,C107,90,34.11,3069.9
TXN04474,2024-10-06,P001,R04,SR004,C029,28,40.0,1120.0
TXN04475,2024-05-16,P006,R06,SR012,C099,38,29.16,1108.08
TXN04476,2025-04-16,P003,R04,SR004,C100,66,34.76,2294.16
TXN04477,2025-05-19,P001,R02,SR026,C069,82,40.35,3308.7
TXN04478,2024-12-07,P007,R06,SR006,C045,110,43.76,4813.6
TXN04479,2025-12-03,P006,R05,SR029,C068,33,29.97,989.01
TXN04480,2025-03-06,P005,R04,SR010,C091,83,69.81,5794.23
TXN04481,2024-05-26,P006,R01,SR001,C088,70,29.5,2065.0
TXN04482,2025-04-04,P006,R03,SR003,C018,75,28.09,2106.75
TXN04483,2024-04-14,P001,R01,SR001,C012,93,37.86,3520.98
TXN04484,2025-06-13,P003,R02,SR014,C033,122,34.3,4184.6
TXN04485,2025-02-04,P007,R01,SR019,C119,46,42.2,1941.2
TXN04486,2024-06-15,P007,R04,SR010,C010,107,41.43,4433.01
TXN04487,2024-11-25,P003,R05,SR023,C107,110,33.74,3711.4
TXN04488,2025-06-25,P002,R03,SR021,C052,64,52.43,3355.52
TXN04489,2024-02-15,P003,R05,SR011,C107,108,34.0,3672.0
TXN04490,2024-03-05,P006,R03,SR009,C006,45,29.53,1328.85
TXN04491,2024-12-10,P001,R01,SR007,C012,71,40.03,2842.13
TXN04492,2025-02-06,P005,R05,SR017,C107,90,65.63,5906.7
TXN04493,2024-03-18,P002,R05,SR017,C112,77,53.23,4098.71
TXN04494,2025-06-22,P004,R05,SR011,C115,186,50.24,9344.64
TXN04495,2025-05-26,P002,R02,SR002,C049,168,55.27,9285.36
TXN04496,2025-04-03,P008,R04,SR028,C070,104,32.78,3409.12
TXN04497,2024-10-10,P003,R01,SR025,C111,102,35.48,3618.96
TXN04498,2025-01-21,P003,R03,SR027,C054,75,33.09,2481.75
TXN04499,2025-07-15,P002,R05,SR005,C083,49,54.79,2684.71
TXN04500,2024-01-22,P002,R04,SR022,C095,90,57.77,5199.3
TXN04501,2024-09-02,P005,R04,SR010,C048,48,71.3,3422.4
TXN04502,2025-11-18,P002,R01,SR025,C088,69,56.83,3921.27
TXN04503,2025-04-06,P006,R03,SR015,C024,31,29.64,918.84
TXN04504,2024-05-12,P002,R03,SR003,C014,148,57.65,8532.2
TXN04505,2025-08-12,P004,R02,SR008,C036,44,47.15,2074.6
TXN04506,2024-12-06,P007,R06,SR030,C074,41,41.66,1708.06
TXN04507,2025-10-19,P001,R06,SR006,C001,62,41.06,2545.72
TXN04508,2025-02-22,P003,R01,SR007,C111,101,32.66,3298.66
TXN04509,2025-01-06,P001,R04,SR016,C065,53,40.58,2150.74
TXN04510,2025-12-01,P007,R01,SR025,C043,50,44.53,2226.5
TXN04511,2024-01-24,P001,R02,SR020,C026,85,37.2,3162.0
TXN04512,2025-02-14,P008,R02,SR020,C078,98,32.3,3165.4
TXN04513,2025-01-25,P005,R03,SR027,C011,60,64.35,3861.0
TXN04514,2024-04-04,P008,R04,SR022,C004,29,32.45,941.05
TXN04515,2025-05-24,P002,R03,SR003,C014,142,59.62,8466.04
TXN04516,2024-08-15,P007,R01,SR019,C017,38,44.32,1684.16
TXN04517,2024-03-31,P002,R01,SR025,C013,135,55.9,7546.5
TXN04518,2025-12-05,P001,R02,SR020,C075,189,40.6,7673.4
TXN04519,2024-08-28,P003,R04,SR016,C004,39,34.86,1359.54
TXN04520,2024-09-15,P006,R03,SR003,C011,44,28.49,1253.56
TXN04521,2024-03-26,P008,R04,SR016,C104,51,30.81,1571.31
TXN04522,2025-05-20,P001,R04,SR016,C005,100,37.72,3772.0
TXN04523,2024-02-10,P006,R06,SR012,C116,37,27.55,1019.35
TXN04524,2025-01-09,P002,R01,SR007,C057,67,52.64,3526.88
TXN04525,2024-09-13,P005,R01,SR019,C013,93,66.34,6169.62
TXN04526,2025-08-31,P001,R01,SR025,C013,179,41.4,7410.6
TXN04527,2024-09-20,P007,R02,SR008,C075,105,42.27,4438.35
TXN04528,2024-07-31,P005,R03,SR021,C019,61,60.28,3677.08
TXN04529,2024-11-05,P003,R01,SR007,C057,65,35.61,2314.65
TXN04530,2024-06-02,P004,R02,SR014,C105,38,51.42,1953.96
TXN04531,2025-03-04,P005,R01,SR007,C057,49,67.77,3320.73
TXN04532,2024-07-14,P003,R01,SR007,C057,46,34.47,1585.62
TXN04533,2024-11-02,P001,R05,SR017,C056,49,42.01,2058.49
TXN04534,2024-06-08,P008,R01,SR013,C043,31,31.49,976.19
TXN04535,2024-11-02,P002,R05,SR011,C020,128,55.41,7092.48
TXN04536,2024-01-03,P005,R04,SR010,C004,34,69.06,2348.04
TXN04537,2025-08-16,P002,R01,SR019,C088,78,57.32,4470.96
TXN04538,2025-12-30,P005,R02,SR002,C090,51,67.87,3461.37
TXN04539,2025-05-31,P007,R04,SR010,C103,73,41.98,3064.54
TXN04540,2024-05-19,P001,R06,SR018,C087,80,38.95,3116.0
TXN04541,2024-06-27,P003,R03,SR021,C054,68,33.62,2286.16
TXN04542,2024-10-04,P002,R04,SR016,C065,59,55.78,3291.02
TXN04543,2024-02-15,P006,R05,SR023,C008,50,27.49,1374.5
TXN04544,2025-09-05,P002,R02,SR008,C090,51,53.72,2739.72
TXN04545,2024-07-26,P006,R01,SR007,C031,78,28.42,2216.76
TXN04546,2024-09-20,P002,R04,SR010,C070,135,54.92,7414.2
TXN04547,2024-03-23,P006,R01,SR013,C027,40,29.15,1166.0
TXN04548,2025-11-22,P002,R05,SR017,C096,52,58.67,3050.84
TXN04549,2025-06-16,P004,R03,SR015,C003,60,48.99,2939.4
TXN04550,2024-01-19,P008,R01,SR007,C012,40,32.36,1294.4
TXN04551,2025-08-04,P002,R03,SR015,C109,33,56.87,1876.71
TXN04552,2025-01-17,P001,R01,SR013,C094,89,39.28,3495.92
TXN04553,2024-12-09,P007,R02,SR002,C049,115,41.74,4800.1
TXN04554,2025-07-05,P001,R03,SR015,C052,35,41.38,1448.3
TXN04555,2025-09-05,P004,R06,SR024,C074,35,51.44,1800.4
TXN04556,2024-03-06,P006,R02,SR020,C036,48,29.24,1403.52
TXN04557,2025-07-14,P001,R01,SR007,C094,72,38.12,2744.64
TXN04558,2024-01-09,P008,R04,SR010,C023,93,31.81,2958.33
TXN04559,2024-06-21,P004,R06,SR024,C066,85,48.38,4112.3
TXN04560,2024-10-07,P003,R01,SR013,C043,49,33.5,1641.5
TXN04561,2025-04-30,P004,R05,SR017,C115,119,47.06,5600.14
TXN04562,2024-12-17,P001,R01,SR025,C031,107,42.01,4495.07
TXN04563,2024-11-07,P008,R02,SR026,C101,66,34.51,2277.66
TXN04564,2024-08-18,P002,R01,SR001,C119,38,53.39,2028.82
TXN04565,2024-07-19,P001,R01,SR013,C060,133,41.08,5463.64
TXN04566,2025-12-23,P006,R02,SR014,C075,126,30.48,3840.48
TXN04567,2024-03-29,P003,R01,SR001,C055,64,34.24,2191.36
TXN04568,2024-12-01,P003,R06,SR030,C035,74,31.18,2307.32
TXN04569,2024-10-18,P002,R01,SR001,C057,79,54.31,4290.49
TXN04570,2024-11-07,P006,R05,SR023,C038,48,29.54,1417.92
TXN04571,2025-01-28,P002,R05,SR023,C038,53,54.36,2881.08
TXN04572,2025-05-17,P002,R06,SR012,C066,139,55.88,7767.32
TXN04573,2024-03-07,P001,R02,SR020,C097,43,39.84,1713.12
TXN04574,2024-06-06,P005,R06,SR012,C045,94,66.1,6213.4
TXN04575,2024-04-02,P004,R06,SR030,C087,62,46.55,2886.1
TXN04576,2024-08-01,P001,R06,SR018,C085,92,41.42,3810.64
TXN04577,2024-09-08,P001,R01,SR013,C013,182,38.44,6996.08
TXN04578,2024-07-22,P006,R06,SR030,C120,69,29.88,2061.72
TXN04579,2025-12-03,P002,R02,SR008,C090,36,56.27,2025.72
TXN04580,2024-07-13,P002,R01,SR025,C060,111,53.77,5968.47
TXN04581,2025-11-15,P007,R01,SR025,C119,28,41.95,1174.6
TXN04582,2025-08-22,P008,R01,SR025,C055,34,33.37,1134.58
TXN04583,2025-09-06,P002,R01,SR001,C027,47,56.96,2677.12
TXN04584,2024-07-16,P002,R01,SR019,C064,122,55.56,6778.32
TXN04585,2025-11-24,P003,R01,SR019,C094,52,33.94,1764.88
TXN04586,2025-03-15,P004,R05,SR011,C008,65,46.56,3026.4
TXN04587,2025-08-20,P003,R06,SR006,C106,41,33.73,1382.93
TXN04588,2025-08-01,P006,R01,SR007,C111,117,29.24,3421.08
TXN04589,2024-12-15,P001,R01,SR007,C111,148,39.85,5897.8
TXN04590,2024-04-16,P006,R03,SR009,C052,37,29.5,1091.5
TXN04591,2024-11-23,P008,R01,SR019,C119,16,32.56,520.96
TXN04592,2024-04-15,P008,R06,SR030,C074,28,32.72,916.16
TXN04593,2025-03-03,P005,R05,SR029,C114,35,69.69,2439.15
TXN04594,2025-11-24,P001,R01,SR019,C027,47,39.63,1862.61
TXN04595,2024-02-19,P003,R03,SR021,C014,109,32.73,3567.57
TXN04596,2025-07-01,P002,R03,SR009,C053,76,54.61,4150.36
TXN04597,2024-05-28,P005,R05,SR029,C115,88,72.2,6353.6
TXN04598,2025-02-25,P008,R01,SR001,C013,88,30.86,2715.68
TXN04599,2025-01-24,P004,R03,SR021,C054,70,50.44,3530.8
TXN04600,2024-09-11,P002,R02,SR020,C042,99,56.9,5633.1
TXN04601,2025-12-22,P002,R01,SR001,C119,33,53.41,1762.53
TXN04602,2025-12-05,P004,R03,SR015,C082,46,48.65,2237.9
TXN04603,2025-12-20,P001,R06,SR030,C089,47,43.17,2028.99
TXN04604,2025-08-12,P004,R04,SR022,C046,26,48.93,1272.18
TXN04605,2024-12-18,P002,R01,SR007,C094,59,53.36,3148.24
TXN04606,2024-05-28,P005,R03,SR003,C006,68,70.08,4765.44
TXN04607,2025-11-20,P006,R01,SR019,C012,54,28.43,1535.22
TXN04608,2025-09-01,P005,R01,SR001,C088,37,67.8,2508.6
TXN04609,2025-03-07,P004,R02,SR002,C007,196,50.4,9878.4
TXN04610,2024-02-07,P001,R01,SR001,C012,81,40.12,3249.72
TXN04611,2025-12-02,P001,R06,SR024,C113,81,41.2,3337.2
TXN04612,2024-07-01,P005,R04,SR004,C029,30,68.1,2043.0
TXN04613,2025-10-13,P004,R03,SR021,C018,68,50.11,3407.48
TXN04614,2025-10-09,P004,R01,SR001,C027,27,50.37,1359.99
TXN04615,2025-03-19,P008,R04,SR028,C010,103,30.69,3161.07
TXN04616,2025-09-03,P007,R05,SR023,C114,47,43.97,2066.59
TXN04617,2024-03-14,P002,R02,SR008,C049,111,55.75,6188.25
TXN04618,2024-02-09,P004,R01,SR019,C012,62,49.94,3096.28
TXN04619,2024-08-09,P001,R01,SR013,C027,33,38.69,1276.77
TXN04620,2025-02-10,P005,R05,SR017,C073,63,64.95,4091.85
TXN04621,2025-10-17,P001,R04,SR022,C010,168,40.57,6815.76
TXN04622,2025-09-28,P008,R01,SR013,C017,30,32.05,961.5
TXN04623,2025-06-18,P008,R01,SR013,C057,1183,32.64,1860.48
TXN04624,2024-05-13,P003,R03,SR003,C052,61,32.52,1983.72
TXN04625,2025-02-11,P002,R03,SR003,C009,84,53.4,4485.6
TXN04626,2024-04-04,P007,R01,SR007,C060,81,41.66,3374.46
TXN04627,2025-04-03,P007,R05,SR029,C112,47,43.92,2064.24
TXN04628,2024-05-10,P006,R02,SR008,C108,53,31.04,1645.12
TXN04629,2024-01-21,P006,R05,SR005,C008,39,32.03,1249.17
TXN04630,2024-01-09,P006,R01,SR013,C012,58,29.57,1715.06
TXN04631,2025-02-15,P001,R02,SR008,C042,134,39.03,5230.02
TXN04632,2024-12-03,P004,R01,SR007,C043,43,48.49,2085.07
TXN04633,2025-02-11,P007,R04,SR016,C070,120,42.5,5100.0
TXN04634,2024-01-23,P002,R06,SR012,C051,60,53.75,3225.0
TXN04635,2024-10-13,P005,R01,SR025,C055,43,71.22,3062.46
TXN04636,2025-07-07,P003,R06,SR006,C050,43,33.93,1458.99
TXN04637,2024-10-15,P002,R01,SR001,C027,33,52.99,1748.67
TXN04638,2024-05-10,P001,R05,SR005,C114,72,41.71,3003.12
TXN04639,2024-04-22,P001,R01,SR001,C111,188,39.67,7457.96
TXN04640,2024-02-14,P005,R04,SR028,C004,44,71.93,3164.92
TXN04641,2024-03-01,P006,R03,SR021,C054,74,29.23,2163.02
TXN04642,2025-01-07,P005,R05,SR005,C083,28,66.61,1865.08
TXN04643,2024-11-12,P006,R02,SR026,C097,24,30.7,736.8
TXN04644,2025-12-03,P006,R02,SR002,C007,173,30.1,5207.3
TXN04645,2024-10-15,P002,R05,SR023,C084,157,56.51,8872.07
TXN04646,2025-12-09,P003,R05,SR005,C028,98,32.28,3163.44
TXN04647,2024-11-26,P008,R05,SR029,C068,32,30.4,972.8
TXN04648,2025-08-03,P005,R05,SR017,C117,44,66.84,2940.96
TXN04649,2024-11-25,P002,R01,SR025,C027,46,53.55,2463.3
TXN04650,2025-12-10,P007,R03,SR015,C109,28,43.95,1230.6
TXN04651,2025-01-25,P002,R01,SR001,C022,112,56.78,6359.36
TXN04652,2024-02-10,P005,R01,SR025,C013,132,66.09,8723.88
TXN04653,2025-02-08,P002,R04,SR028,C010,157,55.89,8774.73
TXN04654,2024-02-04,P004,R01,SR007,C119,37,47.79,1768.23
TXN04655,2024-04-25,P007,R01,SR007,C064,80,41.02,3281.6
TXN04656,2024-07-12,P001,R04,SR004,C023,183,40.78,7462.74
TXN04657,2024-08-08,P001,R04,SR004,C104,90,39.95,3595.5
TXN04658,2025-05-01,P002,R05,SR029,C117,70,55.94,3915.8
TXN04659,2025-03-13,P004,R04,SR004,C023,156,47.85,7464.6
TXN04660,2025-06-15,P002,R01,SR013,C060,117,54.25,6347.25
TXN04661,2024-02-28,P003,R06,SR024,C044,68,34.52,2347.36
TXN04662,2025-09-05,P006,R03,SR009,C014,52,28.11,1461.72
TXN04663,2024-11-04,P005,R02,SR014,C036,22,70.51,1551.22
TXN04664,2025-03-18,P002,R01,SR013,C043,63,53.86,3393.18
TXN04665,2025-08-14,P008,R02,SR008,C033,81,34.07,2759.67
TXN04666,2024-05-11,P006,R05,SR017,C114,43,28.46,1223.78
TXN04667,2025-06-26,P005,R02,SR002,C097,36,67.56,2432.16
TXN04668,2025-09-19,P001,R05,SR023,C107,140,39.78,5569.2
TXN04669,2025-10-07,P003,R02,SR014,C097,30,35.51,1065.3
TXN04670,2025-04-12,P008,R03,SR027,C011,53,30.95,1640.35
TXN04671,2025-03-07,P002,R02,SR020,C090,72,50.74,3653.28
TXN04672,2024-01-17,P002,R03,SR021,C009,58,56.56,3280.48
TXN04673,2025-04-10,P002,R03,SR009,C109,51,55.25,2817.75
TXN04674,2025-11-13,P006,R01,SR025,C094,55,27.65,1520.75
TXN04675,2025-05-14,P005,R03,SR003,C054,76,67.83,5155.08
TXN04676,2025-07-21,P004,R02,SR014,C049,96,47.41,4551.36
TXN04677,2025-03-19,P008,R01,SR019,C057,51,33.05,1685.55
TXN04678,2024-10-15,P006,R01,SR019,C055,55,28.93,1591.15
TXN04679,2025-01-08,P002,R06,SR018,C086,101,54.97,5551.97
TXN04680,2024-08-01,P002,R02,SR008,C036,41,59.34,2432.94
TXN04681,2024-01-25,P003,R03,SR015,C082,48,36.76,1764.48
TXN04682,2024-01-24,P001,R06,SR018,C110,84,38.47,3231.48
TXN04683,2024-03-08,P004,R02,SR020,C090,56,48.61,2722.16
TXN04684,2024-11-15,P003,R05,SR023,C073,62,36.76,2279.12
TXN04685,2024-07-23,P002,R04,SR016,C095,71,58.69,4166.99
TXN04686,2025-09-21,P002,R02,SR014,C092,42,55.14,2315.88
TXN04687,2025-08-02,P006,R02,SR020,C069,54,28.97,1564.38
TXN04688,2025-03-06,P001,R06,SR006,C085,163,38.41,6260.83
TXN04689,2025-05-24,P001,R05,SR017,C056,58,39.97,2318.26
TXN04690,2025-10-02,P006,R05,SR005,C083,39,30.05,1171.95
TXN04691,2024-11-02,P002,R04,SR010,C103,99,56.81,5624.19
TXN04692,2024-11-20,P003,R05,SR017,C038,34,33.39,1135.26
TXN04693,2024-05-20,P002,R02,SR014,C105,41,55.72,2284.52
TXN04694,2024-02-24,P002,R03,SR021,C025,48,52.17,2504.16
TXN04695,2024-07-07,P008,R02,SR014,C069,26,30.9,803.4
TXN04696,2025-03-07,P003,R06,SR030,C047,47,36.36,1708.92
TXN04697,2024-08-04,P001,R05,SR023,C117,108,42.04,4540.32
TXN04698,2024-12-09,P003,R01,SR013,C055,64,32.65,2089.6
TXN04699,2024-07-19,P007,R06,SR012,C089,40,42.68,1707.2
TXN04700,2025-07-14,P006,R02,SR026,C078,144,29.3,4219.2
TXN04701,2024-03-30,P008,R04,SR022,C095,40,32.13,1285.2
TXN04702,2024-12-21,P006,R05,SR023,C107,114,28.07,3199.98
TXN04703,2025-03-24,P001,R02,SR020,C092,75,39.33,2949.75
TXN04704,2025-01-17,P008,R06,SR030,C002,60,34.31,2058.6
TXN04705,2025-03-02,P002,R05,SR011,C083,71,55.62,3949.02
TXN04706,2024-04-17,P002,R01,SR019,C057,99,53.06,5252.94
TXN04707,2025-05-30,P008,R03,SR015,C024,30,33.2,996.0
TXN04708,2025-09-03,P005,R01,SR013,C088,51,69.67,3553.17
TXN04709,2024-01-08,P002,R06,SR024,C050,29,53.23,1543.67
TXN04710,2025-05-26,P002,R04,SR022,C102,144,57.25,8244.0
TXN04711,2024-09-05,P006,R03,SR003,C011,57,30.3,1727.1
TXN04712,2025-04-13,P006,R01,SR001,C119,25,29.15,728.75
TXN04713,2024-08-22,P005,R05,SR029,C112,40,71.49,2859.6
TXN04714,2024-03-29,P003,R01,SR025,C013,153,35.31,5402.43
TXN04715,2025-04-15,P006,R04,SR016,C046,39,28.67,1118.13
TXN04716,2024-04-23,P003,R03,SR015,C011,55,34.0,1870.0
TXN04717,2024-09-28,P003,R01,SR001,C022,97,34.47,3343.59
TXN04718,2024-07-09,P007,R06,SR024,C077,73,42.55,3106.15
TXN04719,2024-03-07,P004,R05,SR023,C008,55,45.73,2515.15
TXN04720,2024-12-07,P002,R06,SR030,C002,98,58.3,5713.4
TXN04721,2024-08-01,P002,R05,SR005,C112,72,55.66,4007.52
TXN04722,2024-04-08,P001,R02,SR002,C058,151,36.99,5585.49
TXN04723,2024-11-14,P005,R01,SR013,C055,59,67.13,3960.67
TXN04724,2024-10-15,P008,R05,SR011,C115,78,32.31,2520.18
TXN04725,2024-09-11,P007,R01,SR025,C027,34,42.81,1455.54
TXN04726,2025-03-19,P001,R02,SR014,C075,196,38.93,7630.28
TXN04727,2025-08-13,P005,R05,SR005,C028,73,69.88,5101.24
TXN04728,2024-09-16,P001,R01,SR019,C067,204,39.98,8155.92
TXN04729,2025-11-09,P002,R01,SR025,C012,67,53.32,3572.44
TXN04730,2025-09-01,P006,R04,SR028,C010,95,28.55,2712.25
TXN04731,2024-06-18,P006,R06,SR024,C016,85,29.25,2486.25
TXN04732,2025-12-10,P003,R01,SR013,C094,56,31.36,1756.16
TXN04733,2024-06-06,P006,R06,SR030,C066,103,28.61,2946.83
TXN04734,2025-03-21,P006,R02,SR026,C090,39,28.32,1104.48
TXN04735,2024-10-11,P006,R02,SR002,C078,131,30.72,4024.32
TXN04736,2024-04-28,P003,R05,SR005,C093,59,32.43,1913.37
TXN04737,2024-02-02,P002,R01,SR019,C022,128,55.1,7052.8
TXN04738,2025-06-08,P008,R02,SR014,C069,30,32.23,966.9
TXN04739,2025-05-24,P007,R05,SR011,C083,58,42.58,2469.64
TXN04740,2024-06-02,P003,R03,SR003,C030,80,34.01,2720.8
TXN04741,2024-01-13,P002,R03,SR027,C041,67,55.57,3723.19
TXN04742,2024-10-31,P006,R05,SR023,C038,33,30.5,1006.5
TXN04743,2025-01-22,P004,R01,SR013,C088,59,47.64,2810.76
TXN04744,2024-03-22,P002,R02,SR014,C034,74,56.06,4148.44
TXN04745,2024-08-20,P007,R01,SR025,C111,111,44.36,4923.96
TXN04746,2024-06-16,P002,R03,SR009,C003,69,53.92,3720.48
TXN04747,2025-11-01,P001,R02,SR020,C101,173,40.07,6932.11
TXN04748,2024-02-18,P002,R03,SR015,C011,58,54.45,3158.1
TXN04749,2024-04-03,P003,R01,SR013,C043,48,32.68,1568.64
TXN04750,2024-12-11,P001,R01,SR013,C031,89,40.69,3621.41
TXN04751,2024-01-01,P002,R03,SR015,C030,55,56.61,3113.55
TXN04752,2025-05-27,P001,R06,SR018,C118,62,42.63,2643.06
TXN04753,2024-09-15,P001,R05,SR029,C063,67,41.56,2784.52
TXN04754,2025-07-20,P002,R03,SR015,C109,43,53.29,2291.47
TXN04755,2024-03-13,P004,R03,SR015,C072,45,51.17,2302.65
TXN04756,2025-07-10,P001,R03,SR021,C024,61,41.02,2502.22
TXN04757,2024-10-15,P006,R03,SR009,C025,18,29.13,524.34
TXN04758,2025-09-13,P002,R03,SR015,C006,57,51.98,2962.86
TXN04759,2025-03-09,P004,R01,SR019,C027,55,48.11,2646.05
TXN04760,2024-01-06,P001,R05,SR011,C081,200,40.01,8002.0
TXN04761,2025-10-07,P006,R02,SR026,C033,137,29.88,4093.56
TXN04762,2024-05-28,P002,R04,SR028,C048,89,54.29,4831.81
TXN04763,2024-10-07,P008,R04,SR010,C065,21,34.44,723.24
TXN04764,2024-06-12,P001,R02,SR026,C075,201,40.77,8194.77
TXN04765,2024-11-09,P007,R01,SR025,C088,53,44.36,2351.08
TXN04766,2025-12-16,P004,R01,SR025,C055,52,49.03,2549.56
TXN04767,2025-08-01,P004,R05,SR029,C063,59,48.56,2865.04
TXN04768,2025-09-04,P008,R05,SR029,C038,34,30.5,1037.0
TXN04769,2024-12-31,P006,R01,SR025,C057,67,30.39,2036.13
TXN04770,2024-01-31,P001,R03,SR003,C025,45,41.45,1865.25
TXN04771,2024-10-08,P008,R04,SR022,C100,57,31.52,1796.64
TXN04772,2025-11-30,P001,R02,SR026,C069,46,40.23,1850.58
TXN04773,2024-11-15,P001,R06,SR018,C059,139,40.44,5621.16
TXN04774,2024-10-12,P006,R02,SR002,C042,96,29.27,2809.92
TXN04775,2024-12-28,P002,R01,SR007,C060,79,53.57,4232.03
TXN04776,2025-07-05,P005,R02,SR014,C108,67,66.33,4444.11
TXN04777,2025-05-07,P002,R02,SR014,C078,178,56.33,10026.74
TXN04778,2024-02-04,P005,R01,SR007,C013,92,68.12,6267.04
TXN04779,2024-03-23,P007,R06,SR024,C076,69,42.45,2929.05
TXN04780,2024-02-02,P008,R03,SR027,C018,51,33.47,1706.97
TXN04781,2024-01-05,P003,R03,SR009,C019,53,34.55,1831.15
TXN04782,2025-10-05,P006,R05,SR017,C032,80,30.11,2408.8
TXN04783,2024-03-24,P002,R04,SR010,C065,41,55.76,2286.16
TXN04784,2024-09-20,P005,R03,SR003,C109,47,67.25,3160.75
TXN04785,2024-11-20,P003,R04,SR016,C103,87,33.37,2903.19
TXN04786,2024-03-28,P004,R01,SR019,C017,61,47.71,2910.31
TXN04787,2024-06-13,P004,R01,SR007,C111,114,50.07,5707.98
TXN04788,2025-06-21,P003,R02,SR020,C075,169,34.65,5855.85
TXN04789,2024-04-28,P006,R01,SR007,C067,106,27.79,2945.74
TXN04790,2024-10-29,P002,R06,SR024,C044,60,56.81,3408.6
TXN04791,2024-05-16,P002,R01,SR019,C013,185,54.66,10112.1
TXN04792,2024-03-03,P006,R01,SR007,C067,107,27.67,2960.69
TXN04793,2024-05-15,P002,R04,SR016,C040,112,52.47,5876.64
TXN04794,2025-07-17,P002,R04,SR004,C095,65,56.65,3682.25
TXN04795,2024-08-03,P004,R04,SR016,C010,129,51.66,6664.14
TXN04796,2025-02-20,P001,R01,SR013,C088,81,38.34,3105.54
TXN04797,2025-10-15,P004,R05,SR029,C008,32,51.68,1653.76
TXN04798,2024-03-18,P001,R02,SR014,C105,70,39.71,2779.7
TXN04799,2025-10-14,P004,R03,SR021,C041,60,46.83,2809.8
TXN04800,2025-10-16,P006,R04,SR016,C070,95,29.0,2755.0
TXN04801,2025-08-27,P006,R04,SR028,C103,76,29.97,2277.72
TXN04802,2024-11-25,P006,R03,SR009,C072,25,28.46,711.5
TXN04803,2024-01-31,P007,R05,SR023,C056,52,40.63,2112.76
TXN04804,2025-05-27,P002,R01,SR013,C043,47,54.91,2580.77
TXN04805,2024-02-29,P002,R01,SR013,C111,184,56.82,10454.88
TXN04806,2024-10-12,P006,R03,SR009,C003,40,28.52,1140.8
TXN04807,2025-01-23,P005,R06,SR024,C062,35,70.26,2459.1
TXN04808,2024-05-29,P006,R03,SR009,C018,49,29.69,1454.81
TXN04809,2024-02-19,P002,R01,SR025,C088,77,54.5,4196.5
TXN04810,2025-06-24,P003,R01,SR013,C060,88,33.35,2934.8
TXN04811,2024-05-13,P005,R01,SR001,C043,50,66.64,3332.0
TXN04812,2024-10-03,P001,R06,SR006,C087,96,39.53,3794.88
TXN04813,2024-04-21,P001,R03,SR009,C030,72,38.57,2777.04
TXN04814,2025-08-06,P006,R03,SR015,C054,22,29.89,657.58
TXN04815,2025-08-08,P005,R01,SR001,C013,102,67.99,6934.98
TXN04816,2024-04-19,P001,R04,SR010,C023,179,38.85,6954.15
TXN04817,2025-09-04,P007,R04,SR022,C029,19,41.41,786.79
TXN04818,2025-03-08,P005,R01,SR019,C094,72,69.27,4987.44
TXN04819,2024-11-10,P006,R01,SR001,C017,42,28.29,1188.18
TXN04820,2025-05-18,P006,R02,SR002,C049,138,28.76,3968.88
TXN04821,2025-11-11,P005,R05,SR005,C073,50,68.98,3449.0
TXN04822,2024-06-29,P003,R01,SR013,C043,39,32.57,1270.23
TXN04823,2024-08-19,P005,R02,SR026,C071,49,70.3,3444.7
TXN04824,2024-05-13,P004,R06,SR018,C015,107,50.41,5393.87
TXN04825,2024-10-12,P006,R06,SR030,C085,75,29.24,2193.0
TXN04826,2024-05-05,P006,R04,SR010,C040,83,29.08,2413.64
TXN04827,2024-01-22,P003,R01,SR001,C057,65,31.05,2018.25
TXN04828,2025-11-28,P006,R03,SR015,C009,36,29.05,1045.8
TXN04829,2025-12-18,P007,R03,SR021,C025,25,41.39,1034.75
TXN04830,2024-06-30,P006,R04,SR016,C100,51,27.55,1405.05
TXN04831,2024-04-23,P008,R03,SR003,C030,60,33.85,2031.0
TXN04832,2025-12-22,P006,R04,SR016,C100,44,29.1,1280.4
TXN04833,2025-01-29,P005,R02,SR020,C034,79,66.45,5249.55
TXN04834,2024-11-10,P002,R06,SR006,C016,129,52.18,6731.22
TXN04835,2024-03-02,P002,R05,SR005,C093,80,53.33,4266.4
TXN04836,2024-12-23,P004,R01,SR013,C027,33,50.95,1681.35
TXN04837,2024-02-05,P008,R06,SR024,C113,44,32.48,1429.12
TXN04838,2024-01-09,P007,R03,SR021,C082,66,40.93,2701.38
TXN04839,2024-04-08,P001,R04,SR022,C102,177,42.05,7442.85
TXN04840,2025-04-20,P003,R01,SR019,C013,120,33.95,4074.0
TXN04841,2025-10-23,P001,R06,SR006,C061,123,39.78,4892.94
TXN04842,2025-01-30,P001,R02,SR026,C078,209,40.83,8533.47
TXN04843,2025-01-20,P002,R01,SR019,C027,50,52.66,2633.0
TXN04844,2024-09-15,P008,R02,SR002,C007,108,33.05,3569.4
TXN04845,2024-03-22,P001,R05,SR023,C056,77,41.56,3200.12
TXN04846,2024-09-23,P003,R02,SR020,C092,26,35.58,925.08
TXN04847,2024-06-27,P004,R04,SR016,C065,46,50.98,2345.08
TXN04848,2025-02-21,P001,R02,SR026,C078,229,39.25,8988.25
TXN04849,2024-05-02,P001,R01,SR025,C088,72,39.06,2812.32
TXN04850,2025-11-23,P004,R04,SR028,C039,87,48.61,4229.07
TXN04851,2025-10-22,P006,R05,SR023,C084,130,29.43,3825.9
TXN04852,2024-11-02,P007,R03,SR021,C006,63,43.24,2724.12
TXN04853,2025-08-08,P003,R02,SR002,C105,51,34.74,1771.74
TXN04854,2025-01-27,P004,R04,SR004,C004,30,50.28,1508.4
TXN04855,2025-11-29,P003,R06,SR018,C076,53,34.32,1818.96
TXN04856,2024-08-26,P001,R06,SR012,C087,87,39.07,3399.09
TXN04857,2024-08-25,P001,R06,SR018,C118,54,39.33,2123.82
TXN04858,2025-07-21,P001,R03,SR015,C030,55,41.82,2300.1
TXN04859,2024-09-21,P002,R05,SR017,C020,103,55.05,5670.15
TXN04860,2024-01-26,P006,R02,SR014,C026,58,27.48,1593.84
TXN04861,2024-05-15,P001,R05,SR023,C063,114,37.79,4308.06
TXN04862,2025-07-21,P006,R04,SR028,C039,77,29.42,2265.34
TXN04863,2025-10-01,P006,R02,SR014,C075,97,28.24,2739.28
TXN04864,2025-03-17,P001,R06,SR018,C113,77,42.74,3290.98
TXN04865,2024-01-13,P001,R02,SR020,C105,57,39.05,2225.85
TXN04866,2025-04-29,P004,R01,SR019,C043,41,48.02,1968.82
TXN04867,2024-03-19,P005,R05,SR011,C038,38,68.74,2612.12
TXN04868,2025-04-30,P003,R02,SR002,C105,64,34.17,2186.88
TXN04869,2025-05-23,P004,R02,SR002,C007,179,50.95,9120.05
TXN04870,2025-12-08,P005,R01,SR001,C111,105,71.88,7547.4
TXN04871,2025-09-13,P001,R03,SR003,C109,82,41.16,3375.12
TXN04872,2024-04-26,P006,R06,SR024,C015,116,28.54,3310.64
TXN04873,2025-12-08,P008,R06,SR006,C059,89,31.42,2796.38
TXN04874,2024-04-15,P005,R02,SR014,C075,113,68.3,7717.9
TXN04875,2024-11-02,P003,R04,SR010,C100,50,32.72,1636.0
TXN04876,2025-10-26,P007,R03,SR003,C006,55,43.69,2402.95
TXN04877,2025-01-03,P003,R05,SR011,C038,47,35.89,1686.83
TXN04878,2025-10-27,P004,R04,SR028,C046,17,48.07,817.19
TXN04879,2025-03-18,P001,R02,SR002,C108,145,36.24,5254.8
TXN04880,2024-06-14,P001,R05,SR005,C008,60,40.63,2437.8
TXN04881,2024-01-06,P007,R01,SR013,C022,87,42.72,3716.64
TXN04882,2025-04-11,P004,R01,SR001,C043,39,49.24,1920.36
TXN04883,2025-07-28,P004,R02,SR020,C108,71,48.93,3474.03
TXN04884,2025-06-20,P004,R04,SR022,C040,89,50.77,4518.53
TXN04885,2025-10-25,P002,R02,SR002,C092,59,59.46,3508.14
TXN04886,2024-03-01,P006,R05,SR023,C081,169,29.84,5042.96
TXN04887,2025-12-29,P002,R02,SR008,C049,127,54.93,6976.11
TXN04888,2025-12-04,P003,R03,SR009,C037,73,33.75,2463.75
TXN04889,2025-12-17,P007,R06,SR018,C110,43,41.48,1783.64
TXN04890,2024-09-16,P001,R03,SR003,C054,73,41.64,3039.72
TXN04891,2025-01-09,P008,R01,SR013,C094,46,34.3,1577.8
TXN04892,2025-11-07,P005,R06,SR006,C076,56,66.93,3748.08
TXN04893,2024-07-02,P003,R03,SR021,C037,119,32.47,3863.93
TXN04894,2025-08-18,P005,R01,SR001,C017,26,71.5,1859.0
TXN04895,2024-11-07,P003,R05,SR011,C114,47,34.13,1604.11
TXN04896,2024-04-23,P001,R02,SR014,C042,120,45.21,5425.2
TXN04897,2025-04-22,P008,R06,SR012,C098,79,31.37,2478.23
TXN04898,2024-06-07,P006,R06,SR012,C047,51,28.84,1470.84
TXN04899,2025-07-02,P003,R03,SR021,C014,114,33.86,3860.04
TXN04900,2024-06-08,P005,R01,SR007,C111,99,67.54,6686.46
TXN04901,2025-10-03,P002,R02,SR002,C042,139,55.91,7771.49
TXN04902,2024-12-01,P001,R01,SR013,C027,60,41.26,2475.6
TXN04903,2024-07-30,P008,R03,SR027,C024,38,32.53,1236.14
TXN04904,2025-10-18,P005,R04,SR016,C065,35,66.16,2315.6
TXN04905,2025-02-11,P005,R02,SR026,C090,50,68.79,3439.5
TXN04906,2024-10-20,P001,R06,SR024,C050,40,40.43,1617.2
TXN04907,2025-02-01,P007,R02,SR020,C007,150,43.03,6454.5
TXN04908,2025-04-07,P002,R01,SR001,C111,154,53.83,8289.82
TXN04909,2025-11-19,P008,R01,SR001,C027,27,29.75,803.25
TXN04910,2025-12-21,P007,R01,SR007,C022,63,39.52,2489.76
TXN04911,2025-06-04,P001,R01,SR013,C013,182,39.09,7114.38
TXN04912,2024-06-06,P005,R05,SR017,C063,61,69.31,4227.91
TXN04913,2025-08-15,P008,R05,SR011,C063,56,30.83,1726.48
TXN04914,2025-08-02,P004,R06,SR030,C016,76,49.16,3736.16
TXN04915,2025-02-03,P005,R04,SR010,C046,28,65.12,1823.36
TXN04916,2024-02-27,P006,R02,SR014,C090,35,27.87,975.45
TXN04917,2024-10-12,P006,R01,SR007,C043,27,28.99,782.73
TXN04918,2025-11-27,P004,R05,SR017,C084,133,48.87,6499.71
TXN04919,2025-09-11,P002,R05,SR023,C115,166,52.65,8739.9
TXN04920,2025-01-30,P002,R01,SR007,C013,113,53.96,6097.48
TXN04921,2025-08-06,P006,R01,SR025,C031,72,28.75,2070.0
TXN04922,2024-06-06,P007,R05,SR005,C083,46,42.4,1950.4
TXN04923,2025-09-09,P006,R06,SR006,C061,91,30.83,2805.53
TXN04924,2025-08-04,P005,R01,SR013,C027,44,70.39,3097.16
TXN04925,2025-03-14,P003,R01,SR019,C057,84,33.18,2787.12
TXN04926,2024-06-17,P002,R03,SR021,C054,85,56.97,4842.45
TXN04927,2025-10-28,P005,R01,SR019,C119,25,67.12,1678.0
TXN04928,2025-06-24,P003,R03,SR009,C006,49,34.17,1674.33
TXN04929,2025-10-08,P005,R01,SR025,C013,106,67.98,7205.88
TXN04930,2025-06-26,P002,R03,SR003,C014,142,58.01,8237.42
TXN04931,2024-09-13,P001,R01,SR001,C022,105,39.57,4154.85
TXN04932,2024-10-08,P007,R06,SR006,C116,49,43.81,2146.69
TXN04933,2025-06-02,P004,R06,SR030,C086,97,47.13,4571.61
TXN04934,2025-01-03,P007,R05,SR023,C112,63,42.96,2706.48
TXN04935,2025-02-08,P001,R06,SR018,C016,110,40.38,4441.8
TXN04936,2024-07-20,P003,R02,SR026,C036,50,31.94,1597.0
TXN04937,2025-08-21,P001,R01,SR019,C067,158,41.3,6525.4
TXN04938,2024-01-18,P007,R01,SR025,C027,42,42.05,1766.1
TXN04939,2024-05-26,P005,R01,SR001,C088,53,65.68,3481.04
TXN04940,2025-12-04,P001,R04,SR028,C095,67,40.07,2684.69
TXN04941,2024-12-04,P007,R06,SR012,C120,65,41.66,2707.9
TXN04942,2025-11-05,P008,R01,SR001,C111,66,33.03,2179.98
TXN04943,2024-07-05,P004,R01,SR019,C067,164,45.97,7539.08
TXN04944,2024-01-11,P008,R05,SR029,C112,45,32.66,1469.7
TXN04945,2025-04-23,P003,R03,SR021,C024,59,34.29,2023.11
TXN04946,2024-01-12,P007,R02,SR008,C097,24,41.48,995.52
TXN04947,2024-06-02,P003,R02,SR014,C092,40,33.47,1338.8
TXN04948,2024-01-16,P005,R02,SR002,C042,93,67.23,6252.39
TXN04949,2024-10-21,P006,R02,SR020,C069,32,28.95,926.4
TXN04950,2025-04-08,P005,R03,SR009,C082,52,64.27,3342.04
TXN04951,2024-08-08,P002,R01,SR019,C012,66,54.63,3605.58
TXN04952,2024-03-29,P002,R01,SR013,C031,92,55.81,5134.52
TXN04953,2024-08-29,P002,R05,SR017,C084,137,55.06,7543.22
TXN04954,2024-05-09,P002,R03,SR021,C030,85,58.12,4940.2
TXN04955,2024-05-01,P002,R04,SR028,C040,108,54.16,5849.28
TXN04956,2024-07-23,P006,R05,SR029,C038,29,28.57,828.53
TXN04957,2024-09-14,P001,R03,SR021,C054,92,41.97,3861.24
TXN04958,2025-09-08,P008,R06,SR018,C050,16,29.68,474.88
TXN04959,2024-12-21,P007,R01,SR013,C012,47,43.14,2027.58
TXN04960,2024-10-04,P007,R04,SR016,C048,59,43.14,2545.26
TXN04961,2025-06-15,P003,R01,SR013,C060,112,33.92,3799.04
TXN04962,2025-03-02,P008,R01,SR013,C067,101,32.53,3285.53
TXN04963,2024-09-01,P003,R03,SR003,C037,122,32.43,3956.46
TXN04964,2024-01-24,P005,R01,SR019,C027,38,66.03,2509.14
TXN04965,2025-05-29,P007,R04,SR016,C070,167,40.92,6833.64
TXN04966,2025-07-06,P001,R05,SR011,C081,201,39.97,8033.97
TXN04967,2024-02-11,P006,R06,SR030,C077,65,29.42,1912.3
TXN04968,2024-12-08,P001,R05,SR005,C093,72,38.79,2792.88
TXN04969,2025-05-25,P003,R05,SR011,C081,156,32.29,5037.24
TXN04970,2024-01-15,P003,R01,SR019,C057,75,32.38,2428.5
TXN04971,2025-09-24,P002,R04,SR022,C091,125,56.67,7083.75
TXN04972,2025-01-12,P004,R03,SR009,C054,47,49.73,2337.31
TXN04973,2025-05-19,P001,R06,SR012,C061,123,40.69,5004.87
TXN04974,2025-09-10,P001,R02,SR014,C034,85,39.19,3331.15
TXN04975,2024-03-22,P005,R03,SR003,C011,79,67.69,5347.51
TXN04976,2024-08-29,P006,R03,SR015,C024,30,28.55,856.5
TXN04977,2024-02-19,P007,R04,SR004,C103,91,43.49,3957.59
TXN04978,2025-11-13,P001,R04,SR010,C065,52,41.37,2151.24
TXN04979,2025-05-18,P003,R04,SR028,C004,47,34.56,1624.32
TXN04980,2024-07-08,P001,R03,SR009,C072,55,40.33,2218.15
TXN04981,2024-09-03,P002,R04,SR004,C102,110,55.76,6133.6
TXN04982,2024-07-20,P004,R04,SR016,C004,33,48.8,1610.4
TXN04983,2025-10-02,P002,R01,SR019,C043,53,53.16,2817.48
TXN04984,2025-06-13,P001,R01,SR007,C022,97,39.48,3829.56
TXN04985,2024-09-29,P008,R02,SR020,C075,95,29.56,2808.2
TXN04986,2024-02-10,P004,R05,SR011,C114,48,50.84,2440.32
TXN04987,2025-03-19,P007,R03,SR009,C072,58,40.68,2359.44
TXN04988,2024-07-03,P001,R03,SR021,C003,141,41.82,5896.62
TXN04989,2024-06-28,P007,R01,SR013,C111,130,43.14,5608.2
TXN04990,2025-08-15,P003,R04,SR010,C065,40,31.97,1278.8
TXN04991,2024-02-06,P006,R02,SR020,C108,67,30.29,2029.43
TXN04992,2025-05-15,P001,R04,SR004,C100,89,39.4,3506.6
TXN04993,2024-07-05,P006,R02,SR008,C090,36,28.82,1037.52
TXN04994,2024-01-27,P003,R02,SR002,C069,42,33.63,1412.46
TXN04995,2024-08-25,P003,R03,SR021,C006,56,31.72,1776.32
TXN04996,2025-08-07,P001,R02,SR008,C097,40,40.18,1607.2
TXN04997,2025-11-26,P006,R01,SR013,C013,110,27.95,3074.5
TXN04998,2024-02-18,P006,R01,SR013,C094,59,29.26,1726.34
TXN04999,2024-03-31,P002,R01,SR019,C043,56,53.79,3012.24
TXN05000,2025-05-05,P005,R03,SR021,C009,51,69.95,3567.45
TXN05001,2024-10-13,P007,R04,SR004,C010,107,41.06,4393.42
TXN05002,2025-04-02,P002,R02,SR014,C042,104,57.63,5993.52
TXN05003,2025-02-28,P006,R05,SR029,C081,104,30.57,3179.28
TXN05004,2024-05-14,P008,R01,SR013,C022,93,32.84,3054.12
TXN05005,2024-12-19,P001,R05,SR017,C115,153,41.78,6392.34
TXN05006,2024-12-12,P002,R05,SR005,C117,84,57.08,4794.72
TXN05007,2024-08-06,P005,R02,SR002,C058,86,70.94,6100.84
TXN05008,2025-12-28,P007,R02,SR014,C078,116,43.88,5090.08
TXN05009,2025-07-24,P006,R01,SR001,C055,51,30.12,1536.12
TXN05010,2024-08-11,P001,R01,SR007,C067,120,38.26,4591.2
TXN05011,2024-11-29,P004,R04,SR022,C102,100,45.63,4563.0
TXN05012,2025-04-12,P004,R04,SR022,C040,92,50.4,4636.8
TXN05013,2025-08-18,P001,R06,SR030,C120,74,40.09,2966.66
TXN05014,2024-06-30,P002,R05,SR017,C115,146,55.25,8066.5
TXN05015,2025-08-20,P008,R02,SR014,C075,75,33.42,2506.5
TXN05016,2025-03-11,P008,R02,SR026,C092,37,32.62,1206.94
TXN05017,2025-07-13,P003,R02,SR002,C034,106,32.93,3490.58
TXN05018,2024-04-02,P002,R01,SR025,C067,173,58.11,10053.03
TXN05019,2025-11-28,P007,R02,SR014,C108,51,45.2,2305.2
TXN05020,2024-12-31,P001,R01,SR025,C043,55,39.01,2145.55
TXN05021,2025-04-27,P006,R02,SR020,C090,55,29.42,1618.1
TXN05022,2024-04-17,P005,R05,SR023,C028,104,69.79,7258.16
TXN05023,2024-12-29,P002,R03,SR003,C011,88,56.77,4995.76
TXN05024,2025-06-28,P001,R03,SR009,C072,46,38.2,1757.2
TXN05025,2025-02-18,P003,R04,SR022,C039,86,33.58,2887.88
TXN05026,2025-02-24,P001,R06,SR006,C015,225,39.06,8788.5
TXN05027,2025-05-21,P002,R05,SR029,C063,76,58.35,4434.6
TXN05028,2024-06-19,P002,R01,SR007,C088,70,57.65,4035.5
TXN05029,2025-09-05,P001,R02,SR014,C049,132,39.73,5244.36
TXN05030,2025-03-20,P003,R03,SR015,C082,46,34.01,1564.46
TXN05031,2025-09-29,P003,R01,SR019,C088,62,34.33,2128.46
TXN05032,2025-05-22,P005,R03,SR015,C003,80,63.29,5063.2
TXN05033,2024-11-03,P003,R01,SR019,C022,108,34.07,3679.56
TXN05034,2025-06-17,P004,R01,SR019,C031,110,49.86,5484.6
TXN05035,2025-01-28,P001,R01,SR013,C088,68,39.35,2675.8
TXN05036,2025-06-29,P008,R05,SR023,C020,95,31.95,3035.25
TXN05037,2024-06-17,P004,R02,SR008,C069,35,49.19,1721.65
TXN05038,2025-04-12,P006,R05,SR011,C028,112,27.21,3047.52
TXN05039,2024-08-30,P001,R01,SR019,C088,78,39.31,3066.18
TXN05040,2024-04-06,P002,R03,SR009,C006,59,54.94,3241.46
TXN05041,2024-05-10,P002,R04,SR022,C102,119,54.77,6517.63
TXN05042,2025-12-28,P008,R03,SR021,C024,30,30.42,912.6
TXN05043,2025-06-25,P008,R02,SR002,C097,33,32.44,1070.52
TXN05044,2025-08-30,P001,R03,SR027,C018,104,36.72,3818.88
TXN05045,2024-04-03,P002,R03,SR003,C037,125,54.47,6808.75
TXN05046,2025-05-08,P001,R02,SR002,C049,185,41.48,7673.8
TXN05047,2024-07-05,P001,R04,SR016,C080,180,38.32,6897.6
TXN05048,2025-08-09,P003,R01,SR013,C094,45,34.03,1531.35
TXN05049,2024-08-01,P004,R02,SR002,C105,48,48.92,2348.16
TXN05050,2024-08-26,P001,R04,SR028,C065,48,40.99,1967.52
TXN05051,2024-11-16,P008,R06,SR024,C079,55,33.58,1846.9
TXN05052,2024-10-15,P002,R05,SR011,C084,165,56.98,9401.7
TXN05053,2025-12-29,P006,R01,SR001,C012,50,26.86,1343.0
TXN05054,2024-06-28,P002,R02,SR008,C071,68,58.89,4004.52
TXN05055,2025-07-09,P007,R02,SR008,C108,59,42.42,2502.78
TXN05056,2025-11-06,P002,R03,SR027,,117,55.93,6543.81
TXN05057,2024-06-18,P006,R03,SR027,C018,54,26.88,1451.52
TXN05058,2025-12-19,P006,R04,SR004,C023,122,29.28,3572.16
TXN05059,2024-04-17,P002,R05,SR029,C083,49,54.85,2687.65
TXN05060,2024-04-05,P002,R06,SR024,C066,100,51.11,5111.0
TXN05061,2025-02-12,P003,R03,SR003,C006,80,35.09,2807.2
TXN05062,2024-12-03,P003,R02,SR020,C090,44,,1527.24
TXN05063,2025-08-25,P003,R03,SR003,C030,60,33.3,1998.0
TXN05064,2025-12-07,P008,R01,SR025,C094,55,33.39,1836.45
TXN05065,2025-03-15,P002,R01,SR007,C022,95,55.43,5265.85
TXN05066,2025-02-12,P004,R01,SR001,C055,58,50.53,2930.74
TXN05067,2025-04-12,P008,R01,SR025,C060,74,31.21,2309.54
TXN05068,2025-06-10,P005,R01,SR007,C064,50,66.19,3309.5
TXN05069,2025-09-03,P003,R04,SR028,C010,88,34.56,3041.28
TXN05070,2024-09-25,P001,R03,SR027,C025,56,40.16,2248.96
TXN05071,2025-08-02,P005,R02,SR008,C049,84,66.3,5569.2
TXN05072,2025-03-14,P002,R04,SR004,C102,135,54.98,7422.3
TXN05073,2024-04-19,P003,R01,SR001,C111,145,34.81,5047.45
TXN05074,2025-09-05,P002,R02,SR008,C105,57,58.38,3327.66
TXN05075,2025-02-27,P001,R05,SR011,C073,89,42.74,3803.86
TXN05076,2025-03-25,P002,R01,SR007,C067,113,56.48,6382.24
TXN05077,2024-01-29,P003,R01,SR019,C088,65,33.14,2154.1
TXN05078,2024-11-27,P008,R04,SR016,C010,94,32.49,3054.06
TXN05079,2025-05-19,P005,R06,SR012,C047,47,66.61,3130.67
TXN05080,2024-04-03,P001,R06,SR006,C016,153,39.58,6055.74
TXN05081,2024-08-16,P002,R05,SR017,C038,55,55.49,3051.95
TXN05082,2025-12-16,P007,R01,SR007,C043,33,43.56,1437.48
TXN05083,2025-01-31,P004,R06,SR006,C099,44,50.47,2220.68
TXN05084,2025-09-04,P005,R01,SR025,C022,93,67.35,6263.55
TXN05085,2025-02-24,P007,R04,SR010,C029,29,44.12,1279.48
TXN05086,2024-03-11,P007,R03,SR027,C006,68,42.53,2892.04
TXN05087,2024-10-23,P004,R03,SR021,C006,64,48.26,3088.64
TXN05088,2025-03-29,P001,R05,SR023,C081,216,40.98,8851.68
TXN05089,2025-07-10,P008,R06,SR012,C118,46,33.05,1520.3
TXN05090,2024-07-21,P007,R03,SR027,C019,60,43.69,2621.4
TXN05091,2025-11-24,P007,R04,SR022,C103,89,42.02,3739.78
TXN05092,2025-09-04,P001,R02,SR020,C092,56,40.59,2273.04
TXN05093,2024-01-25,P003,R03,SR027,C024,54,33.33,1799.82
TXN05094,2025-10-24,P008,R01,SR013,C067,97,31.15,3021.55
TXN05095,2024-08-14,P001,R01,SR013,C031,119,39.8,4736.2
TXN05096,2024-10-02,P002,R01,SR001,C067,137,57.0,7809.0
TXN05097,2025-08-03,P002,R01,SR007,C094,61,56.53,3448.33
TXN05098,2025-05-27,P006,R05,SR011,C038,44,30.44,1339.36
TXN05099,2025-03-28,P007,R06,SR012,C066,92,45.6,4195.2
TXN05100,2025-08-10,P007,R01,SR001,C088,68,41.97,2853.96
TXN05101,2025-06-27,P008,R01,SR013,C055,41,34.01,1394.41
TXN05102,2024-01-04,P006,R02,SR014,C105,41,29.47,1208.27
TXN05103,2024-03-29,P001,R04,SR016,C104,85,40.07,3405.95
TXN05104,2025-10-16,P006,R03,SR015,C082,43,28.2,1212.6
TXN05105,2024-03-30,P001,R04,SR016,C004,61,40.0,2440.0
TXN05106,2025-02-24,P002,R01,SR013,C111,161,53.21,8566.81
TXN05107,2024-09-30,P001,R01,SR007,C022,94,40.33,3791.02
TXN05108,2024-05-31,P001,R01,SR001,C064,154,42.62,6563.48
TXN05109,2024-01-09,P008,R03,SR009,C014,44,31.25,1375.0
TXN05110,2024-11-07,P007,R03,SR027,C037,91,41.85,3808.35
TXN05111,2025-07-30,P001,R05,SR005,C114,58,40.8,2366.4
TXN05112,2024-04-12,P001,R01,SR019,C027,76,37.48,2848.48
TXN05113,2025-12-03,P008,R02,SR002,C058,74,32.92,2436.08
TXN05114,2024-08-08,P006,R02,SR008,C097,22,28.36,623.92
TXN05115,2024-01-31,P007,R01,SR019,C060,105,43.11,4526.55
TXN05116,2024-09-15,P001,R04,SR010,C080,142,38.6,5481.2
TXN05117,2024-11-12,P003,R04,SR022,C104,80,33.76,2700.8
TXN05118,2025-03-04,P007,R03,SR027,C025,33,43.39,1431.87
TXN05119,2025-08-25,P001,R02,SR002,C026,111,41.24,4577.64
TXN05120,2024-03-26,P001,R01,SR019,C119,54,40.17,2169.18
TXN05121,2024-07-20,P005,R01,SR013,C031,84,66.44,5580.96
TXN05122,2025-08-28,P008,R06,SR030,C089,21,31.63,664.23
TXN05123,2025-01-02,P005,R03,SR021,C082,51,68.82,3509.82
TXN05124,2024-07-09,P002,R01,SR007,C094,62,56.42,3498.04
TXN05125,2025-10-22,P002,R06,SR006,C051,55,53.11,2921.05
TXN05126,2024-04-26,P003,R05,SR023,C081,175,33.1,5792.5
TXN05127,2024-06-21,P004,R05,SR029,C073,62,50.67,3141.54
TXN05128,2025-02-08,P008,R02,SR008,C034,56,30.63,1715.28
TXN05129,2025-09-11,P007,R02,SR026,C007,159,42.77,6800.43
TXN05130,2025-07-06,P001,R02,SR002,C105,86,40.04,3443.44
TXN05131,2025-08-29,P003,R01,SR007,C017,33,34.72,1145.76
TXN05132,2025-09-10,P007,R04,SR028,C091,92,42.42,3902.64
TXN05133,2025-01-27,P007,R04,SR022,C004,41,43.24,1772.84
TXN05134,2024-02-04,P003,R06,SR012,C035,106,34.89,3698.34
TXN05135,2025-06-14,P005,R01,SR019,C111,125,69.88,8735.0
TXN05136,2024-05-08,P004,R06,SR018,C098,77,46.1,3549.7
TXN05137,2024-04-06,P001,R01,SR019,C094,95,39.46,3748.7
TXN05138,2025-06-23,P003,R04,SR010,C048,76,35.37,2688.12
TXN05139,2024-02-04,P002,R05,SR029,C020,106,52.55,5570.3
TXN05140,2024-06-26,P003,R04,SR022,C080,148,30.86,4567.28
TXN05141,2025-08-03,P003,R01,SR013,C057,59,34.15,2014.85
TXN05142,2024-05-13,P001,R02,SR002,C101,167,37.34,6235.78
TXN05143,2024-09-10,P003,R01,SR007,C013,125,32.65,4081.25
TXN05144,2025-05-13,P006,R06,SR024,C021,61,28.87,1761.07
TXN05145,2024-08-28,P006,R05,SR005,C107,99,28.41,2812.59
TXN05146,2025-04-09,P002,R01,SR025,C012,68,54.76,3723.68
TXN05147,2024-10-12,P003,R06,SR024,C076,59,35.73,2108.07
TXN05148,2025-07-16,P001,R01,SR001,C022,131,38.88,5093.28
TXN05149,2025-07-17,P007,R02,SR020,C042,127,44.39,5637.53
TXN05150,2024-09-25,P002,R03,SR015,C082,43,53.29,2291.47
TXN05151,2024-10-15,P008,R05,SR017,C081,79,32.8,2591.2
TXN05152,2025-03-01,P001,R02,SR014,C034,91,38.1,3467.1
TXN05153,2024-02-16,P001,R02,SR002,C108,129,40.64,5242.56
TXN05154,2024-04-18,P001,R01,SR007,C055,72,39.65,2854.8
TXN05155,2024-01-09,P005,R02,SR014,C078,94,64.77,6088.38
TXN05156,2025-06-20,P001,R02,SR008,C071,87,41.06,3572.22
TXN05157,2024-11-27,P001,R04,SR010,C023,143,39.93,5709.99
TXN05158,2024-12-20,P002,R03,SR021,C024,50,57.07,2853.5
TXN05159,2024-02-24,P001,R03,SR027,C025,62,38.87,2409.94
TXN05160,2025-04-10,P008,R04,SR016,C039,67,30.6,2050.2
TXN05161,2025-06-11,P005,R05,SR017,C093,50,70.66,3533.0
TXN05162,2024-02-22,P002,R03,SR009,C041,57,54.82,3124.74
TXN05163,2024-12-02,P008,R02,SR002,C078,108,32.9,3553.2
TXN05164,2025-12-16,P008,R02,SR008,C007,87,32.24,2804.88
TXN05165,2025-04-07,P006,R05,SR029,C073,62,29.24,1812.88
TXN05166,2024-05-30,P002,R03,SR015,C072,42,55.32,2323.44
TXN05167,2024-09-04,P002,R01,SR001,C088,61,55.44,3381.84
TXN05168,2025-02-07,P003,R03,SR009,C109,34,33.73,1146.82
TXN05169,2025-04-09,P003,R05,SR017,C068,44,34.11,1500.84
TXN05170,2025-04-12,P004,R02,SR020,C042,125,48.98,6122.5
TXN05171,2025-07-13,P005,R03,SR027,C025,37,67.74,2506.38
TXN05172,2025-06-15,P003,R02,SR020,C105,53,33.96,1799.88
TXN05173,2024-06-02,P003,R04,SR004,C029,26,32.83,853.58
TXN05174,2025-08-22,P003,R04,SR016,C040,83,33.19,2754.77
TXN05175,2024-06-09,P004,R03,SR003,C109,61,50.58,3085.38
TXN05176,2025-09-20,P005,R04,SR028,C102,68,65.12,4428.16
TXN05177,2024-11-30,P001,R01,SR013,C013,150,39.07,5860.5
TXN05178,2024-12-21,P008,R01,SR025,C111,103,30.65,3156.95
TXN05179,2025-02-18,P001,R05,SR005,C112,61,39.52,2410.72
TXN05180,2024-09-19,P007,R06,SR030,C016,90,45.59,4103.1
TXN05181,2024-03-03,P007,R01,SR001,C119,24,43.7,1048.8
TXN05182,2025-01-23,P004,R05,SR011,C115,166,46.84,7775.44
TXN05183,2024-08-05,P002,R02,SR014,C090,53,55.49,2940.97
TXN05184,2025-05-29,P005,R06,SR030,C015,110,60.94,6703.4
TXN05185,2025-07-06,P007,R01,SR019,C027,39,46.6,1817.4
TXN05186,2024-11-29,P004,R01,SR007,C060,77,47.73,3675.21
TXN05187,2025-04-18,P003,R01,SR007,C017,36,33.99,1223.64
TXN05188,2025-11-17,P007,R03,SR003,C011,67,43.68,2926.56
TXN05189,2024-02-15,P003,R04,SR010,C029,32,35.47,1135.04
TXN05190,2024-06-14,P004,R05,SR011,C073,93,49.08,4564.44
TXN05191,2024-07-30,P001,R06,SR030,C021,70,41.6,2912.0
TXN05192,2024-10-14,P006,R02,SR026,C036,34,29.2,992.8
TXN05193,2024-04-13,P003,R01,SR013,C064,120,33.11,3973.2
TXN05194,2025-07-19,P008,R01,SR007,C060,60,32.9,1974.0
TXN05195,2024-05-26,P001,R01,SR001,C064,110,40.32,4435.2
TXN05196,2025-06-18,P004,R02,SR014,C092,50,47.25,2362.5
TXN05197,2025-10-17,P008,R02,SR026,C058,66,33.63,2219.58
TXN05198,2024-06-11,P005,R04,SR010,C023,116,71.75,8323.0
TXN05199,2024-01-24,P001,R05,SR005,C068,58,39.04,2264.32
TXN05200,2025-10-23,P001,R06,SR024,C087,86,40.92,3519.12
TXN05201,2024-08-10,P007,R01,SR013,C119,22,44.23,973.06
TXN05202,2024-08-10,P001,R02,SR020,C075,178,36.57,6509.46
TXN05203,2024-05-31,P007,R02,SR026,C108,59,42.92,2532.28
TXN05204,2024-01-22,P002,R01,SR025,C060,118,55.07,6498.26
TXN05205,2025-10-18,P006,R01,SR013,C055,62,30.13,1868.06
TXN05206,2024-01-17,P006,R03,SR009,C037,64,27.84,1781.76
TXN05207,2024-05-23,P007,R06,SR024,C015,135,39.18,5289.3
TXN05208,2025-11-05,P005,R04,SR010,C104,50,65.35,3267.5
TXN05209,2025-01-19,P008,R03,SR015,C003,46,31.11,1431.06
TXN05210,2025-04-06,P004,R01,SR013,C043,56,47.9,2682.4
TXN05211,2024-05-25,P002,R06,SR018,C015,142,55.97,7947.74
TXN05212,2024-04-13,P001,R01,SR013,C057,83,40.09,3327.47
TXN05213,2024-07-06,P004,R05,SR017,C114,42,50.46,2119.32
TXN05214,2024-02-04,P005,R01,SR001,C111,109,67.12,7316.08
TXN05215,2025-08-23,P006,R02,SR008,C069,55,29.32,1612.6
TXN05216,2025-03-23,P002,R01,SR019,C119,38,54.17,2058.46
TXN05217,2024-01-22,P007,R01,SR025,C022,94,40.2,3778.8
TXN05218,2024-11-17,P001,R01,SR025,C031,93,40.03,3722.79
TXN05219,2024-05-30,P003,R04,SR010,C023,129,34.04,4391.16
TXN05220,2025-06-23,P004,R02,SR002,C101,145,47.39,6871.55
TXN05221,2025-11-22,P006,R04,SR016,C091,100,28.34,2834.0
TXN05222,2025-01-05,P002,R03,SR003,C006,88,52.87,4652.56
TXN05223,2025-05-29,P002,R01,SR025,C057,101,54.15,5469.15
TXN05224,2024-04-22,P001,R04,SR022,C005,86,40.93,3519.98
TXN05225,2025-01-21,P008,R01,SR013,C012,40,32.59,1303.6
TXN05226,2025-10-20,P002,R06,SR012,C066,107,57.56,6158.92
TXN05227,2024-07-28,P003,R05,SR005,C068,46,33.57,1544.22
TXN05228,2025-09-23,P003,R01,SR013,C043,39,32.83,1280.37
TXN05229,2025-05-25,P002,R02,SR014,C033,163,54.78,8929.14
TXN05230,2025-01-26,P005,R03,SR027,C003,90,70.38,6334.2
TXN05231,2025-01-09,P002,R06,SR012,C059,133,58.73,7811.09
TXN05232,2024-06-06,P005,R04,SR016,C023,107,69.15,7399.05
TXN05233,2025-05-08,P006,R02,SR014,C105,41,30.67,1257.47
TXN05234,2024-09-25,P003,R05,SR029,C084,127,34.46,4376.42
TXN05235,2024-06-21,P005,R01,SR013,C027,38,69.44,2638.72
TXN05236,2024-03-08,P003,R01,SR007,C012,57,35.46,2021.22
TXN05237,2024-10-26,P006,R05,SR023,C084,108,29.01,3133.08
TXN05238,2024-09-24,P001,R03,SR015,C006,52,40.2,2090.4
TXN05239,2024-01-27,P003,R01,SR013,C060,81,33.06,2677.86
TXN05240,2025-03-28,P002,R03,SR027,C054,85,53.03,4507.55
TXN05241,2025-09-03,P003,R01,SR019,C064,120,32.63,3915.6
TXN05242,2025-12-01,P006,R03,SR003,C006,54,29.35,1584.9
TXN05243,2024-08-01,P004,R06,SR030,C110,50,47.02,2351.0
TXN05244,2024-12-23,P002,R05,SR017,C096,67,56.48,3784.16
TXN05245,2024-04-14,P008,R05,SR017,C073,38,31.61,1201.18
TXN05246,2025-11-19,P007,R05,SR005,C115,139,43.54,6052.06
TXN05247,2024-02-02,P003,R05,SR011,C008,38,34.18,1298.84
TXN05248,2025-07-04,P008,R03,SR027,C024,34,31.79,1080.86
TXN05249,2024-12-31,P003,R02,SR008,C058,65,32.36,2103.4
TXN05250,2025-06-12,P005,R03,SR027,C072,38,68.78,2613.64
TXN05251,2025-01-13,P006,R03,SR021,C041,55,28.2,1551.0
TXN05252,2025-04-10,P002,R04,SR028,C023,167,54.96,9178.32
TXN05253,2024-03-10,P007,R04,SR022,C010,162,43.19,6996.78
TXN05254,2024-10-04,P002,R06,SR030,C016,125,55.62,6952.5
TXN05255,2025-10-25,P003,R03,SR009,C054,57,32.3,1841.1
TXN05256,2024-11-27,P006,R02,SR026,C108,45,26.09,1174.05
TXN05257,2025-04-15,P001,R06,SR030,C086,128,37.46,4794.88
TXN05258,2024-01-11,P008,R03,SR021,C037,71,30.42,2159.82
TXN05259,2024-09-11,P007,R04,SR028,C080,101,45.37,4582.37
TXN05260,2025-10-14,P002,R01,SR013,C064,117,49.25,5762.25
TXN05261,2025-07-08,P007,R01,SR013,C057,71,40.85,2900.35
TXN05262,2024-06-13,P005,R01,SR001,C013,111,69.51,7715.61
TXN05263,2025-04-28,P001,R03,SR021,C054,94,40.73,3828.62
TXN05264,2025-01-14,P005,R01,SR019,C017,42,67.96,2854.32
TXN05265,2025-12-05,P003,R02,SR026,C092,52,32.23,1675.96
TXN05266,2025-03-24,P008,R01,SR007,C013,100,34.38,3438.0
TXN05267,2025-06-29,P002,R05,SR005,C068,64,56.93,3643.52
TXN05268,2024-05-18,P005,R05,SR011,C112,65,66.51,4323.15
TXN05269,2024-11-17,P006,R05,SR023,C117,77,29.64,2282.28
TXN05270,2025-12-19,P005,R06,SR030,C002,69,68.04,4694.76
TXN05271,2024-10-17,P008,R03,SR015,C109,22,29.98,659.56
TXN05272,2024-10-16,P002,R01,SR007,C027,53,51.76,2743.28
TXN05273,2025-06-14,P004,R02,SR008,C097,29,48.75,1413.75
TXN05274,2025-02-21,P008,R04,SR022,C010,99,30.95,3064.05
TXN05275,2024-06-13,P006,R01,SR025,C017,36,27.35,984.6
TXN05276,2025-11-29,P005,R01,SR013,C013,89,69.38,6174.82
TXN05277,2025-11-06,P008,R02,SR002,C090,36,31.59,1137.24
TXN05278,2024-01-21,P001,R05,SR023,C063,111,40.05,4445.55
TXN05279,2025-07-27,P004,R05,SR005,C063,71,50.74,3602.54
TXN05280,2024-03-23,P001,R04,SR004,C029,33,39.79,1313.07
TXN05281,2025-10-29,P004,R02,SR014,C101,76,50.74,3856.24
TXN05282,2024-11-06,P001,R01,SR019,C119,36,39.63,1426.68
TXN05283,2025-02-02,P002,R01,SR019,C060,131,55.19,7229.89
TXN05284,2024-10-12,P008,R04,SR004,C102,66,32.17,2123.22
TXN05285,2025-11-28,P005,R01,SR007,C043,23,63.08,1450.84
TXN05286,2024-11-15,P004,R04,SR022,C091,90,48.35,4351.5
TXN05287,2025-10-20,P006,R03,SR015,C003,50,29.36,1468.0
TXN05288,2025-05-29,P004,R02,SR020,C034,88,49.09,4319.92
TXN05289,2025-03-10,P008,R05,SR017,C093,43,33.37,1434.91
TXN05290,2025-09-16,P003,R03,SR015,C025,14,33.74,472.36
TXN05291,2025-05-02,P001,R03,SR015,C006,57,41.08,2341.56
TXN05292,2025-01-31,P005,R02,SR026,C071,50,67.76,3388.0
TXN05293,2025-03-13,P005,R02,SR008,C058,88,66.42,5844.96
TXN05294,2025-02-20,P005,R04,SR010,C048,56,70.44,3944.64
TXN05295,2025-03-26,P004,R05,SR017,C112,55,46.04,2532.2
TXN05296,2025-06-27,P005,R02,SR026,C033,137,69.07,9462.59
TXN05297,2025-06-15,P007,R02,SR020,C090,64,42.07,2692.48
TXN05298,2025-10-21,P002,R02,SR020,C090,59,57.59,3397.81
TXN05299,2025-01-28,P001,R05,SR017,C084,140,40.64,5689.6
TXN05300,2025-10-16,P005,R03,SR015,C053,30,68.82,2064.6
TXN05301,2025-02-18,P001,R03,SR021,C024,85,37.35,3174.75
TXN05302,2025-11-23,P002,R01,SR001,C027,41,55.88,2291.08
TXN05303,2024-01-13,P008,R05,SR023,C117,52,31.22,1623.44
TXN05304,2025-06-18,P003,R01,SR025,C017,37,35.58,1316.46
TXN05305,2024-10-13,P006,R02,SR008,C108,38,29.03,1103.14
TXN05306,2024-10-07,P004,R03,SR009,C014,83,48.11,3993.13
TXN05307,2025-06-16,P006,R06,SR006,C089,43,29.86,1283.98
TXN05308,2025-01-12,P006,R06,SR018,C085,88,30.29,2665.52
TXN05309,2024-08-31,P005,R02,SR014,C108,37,69.57,2574.09
TXN05310,2024-06-30,P008,R03,SR027,C082,54,31.83,1718.82
TXN05311,2024-02-27,P007,R01,SR019,C043,34,44.46,1511.64
TXN05312,2024-01-25,P001,R01,SR025,C017,52,38.44,1998.88
TXN05313,2024-08-01,P005,R05,SR017,C073,51,72.37,3690.87
TXN05314,2025-07-04,P006,R01,SR001,C027,38,28.11,1068.18
TXN05315,2024-02-20,P003,R01,SR007,C017,42,34.55,1451.1
TXN05316,2025-08-19,P005,R05,SR005,C112,48,69.45,3333.6
TXN05317,2024-05-21,P007,R01,SR025,C064,90,42.64,3837.6
TXN05318,2025-10-27,P001,R01,SR007,C064,83,38.18,3168.94
TXN05319,2025-09-29,P001,R01,SR001,C088,88,38.75,3410.0
TXN05320,2024-02-24,P003,R02,SR020,C108,83,32.94,2734.02
TXN05321,2024-02-19,P005,R05,SR017,C056,41,68.06,2790.46
TXN05322,2024-09-01,P003,R01,SR019,C111,119,34.74,4134.06
TXN05323,2024-03-06,P007,R02,SR002,C071,68,43.62,2966.16
TXN05324,2025-03-03,P006,R01,SR007,C111,121,28.59,3459.39
TXN05325,2025-03-06,P003,R01,SR013,C088,65,34.82,2263.3
TXN05326,2024-07-13,P002,R01,SR001,C067,157,57.56,9036.92
TXN05327,2024-06-14,P002,R06,SR030,C047,60,58.99,3539.4
TXN05328,2024-04-17,P007,R06,SR018,C110,47,42.77,2010.19
TXN05329,2025-07-26,P007,R01,SR007,C031,67,43.15,2891.05
TXN05330,2024-04-12,P005,R06,SR030,C118,38,69.79,2652.02
TXN05331,2025-11-09,P002,R06,SR030,C062,45,53.22,2394.9
TXN05332,2024-02-19,P002,R03,SR003,C082,88,55.29,4865.52
TXN05333,2024-09-02,P002,R05,SR029,C008,37,54.73,2025.01
TXN05334,2025-01-14,P001,R04,SR022,C065,54,40.74,2199.96
TXN05335,2025-11-13,P001,R03,SR009,C006,57,38.53,2196.21
TXN05336,2024-02-08,P006,R01,SR025,C017,48,28.62,1373.76
TXN05337,2025-08-13,P001,R05,SR011,C096,93,41.77,3884.61
TXN05338,2024-07-15,P001,R02,SR014,C078,138,39.33,5427.54
TXN05339,2025-07-12,P006,R03,SR003,C006,61,28.54,1740.94
TXN05340,2024-01-25,P002,R05,SR029,C096,62,56.51,3503.62
TXN05341,2025-12-25,P002,R04,SR028,C046,45,53.37,2401.65
TXN05342,2025-09-09,P005,R06,SR006,C099,45,64.93,2921.85
TXN05343,2025-03-26,P001,R03,SR015,C018,68,39.08,2657.44
TXN05344,2025-10-05,P001,R01,SR001,C057,87,42.51,3698.37
TXN05345,2024-07-17,P007,R02,SR014,C101,82,43.15,3538.3
TXN05346,2025-04-12,P005,R04,SR022,C065,54,69.53,3754.62
TXN05347,2024-01-20,P002,R04,SR016,C048,71,51.1,3628.1
TXN05348,2025-09-14,P002,R01,SR001,C119,22,57.19,1258.18
TXN05349,2024-03-14,P004,R02,SR002,C026,75,52.78,3958.5
TXN05350,2024-02-28,P003,R06,SR012,C061,99,34.28,3393.72
TXN05351,2024-07-03,P007,R01,SR019,C064,101,40.12,4052.12
TXN05352,2024-10-30,P005,R03,SR015,C018,27,71.11,1919.97
TXN05353,2024-11-30,P006,R05,SR029,C063,55,28.22,1552.1
TXN05354,2024-05-12,P003,R03,SR021,C037,116,32.91,3817.56
TXN05355,2025-06-06,P002,R01,SR007,C017,41,56.66,2323.06
TXN05356,2025-09-24,P003,R02,SR008,C105,29,33.76,979.04
TXN05357,2024-12-22,P002,R02,SR020,C049,110,53.92,5931.2
TXN05358,2025-05-11,P001,R05,SR023,C020,175,41.78,7311.5
TXN05359,2025-07-23,P006,R02,SR014,C034,54,29.17,1575.18
TXN05360,2024-03-29,P005,R01,SR007,C088,45,68.43,3079.35
TXN05361,2024-07-28,P002,R03,SR021,C041,102,53.73,5480.46
TXN05362,2025-08-28,P006,R01,SR007,C111,93,30.65,2850.45
TXN05363,2024-01-06,P004,R01,SR007,C119,20,49.15,983.0
TXN05364,2024-11-19,P004,R01,SR013,C060,81,49.45,4005.45
TXN05365,2025-08-09,P008,R02,SR020,C101,89,30.36,2702.04
TXN05366,2025-02-24,P005,R03,SR009,C030,44,69.16,3043.04
TXN05367,2025-06-12,P002,R01,SR013,C017,54,56.52,3052.08
TXN05368,2025-05-30,P003,R01,SR019,C060,88,31.78,2796.64
TXN05369,2024-09-11,P004,R05,SR011,C096,62,49.15,3047.3
TXN05370,2024-08-10,P002,R02,SR026,C092,40,56.61,2264.4
TXN05371,2025-09-29,P007,R02,SR008,C092,49,43.08,2110.92
TXN05372,2025-06-06,P006,R03,SR009,C019,49,28.56,1399.44
TXN05373,2025-09-02,P002,R01,SR025,C119,37,57.38,2123.06
TXN05374,2025-03-21,P002,R02,SR026,C049,146,52.66,7688.36
TXN05375,2024-03-22,P006,R01,SR025,C043,54,29.62,1599.48
TXN05376,2025-08-11,P006,R01,SR013,C043,31,29.26,907.06
TXN05377,2025-01-21,P005,R04,SR010,C091,91,68.04,6191.64
TXN05378,2024-02-27,P006,R01,SR007,C057,69,29.21,2015.49
TXN05379,2024-12-08,P007,R02,SR002,C092,42,40.59,1704.78
TXN05380,2025-01-09,P007,R05,SR005,C114,41,40.34,1653.94
TXN05381,2025-05-04,P005,R03,SR009,C054,44,68.73,3024.12
TXN05382,2025-12-04,P001,R01,SR025,C013,177,39.09,6918.93
TXN05383,2025-10-11,P007,R04,SR016,C100,47,43.29,2034.63
TXN05384,2025-08-27,P005,R02,SR014,C033,103,71.21,7334.63
TXN05385,2025-04-04,P001,R04,SR022,C100,91,38.12,3468.92
TXN05386,2024-01-29,P002,R02,SR008,C097,21,55.44,1164.24
TXN05387,2024-12-04,P008,R06,SR018,C116,24,31.17,748.08
TXN05388,2024-02-23,P001,R01,SR013,C012,95,41.56,3948.2
TXN05389,2024-12-13,P001,R01,SR019,C017,52,39.97,2078.44
TXN05390,2024-08-30,P002,R03,SR021,C009,60,54.86,3291.6
TXN05391,2025-10-25,P003,R05,SR029,C008,23,34.68,797.64
TXN05392,2025-03-19,P001,R06,SR030,C118,58,38.3,2221.4
TXN05393,2025-05-29,P007,R04,SR004,C095,53,45.11,2390.83
TXN05394,2025-08-14,P005,R05,SR005,C081,124,68.19,8455.56
TXN05395,2024-02-26,P006,R04,SR016,C005,65,28.99,1884.35
TXN05396,2025-06-08,P005,R03,SR021,C003,79,69.16,5463.64
TXN05397,2025-08-25,P006,R01,SR001,C088,53,30.65,1624.45
TXN05398,2024-11-17,P002,R03,SR021,C054,78,53.28,4155.84
TXN05399,2024-12-25,P007,R01,SR013,C060,95,42.62,4048.9
TXN05400,2024-05-17,P005,R01,SR025,C031,61,69.92,4265.12
TXN05401,2025-09-28,P003,R05,SR029,C073,46,33.2,1527.2
TXN05402,2024-08-31,P003,R06,SR030,C002,73,36.11,2636.03
TXN05403,2024-12-21,P004,R01,SR025,C111,109,48.71,5309.39
TXN05404,2024-02-06,P006,R04,SR022,C091,76,30.47,2315.72
TXN05405,2025-08-03,P001,R03,SR009,C037,111,36.93,4099.23
TXN05406,2025-08-07,P005,R05,SR029,C096,41,66.32,2719.12
TXN05407,2025-06-02,P006,R05,SR029,C063,62,28.29,1753.98
TXN05408,2025-07-31,P005,R03,SR003,C030,73,68.1,4971.3
TXN05409,2025-09-12,P001,R02,SR026,C058,129,38.9,5018.1
TXN05410,2025-06-13,P001,R05,SR023,C008,90,40.63,3656.7
TXN05411,2025-07-09,P006,R05,SR029,C117,66,30.95,2042.7
TXN05412,2024-01-24,P002,R01,SR025,C119,34,55.65,1892.1
TXN05413,2024-03-10,P007,R01,SR013,C060,82,40.51,3321.82
TXN05414,2024-04-08,P007,R05,SR011,C093,61,43.74,2668.14
TXN05415,2024-07-23,P002,R06,SR018,C051,48,52.06,2498.88
TXN05416,2025-11-04,P003,R01,SR007,C060,71,33.28,2362.88
TXN05417,2024-08-04,P002,R05,SR005,C107,114,54.29,6189.06
TXN05418,2024-03-04,P001,R06,SR024,C061,98,40.16,3935.68
TXN05419,2025-04-18,P007,R03,SR027,C030,79,43.51,3437.29
TXN05420,2024-11-26,P001,R01,SR001,C060,119,40.26,4790.94
TXN05421,2024-04-11,P002,R01,SR001,C057,87,54.94,4779.78
TXN05422,2025-09-21,P006,R04,SR028,C005,42,28.88,1212.96
TXN05423,2024-05-22,P004,R03,SR027,C018,79,50.91,4021.89
TXN05424,2025-09-08,P008,R04,SR010,C039,72,32.28,2324.16
TXN05425,2025-10-06,P002,R04,SR004,C046,25,55.88,1397.0
TXN05426,2025-08-24,P002,R02,SR026,C092,66,53.56,3534.96
TXN05427,2024-10-14,P002,R01,SR025,C012,72,53.95,3884.4
TXN05428,2024-05-10,P001,R03,SR027,C041,100,38.82,3882.0
TXN05429,2025-10-07,P001,R06,SR006,C110,86,38.8,3336.8
TXN05430,2025-05-21,P008,R04,SR028,C005,49,32.07,1571.43
TXN05431,2025-12-06,P006,R05,SR005,C056,35,28.53,998.55
TXN05432,2024-12-16,P001,R02,SR002,C026,91,42.19,3839.29
TXN05433,2024-08-05,P002,R06,SR006,C066,131,55.3,7244.3
TXN05434,2024-05-01,P002,R01,SR013,C027,54,57.83,3122.82
TXN05435,2024-05-28,P001,R06,SR024,C076,81,40.13,3250.53
TXN05436,2024-03-16,P004,R01,SR019,C094,68,48.72,3312.96
TXN05437,2024-09-14,P001,R06,SR012,C002,105,40.72,4275.6
TXN05438,2025-02-07,P008,R05,SR017,C083,30,32.9,987.0
TXN05439,2025-07-20,P002,R06,SR030,C110,63,57.42,3617.46
TXN05440,2024-12-04,P001,R02,SR014,C071,78,40.15,3131.7
TXN05441,2025-01-26,P002,R06,SR006,C016,116,57.86,6711.76
TXN05442,2024-10-27,P003,R03,SR003,C019,65,34.61,2249.65
TXN05443,2025-01-18,P005,R01,SR019,C064,97,66.6,6460.2
TXN05444,2024-04-10,P003,R05,SR023,C115,188,34.28,6444.64
TXN05445,2025-02-10,P003,R05,SR017,C063,73,32.63,2381.99
TXN05446,2025-12-23,P007,R01,SR007,C043,27,43.47,1173.69
TXN05447,2024-07-18,P006,R06,SR030,C045,87,27.67,2407.29
TXN05448,2024-07-08,P001,R01,SR001,C057,98,39.01,3822.98
TXN05449,2024-06-21,P008,R04,SR028,C102,77,32.85,2529.45
TXN05450,2025-10-13,P004,R05,SR005,C096,57,48.4,2758.8
TXN05451,2025-01-10,P008,R01,SR025,C027,25,33.12,828.0
TXN05452,2024-03-22,P001,R03,SR009,C006,74,38.74,2866.76
TXN05453,2024-04-29,P004,R05,SR029,C073,47,50.1,2354.7
TXN05454,2024-10-23,P001,R05,SR005,C093,76,38.04,2891.04
TXN05455,2024-04-16,P007,R04,SR010,C039,92,42.48,3908.16
TXN05456,2024-05-06,P001,R06,SR030,C089,46,42.05,1934.3
TXN05457,2024-06-01,P007,R03,SR021,C072,57,41.9,2388.3
TXN05458,2024-08-08,P008,R02,SR026,C049,75,33.17,2487.75
TXN05459,2025-06-14,P001,R01,SR007,C057,75,40.09,3006.75
TXN05460,2025-12-28,P002,R02,SR026,C078,175,56.21,9836.75
TXN05461,2025-05-20,P005,R01,SR025,C043,37,73.46,2718.02
TXN05462,2025-02-20,P002,R02,SR014,C105,65,54.88,3567.2
TXN05463,2024-05-15,P006,R01,SR025,C057,63,28.0,1764.0
TXN05464,2025-04-23,P008,R02,SR020,C026,59,32.7,1929.3
TXN05465,2024-01-24,P007,R01,SR019,C060,87,43.12,3751.44
TXN05466,2024-07-19,P001,R02,SR002,C078,222,40.45,8979.9
TXN05467,2024-10-07,P003,R04,SR010,C070,116,34.83,4040.28
TXN05468,2024-09-23,P002,R01,SR025,C064,108,55.67,6012.36
TXN05469,2024-10-03,P006,R02,SR026,C075,115,30.29,3483.35
TXN05470,2025-09-27,P006,R01,SR013,C013,104,28.83,2998.32
TXN05471,2024-12-02,P002,R01,SR019,C031,112,54.65,6120.8
TXN05472,2025-06-20,P001,R06,SR006,C047,65,38.24,2485.6
TXN05473,2025-12-27,P002,R01,SR001,C022,86,55.92,4809.12
TXN05474,2025-09-24,P005,R03,SR003,C037,94,66.51,6251.94
TXN05475,2024-09-06,P004,R05,SR023,C112,70,49.89,3492.3
TXN05476,2024-01-08,P007,R01,SR013,C027,32,43.04,1377.28
TXN05477,2025-12-01,P003,R02,SR002,C071,85,35.26,2997.1
TXN05478,2024-06-17,P003,R03,SR021,C037,113,36.94,4174.22
TXN05479,2024-10-17,P005,R02,SR020,C097,31,67.96,2106.76
TXN05480,2024-03-20,P001,R04,SR022,C104,104,40.81,4244.24
TXN05481,2024-05-07,P001,R05,SR011,C112,91,38.86,3536.26
TXN05482,2024-04-27,P007,R01,SR025,C012,60,44.44,2666.4
TXN05483,2025-12-05,P005,R03,SR027,C025,28,67.3,1884.4
TXN05484,2024-03-06,P001,R03,SR021,C041,103,40.87,4209.61
TXN05485,2024-11-05,P005,R02,SR002,C007,136,68.34,9294.24
TXN05486,2025-02-14,P002,R06,SR024,C120,71,54.88,3896.48
TXN05487,2025-01-12,P005,R01,SR019,C064,79,67.83,5358.57
TXN05488,2025-10-04,P004,R05,SR017,C083,35,47.47,1661.45
TXN05489,2024-02-04,P006,R04,SR028,C065,35,28.51,997.85
TXN05490,2025-09-10,P007,R01,SR019,C012,60,39.57,2374.2
TXN05491,2025-01-15,P007,R02,SR002,C105,64,41.88,2680.32
TXN05492,2024-08-02,P001,R03,SR027,C006,77,38.37,2954.49
TXN05493,2025-04-14,P003,R01,SR019,C017,47,34.88,1639.36
TXN05494,2024-08-19,P002,R01,SR007,C060,97,59.07,5729.79
TXN05495,2024-06-04,P005,R04,SR028,C023,124,69.64,8635.36
TXN05496,2025-07-18,P003,R02,SR014,C075,124,34.63,4294.12
TXN05497,2025-11-30,P007,R04,SR028,C046,30,42.01,1260.3
TXN05498,2024-01-02,P005,R01,SR013,C017,40,67.64,2705.6
TXN05499,2025-03-30,P007,R04,SR004,C102,82,46.56,3817.92
TXN05500,2025-09-19,P004,R05,SR005,C084,115,49.49,5691.35
TXN05501,2025-10-27,P007,R01,SR013,C060,88,44.24,3893.12
TXN05502,2024-12-06,P002,R02,SR026,C033,138,55.86,7708.68
TXN05503,2025-12-27,P001,R02,SR026,C058,123,40.01,4921.23
TXN05504,2024-06-04,P002,R04,SR004,C102,111,56.33,6252.63
TXN05505,2025-06-20,P002,R04,SR010,C102,104,55.26,5747.04
TXN05506,2025-09-01,P002,R04,SR028,C046,38,53.94,2049.72
TXN05507,2024-12-08,P001,R04,SR004,C039,116,38.97,4520.52
TXN05508,2025-02-19,P001,R06,SR030,C050,50,38.62,1931.0
TXN05509,2025-02-25,P006,R03,SR027,C082,70,27.71,1939.7
TXN05510,2024-09-17,P001,R03,SR003,C011,95,38.36,3644.2
TXN05511,2024-06-08,P008,R02,SR014,C078,77,31.57,2430.89
TXN05512,2024-11-15,P008,R01,SR007,C017,23,31.99,735.77
TXN05513,2025-08-25,P007,R03,SR003,C030,57,46.85,2670.45
TXN05514,2025-10-08,P004,R05,SR029,C084,98,49.64,4864.72
TXN05515,2024-09-15,P002,R01,SR013,C027,56,58.1,3253.6
TXN05516,2024-03-27,P001,R01,SR001,C013,194,40.95,7944.3
TXN05517,2025-12-10,P007,R01,SR019,C013,129,42.54,5487.66
TXN05518,2025-08-20,P002,R03,SR021,C053,98,53.36,5229.28
TXN05519,2024-12-05,P006,R05,SR005,C073,65,27.56,1791.4
TXN05520,2024-04-06,P006,R06,SR024,C120,61,28.32,1727.52
TXN05521,2024-11-10,P007,R01,SR019,C060,99,42.01,4158.99
TXN05522,2024-01-13,P007,R03,SR027,C018,59,45.76,2699.84
TXN05523,2025-12-05,P001,R01,SR007,C064,117,42.67,4992.39
TXN05524,2025-05-24,P006,R05,SR005,C093,73,29.47,2151.31
TXN05525,2024-10-02,P004,R02,SR020,C097,44,51.74,2276.56
TXN05526,2025-04-21,P004,R02,SR014,C058,90,48.61,4374.9
TXN05527,2025-05-21,P002,R05,SR029,C038,39,55.38,2159.82
TXN05528,2024-05-13,P003,R04,SR010,C023,124,32.4,4017.6
TXN05529,2025-01-03,P007,R05,SR023,C020,118,45.38,5354.84
TXN05530,2025-04-12,P008,R04,SR028,C091,72,32.85,2365.2
TXN05531,2024-04-07,P002,R05,SR017,C093,69,53.92,3720.48
TXN05532,2025-11-24,P005,R01,SR025,C057,48,71.1,3412.8
TXN05533,2024-09-21,P007,R01,SR001,C031,74,40.93,3028.82
TXN05534,2025-01-25,P006,R02,SR014,C058,79,26.92,2126.68
TXN05535,2024-12-26,P002,R05,SR029,C112,59,56.52,3334.68
TXN05536,2025-10-31,P004,R03,SR003,C011,59,49.09,2896.31
TXN05537,2024-06-13,P004,R03,SR003,C052,47,47.43,2229.21
TXN05538,2024-01-30,P004,R05,SR023,C020,97,48.12,4667.64
TXN05539,2025-01-31,P003,R01,SR001,C060,82,33.19,2721.58
TXN05540,2025-08-27,P002,R06,SR030,C099,58,57.04,3308.32
TXN05541,2024-03-24,P004,R01,SR013,C067,139,49.43,6870.77
TXN05542,2025-02-22,P001,R03,SR021,C052,87,38.06,3311.22
TXN05543,2025-01-30,P004,R03,SR009,C006,47,48.99,2302.53
TXN05544,2024-03-01,P002,R01,SR025,C067,151,55.89,8439.39
TXN05545,2025-06-11,P002,R01,SR007,C017,45,57.0,2565.0
TXN05546,2024-01-16,P001,R02,SR002,C007,201,38.71,7780.71
TXN05547,2024-01-13,P001,R06,SR024,C050,31,41.7,1292.7
TXN05548,2025-10-25,P008,R03,SR003,C025,26,30.18,784.68
TXN05549,2024-09-19,P003,R01,SR013,C094,52,32.47,1688.44
TXN05550,2024-08-26,P002,R03,SR021,C053,75,56.58,4243.5
TXN05551,2024-08-01,P006,R01,SR007,C055,36,26.82,965.52
TXN05552,2024-12-05,P003,R05,SR005,C008,61,33.91,2068.51
TXN05553,2024-04-02,P007,R02,SR020,C090,58,41.98,2434.84
TXN05554,2024-02-14,P006,R05,SR017,C083,36,27.5,990.0
TXN05555,2024-06-08,P004,R01,SR007,C119,25,48.4,1210.0
TXN05556,2024-05-18,P008,R03,SR015,C011,41,31.26,1281.66
TXN05557,2024-04-18,P003,R05,SR011,C114,54,34.13,1843.02
TXN05558,2024-03-23,P004,R04,SR022,C010,146,48.76,7118.96
TXN05559,2024-08-01,P006,R04,SR010,C104,64,28.92,1850.88
TXN05560,2024-12-23,P003,R01,SR019,C119,41,33.5,1373.5
TXN05561,2025-07-08,P007,R04,SR004,C040,81,38.77,3140.37
TXN05562,2025-11-19,P002,R02,SR014,C078,153,54.52,8341.56
TXN05563,2025-03-09,P008,R03,SR003,C009,40,31.64,1265.6
TXN05564,2024-07-02,P002,R06,SR024,C051,46,55.11,2535.06
TXN05565,2025-01-21,P001,R04,SR010,C104,106,39.77,4215.62
TXN05566,2024-08-11,P001,R04,SR010,C080,130,39.73,5164.9
TXN05567,2025-05-03,P007,R05,SR005,C038,44,42.42,1866.48
TXN05568,2024-03-23,P004,R02,SR008,C069,30,46.43,1392.9
TXN05569,2025-11-17,P005,R02,SR026,C075,138,71.23,9829.74
TXN05570,2024-11-16,P001,R06,SR006,C062,59,41.28,2435.52
TXN05571,2024-07-05,P003,R06,SR006,C061,109,33.44,3644.96
TXN05572,2025-09-22,P003,R06,SR012,C098,112,34.87,3905.44
TXN05573,2025-10-16,P003,R02,SR002,C049,120,33.43,4011.6
TXN05574,2025-05-11,P006,R02,SR026,C058,104,28.83,2998.32
TXN05575,2024-06-11,P005,R05,SR005,C081,123,70.75,8702.25
TXN05576,2025-08-22,P002,R02,SR026,C069,51,56.27,2869.77
TXN05577,2025-03-04,P002,R04,SR028,C005,70,53.58,3750.6
TXN05578,2025-08-22,P002,R01,SR013,C060,112,53.55,5997.6
TXN05579,2025-06-01,P003,R06,SR030,C066,103,34.27,3529.81
TXN05580,2024-07-06,P005,R01,SR019,C022,86,67.61,5814.46
TXN05581,2024-10-19,P004,R06,SR018,C079,74,49.96,3697.04
TXN05582,2024-12-20,P004,R01,SR001,C013,130,48.94,6362.2
TXN05583,2024-01-23,P002,R02,SR020,C090,56,56.4,3158.4
TXN05584,2025-05-21,P006,R04,SR010,C040,83,32.34,2684.22
TXN05585,2024-12-28,P001,R04,SR004,C102,94,41.43,3894.42
TXN05586,2024-11-21,P001,R06,SR012,C051,58,38.67,2242.86
TXN05587,2024-08-14,P007,R05,SR017,C107,90,45.84,4125.6
TXN05588,2025-04-08,P002,R05,SR029,C096,60,57.45,3447.0
TXN05589,2024-01-25,P002,R01,SR019,C111,166,55.94,9286.04
TXN05590,2025-03-09,P001,R01,SR013,C013,189,40.93,7735.77
TXN05591,2024-12-22,P007,R05,SR023,C112,73,43.87,3202.51
TXN05592,2024-06-10,P002,R06,SR024,C118,43,56.52,2430.36
TXN05593,2024-09-19,P007,R01,SR025,C027,37,41.71,1543.27
TXN05594,2025-03-23,P001,R01,SR001,C057,101,40.94,4134.94
TXN05595,2025-04-26,P006,R06,SR018,C002,65,31.26,2031.9
TXN05596,2025-06-23,P001,R04,SR028,C091,130,38.16,4960.8
TXN05597,2025-10-12,P007,R01,SR019,C022,96,42.03,4034.88
TXN05598,2024-06-11,P002,R02,SR020,C075,166,52.33,8686.78
TXN05599,2024-02-29,P001,R05,SR023,C093,89,37.88,3371.32
TXN05600,2024-05-23,P007,R01,SR013,C094,71,40.88,2902.48
TXN05601,2025-01-19,P007,R04,SR016,C005,63,42.85,2699.55
TXN05602,2024-03-05,P005,R01,SR001,C119,31,67.15,2081.65
TXN05603,2024-03-01,P005,R01,SR001,C064,96,73.44,7050.24
TXN05604,2024-10-20,P005,R04,SR022,C040,80,67.78,5422.4
TXN05605,2025-08-05,P007,R02,SR020,C026,60,40.82,2449.2
TXN05606,2024-05-09,P003,R04,SR010,C046,26,34.48,896.48
TXN05607,2024-06-01,P007,R01,SR001,C043,48,42.89,2058.72
TXN05608,2025-07-03,P007,R06,SR018,C087,55,42.28,2325.4
TXN05609,2025-06-17,P006,R02,SR008,C105,38,29.05,1103.9
TXN05610,2024-02-01,P008,R05,SR005,C068,28,32.98,923.44
TXN05611,2025-07-16,P006,R04,SR022,C039,111,28.02,3110.22
TXN05612,2025-04-08,P001,R02,SR008,C078,185,39.2,7252.0
TXN05613,2025-10-23,P007,R03,SR003,C019,61,44.51,2715.11
TXN05614,2024-09-24,P006,R03,SR003,C014,108,29.32,3166.56
TXN05615,2025-01-21,P003,R02,SR020,C033,157,33.45,5251.65
TXN05616,2024-09-09,P002,R04,SR004,C005,63,55.86,3519.18
TXN05617,2024-04-22,P005,R02,SR026,C071,56,72.25,4046.0
TXN05618,2024-03-18,P004,R01,SR019,C022,103,53.66,5526.98
TXN05619,2025-04-13,P007,R05,SR029,C073,59,45.04,2657.36
TXN05620,2024-12-27,P003,R06,SR012,C116,50,34.48,1724.0
TXN05621,2025-06-03,P003,R02,SR014,C108,56,33.32,1865.92
TXN05622,2024-11-18,P004,R01,SR007,C057,60,49.81,2988.6
TXN05623,2025-05-27,P001,R04,SR010,C039,125,36.61,4576.25
TXN05624,2024-12-09,P007,R04,SR022,C102,105,43.05,4520.25
TXN05625,2024-06-26,P008,R06,SR024,C016,71,33.18,2355.78
TXN05626,2025-02-15,P006,R05,SR029,C083,33,29.89,986.37
TXN05627,2024-08-14,P001,R04,SR016,C048,74,40.22,2976.28
TXN05628,2024-02-09,P001,R03,SR015,C030,71,39.8,2825.8
TXN05629,2025-10-20,P006,R04,SR004,C104,44,30.53,1343.32
TXN05630,2024-12-31,P001,R05,SR023,C114,69,41.25,2846.25
TXN05631,2025-01-24,P008,R05,SR023,C083,34,31.91,1084.94
TXN05632,2025-12-25,P002,R04,SR010,C029,32,54.5,1744.0
TXN05633,2024-05-31,P001,R03,SR003,C024,89,40.34,3590.26
TXN05634,2025-03-26,P002,R03,SR009,C037,105,55.01,5776.05
TXN05635,2024-10-28,P004,R01,SR013,C064,79,49.83,3936.57
TXN05636,2025-12-07,P004,R02,SR026,C108,64,50.8,3251.2
TXN05637,2025-06-27,P006,R01,SR007,C013,92,28.99,2667.08
TXN05638,2025-03-21,P001,R01,SR001,C057,100,40.86,4086.0
TXN05639,2025-02-26,P001,R02,SR014,C101,134,39.69,5318.46
TXN05640,2024-04-09,P001,R02,SR026,C108,82,37.68,3089.76
TXN05641,2025-10-19,P001,R05,SR029,C008,46,39.02,1794.92
TXN05642,2024-04-24,P004,R01,SR025,C022,104,49.74,5172.96
TXN05643,2025-07-06,P003,R03,SR015,C030,55,32.44,1784.2
TXN05644,2024-07-06,P004,R01,SR025,C055,48,52.44,2517.12
TXN05645,2025-10-22,P007,R06,SR018,C001,44,43.14,1898.16
TXN05646,2025-05-25,P005,R06,SR024,C066,79,67.63,5342.77
TXN05647,2024-04-10,P001,R03,SR003,C072,70,38.73,2711.1
TXN05648,2025-04-22,P007,R05,SR005,C008,54,42.94,2318.76
TXN05649,2025-10-12,P007,R01,SR013,C031,69,44.96,3102.24
TXN05650,2025-09-28,P001,R02,SR008,C075,162,40.02,6483.24
TXN05651,2024-08-03,P001,R02,SR014,C101,104,39.99,4158.96
TXN05652,2024-11-11,P004,R05,SR023,C084,146,51.77,7558.42
TXN05653,2024-08-29,P006,R05,SR011,C068,57,28.37,1617.09
TXN05654,2025-03-20,P004,R04,SR016,C070,138,47.86,6604.68
TXN05655,2025-04-02,P001,R01,SR007,C027,46,37.43,1721.78
TXN05656,2024-03-04,P007,R02,SR014,C034,56,42.97,2406.32
TXN05657,2024-10-10,P002,R06,SR024,C087,76,53.52,4067.52
TXN05658,2024-11-20,P005,R03,SR021,C019,70,67.71,4739.7
TXN05659,2025-08-04,P006,R01,SR019,C013,98,28.72,2814.56
TXN05660,2025-03-22,P006,R01,SR019,C055,61,28.26,1723.86
TXN05661,2025-01-17,P001,R02,SR026,C069,82,38.88,3188.16
TXN05662,2025-05-31,P003,R02,SR008,C101,90,33.02,2971.8
TXN05663,2025-09-21,P004,R02,SR020,C108,70,48.15,3370.5
TXN05664,2025-07-06,P005,R04,SR022,C080,128,65.96,8442.88
TXN05665,2025-03-16,P008,R03,SR021,C019,69,32.05,2211.45
TXN05666,2025-10-20,P006,R02,SR026,C007,144,30.78,4432.32
TXN05667,2025-05-01,P007,R02,SR026,C090,42,42.53,1786.26
TXN05668,2024-01-13,P005,R05,SR005,C107,96,68.31,6557.76
TXN05669,2024-11-26,P001,R02,SR002,C049,140,38.52,5392.8
TXN05670,2024-11-25,P002,R03,SR027,C014,126,55.98,7053.48
TXN05671,2025-12-25,P002,R04,SR004,C065,39,57.39,2238.21
TXN05672,2025-06-05,P004,R01,SR025,C022,96,45.94,4410.24
TXN05673,2024-08-09,P006,R05,SR005,C028,93,29.08,2704.44
TXN05674,2024-09-14,P001,R04,SR022,C095,77,39.08,3009.16
TXN05675,2024-07-19,P004,R06,SR006,C086,111,48.47,5380.17
TXN05676,2025-12-23,P002,R06,SR018,C045,106,56.58,5997.48
TXN05677,2024-04-21,P002,R01,SR007,C031,95,59.52,5654.4
TXN05678,2025-11-28,P008,R01,SR013,C088,26,30.53,793.78
TXN05679,2024-11-19,P007,R02,SR026,C007,126,43.68,5503.68
TXN05680,2025-12-28,P002,R04,SR016,C091,112,55.87,6257.44
TXN05681,2024-08-19,P001,R02,SR014,C092,46,40.17,1847.82
TXN05682,2024-04-27,P006,R01,SR025,C031,85,27.66,2351.1
TXN05683,2025-10-31,P006,R04,SR028,C029,22,30.03,660.66
TXN05684,2024-07-14,P007,R05,SR005,C107,103,42.92,4420.76
TXN05685,2024-01-22,P001,R01,SR007,C094,69,37.92,2616.48
TXN05686,2025-03-25,P004,R05,SR011,C038,68,51.86,3526.48
TXN05687,2025-07-12,P008,R03,SR027,C109,31,32.43,1005.33
TXN05688,2025-09-23,P006,R06,SR006,C079,91,29.46,2680.86
TXN05689,2025-02-07,P008,R01,SR025,C017,34,31.74,1079.16
TXN05690,2024-02-27,P002,R06,SR012,C120,99,54.4,5385.6
TXN05691,2024-05-26,P002,R01,SR019,C119,36,53.08,1910.88
TXN05692,2024-11-07,P002,R02,SR002,C090,68,57.17,3887.56
TXN05693,2024-06-25,P001,R03,SR009,C037,112,38.32,4291.84
TXN05694,2024-05-19,P004,R04,SR028,C091,105,50.85,5339.25
TXN05695,2025-03-22,P007,R05,SR023,C117,75,43.23,3242.25
TXN05696,2024-09-21,P007,R03,SR009,C053,43,43.53,1871.79
TXN05697,2025-12-18,P007,R01,SR001,C060,82,42.06,3448.92
TXN05698,2025-06-28,P004,R06,SR012,C002,93,52.31,4864.83
TXN05699,2024-03-23,P002,R02,SR008,C033,136,50.91,6923.76
TXN05700,2025-12-04,P002,R03,SR021,C025,33,54.46,1797.18
TXN05701,2024-12-02,P008,R01,SR025,C060,50,32.6,1630.0
TXN05702,2025-10-06,P001,R03,SR027,C072,78,41.35,3225.3
TXN05703,2025-01-28,P001,R02,SR014,C033,187,38.04,7113.48
TXN05704,2024-11-28,P006,R06,SR030,C116,31,29.3,908.3
TXN05705,2025-02-02,P004,R01,SR001,C067,124,48.67,6035.08
TXN05706,2025-02-25,P005,R06,SR024,C016,92,72.4,6660.8
TXN05707,2025-11-28,P006,R01,SR001,C119,28,28.43,796.04
TXN05708,2024-04-01,P007,R01,SR001,C022,96,41.32,3966.72
TXN05709,2024-12-29,P002,R06,SR006,C045,133,54.52,7251.16
TXN05710,2024-04-29,P002,R06,SR024,C021,76,55.41,4211.16
TXN05711,2025-05-12,P002,R05,SR011,C073,81,55.08,4461.48
TXN05712,2025-11-02,P002,R02,SR008,C033,135,55.45,7485.75
TXN05713,2025-08-19,P002,R06,SR018,C051,44,54.34,2390.96
TXN05714,2024-10-09,P003,R06,SR024,C113,53,33.28,1763.84
TXN05715,2025-12-30,P002,R03,SR009,C009,44,57.71,2539.24
TXN05716,2024-08-22,P005,R06,SR030,C099,31,69.55,2156.05
TXN05717,2025-03-17,P002,R04,SR016,C040,122,50.55,6167.1
TXN05718,2024-04-28,P008,R06,SR030,C001,42,30.77,1292.34
TXN05719,2025-04-03,P002,R01,SR025,C111,176,54.45,9583.2
TXN05720,2025-05-26,P007,R01,SR013,C022,97,41.0,3977.0
TXN05721,2025-09-27,P008,R02,SR002,C097,23,30.6,703.8
TXN05722,2024-08-26,P004,R05,SR011,C093,85,47.62,4047.7
TXN05723,2025-07-20,P002,R05,SR023,C032,144,57.27,8246.88
TXN05724,2025-06-19,P004,R01,SR001,C022,87,50.45,4389.15
TXN05725,2025-04-07,P006,R01,SR001,C067,116,28.51,3307.16
TXN05726,2024-06-29,P006,R01,SR007,C067,99,29.08,2878.92
TXN05727,2024-11-13,P008,R05,SR029,C112,33,29.68,979.44
TXN05728,2025-08-10,P006,R01,SR019,C055,58,28.88,1675.04
TXN05729,2025-03-08,P001,R01,SR007,C119,37,39.45,1459.65
TXN05730,2024-10-28,P002,R01,SR013,C055,74,52.62,3893.88
TXN05731,2024-11-29,P005,R03,SR015,C030,47,69.04,3244.88
TXN05732,2025-02-23,P007,R01,SR019,C067,131,41.06,5378.86
TXN05733,2024-05-29,P006,R05,SR005,C117,58,29.62,1717.96
TXN05734,2025-12-02,P001,R01,SR001,C013,154,37.29,5742.66
TXN05735,2024-01-16,P007,R02,SR002,C026,59,44.01,2596.59
TXN05736,2025-02-04,P004,R02,SR002,C033,181,49.18,8901.58
TXN05737,2024-11-30,P001,R01,SR013,C064,148,39.79,5888.92
TXN05738,2024-08-08,P003,R05,SR023,C032,115,34.5,3967.5
TXN05739,2025-01-22,P003,R02,SR002,C033,211,34.54,7287.94
TXN05740,2024-09-13,P004,R03,SR021,C006,51,49.74,2536.74
TXN05741,2024-08-08,P003,R04,SR016,C100,61,32.42,1977.62
TXN05742,2024-08-11,P003,R03,SR003,C037,119,33.58,3996.02
TXN05743,2024-03-22,P006,R04,SR028,C070,119,28.09,3342.71
TXN05744,2024-12-21,P006,R01,SR019,C012,59,28.51,1682.09
TXN05745,2024-07-08,P004,R04,SR010,C023,102,48.49,4945.98
TXN05746,2024-02-09,P002,R03,SR003,C011,85,52.93,4499.05
TXN05747,2024-08-30,P001,R01,SR019,C088,96,41.6,3993.6
TXN05748,2024-09-18,P007,R01,SR019,C094,61,43.59,2658.99
TXN05749,2024-11-06,P007,R01,SR001,C057,64,39.58,2533.12
TXN05750,2025-01-06,P007,R04,SR028,C046,22,43.01,946.22
TXN05751,2024-08-19,P006,R02,SR014,C058,58,30.98,1796.84
TXN05752,2024-01-31,P001,R03,SR027,C072,61,40.12,2447.32
TXN05753,2024-03-21,P002,R05,SR023,C081,189,54.37,10275.93
TXN05754,2025-02-19,P002,R04,SR016,C102,125,54.96,6870.0
TXN05755,2025-10-14,P003,R03,SR009,C011,40,32.59,1303.6
TXN05756,2025-06-13,P002,R02,SR026,C078,204,53.53,10920.12
TXN05757,2025-03-13,P008,R04,SR016,C104,54,31.13,1681.02
TXN05758,2025-11-12,P005,R03,SR027,C009,58,66.52,3858.16
TXN05759,2024-12-09,P003,R02,SR002,C097,37,34.99,1294.63
TXN05760,2024-12-18,P004,R05,SR023,C112,65,46.35,3012.75
TXN05761,2025-03-06,P001,R01,SR001,C064,131,39.17,5131.27
TXN05762,2025-10-13,P005,R04,SR016,C040,57,68.4,3898.8
TXN05763,2025-03-18,P001,R01,SR013,C060,139,41.01,5700.39
TXN05764,2024-10-29,P002,R04,SR004,C046,30,58.78,1763.4
TXN05765,2024-12-28,P003,R06,SR012,C077,94,34.12,3207.28
TXN05766,2025-05-17,P003,R01,SR025,C094,67,33.72,2259.24
TXN05767,2024-05-01,P003,R03,SR027,C025,36,32.14,1157.04
TXN05768,2025-07-24,P006,R05,SR017,C117,50,29.54,1477.0
TXN05769,2025-01-13,P006,R01,SR001,C013,125,28.33,3541.25
TXN05770,2024-07-09,P005,R01,SR013,C027,35,68.5,2397.5
TXN05771,2025-02-09,P006,R05,SR029,C081,99,28.63,2834.37
TXN05772,2025-01-21,P007,R05,SR011,C038,43,41.55,1786.65
TXN05773,2025-01-19,P007,R04,SR004,C005,1066,41.98,2140.98
TXN05774,2025-04-27,P005,R04,SR004,C046,19,68.73,1305.87
TXN05775,2024-08-05,P001,R03,SR021,C003,115,42.67,4907.05
TXN05776,2025-05-26,P003,R01,SR019,C064,127,37.23,4728.21
TXN05777,2024-08-04,P006,R01,SR001,C060,89,26.46,2354.94
TXN05778,2024-06-24,P001,R01,SR019,C088,89,39.91,3551.99
TXN05779,2025-05-19,P007,R05,SR005,C115,140,43.39,6074.6
TXN05780,2025-05-20,P001,R05,SR011,C020,171,42.53,7272.63
TXN05781,2024-03-15,P006,R01,SR019,C027,41,28.97,1187.77
TXN05782,2024-11-20,P008,R02,SR008,C101,59,32.36,1909.24
TXN05783,2024-10-07,P007,R05,SR023,C115,127,42.77,5431.79
TXN05784,2024-02-28,P001,R01,SR001,C060,140,41.77,5847.8
TXN05785,2025-10-09,P003,R04,SR004,C104,54,33.95,1833.3
TXN05786,2024-07-11,P001,R03,SR003,C082,88,41.14,3620.32
TXN05787,2024-08-09,P001,R05,SR023,C096,111,39.93,4432.23
TXN05788,2025-09-03,P005,R02,SR026,C092,41,65.45,2683.45
TXN05789,2025-06-03,P002,R01,SR013,C022,113,53.77,6076.01
TXN05790,2025-10-24,P003,R01,SR007,C067,89,35.04,3118.56
TXN05791,2024-08-22,P004,R01,SR013,C111,122,47.73,5823.06
TXN05792,2024-12-18,P003,R05,SR011,C084,139,34.67,4819.13
TXN05793,2024-12-10,P002,R02,SR026,C097,37,54.79,2027.23
TXN05794,2024-12-27,P002,R02,SR026,C090,40,53.25,2130.0
TXN05795,2024-06-06,P006,R06,SR030,C050,31,28.06,869.86
TXN05796,2025-02-14,P008,R02,SR008,C069,30,30.28,908.4
TXN05797,2024-01-04,P007,R03,SR009,C053,45,43.92,1976.4
TXN05798,2024-02-22,P005,R02,SR020,C036,37,67.18,2485.66
TXN05799,2024-06-17,P006,R01,SR013,C012,56,27.02,1513.12
TXN05800,2025-09-03,P005,R04,SR010,C046,18,67.27,1210.86
TXN05801,2024-08-01,P004,R02,SR026,C058,52,49.11,2553.72
TXN05802,2025-03-27,P002,R04,SR010,C080,148,52.55,7777.4
TXN05803,2024-08-24,P003,R06,SR012,C047,50,34.91,1745.5
TXN05804,2024-12-11,P002,R01,SR013,C013,161,55.95,9007.95
TXN05805,2025-04-25,P006,R04,SR004,C039,96,27.66,2655.36
TXN05806,2025-02-16,P003,R02,SR014,C075,145,34.98,5072.1
TXN05807,2024-04-28,P002,R05,SR011,C081,179,54.17,9696.43
TXN05808,2025-06-16,P006,R03,SR009,C052,42,27.67,1162.14
TXN05809,2024-02-23,P008,R04,SR016,C046,23,34.22,787.06
TXN05810,2025-02-06,P005,R06,SR006,C015,128,67.05,8582.4
TXN05811,2024-09-25,P004,R03,SR021,C052,41,48.73,1997.93
TXN05812,2025-05-13,P001,R01,SR007,C064,122,40.08,4889.76
TXN05813,2024-08-13,P006,R04,SR004,C004,37,29.35,1085.95
TXN05814,2025-06-12,P003,R01,SR001,C012,71,35.71,2535.41
TXN05815,2024-01-14,P003,R02,SR020,C033,130,33.07,4299.1
TXN05816,2024-01-01,P002,R06,SR024,C016,108,56.76,6130.08
TXN05817,2025-01-29,P003,R02,SR026,C092,43,33.34,1433.62
TXN05818,2025-12-21,P007,R05,SR005,C084,116,42.92,4978.72
TXN05819,2025-07-06,P006,R01,SR013,C022,107,26.93,2881.51
TXN05820,2024-10-01,P004,R05,SR005,C032,95,48.75,4631.25
TXN05821,2025-03-21,P006,R03,SR003,C019,84,26.34,2212.56
TXN05822,2024-11-26,P005,R05,SR029,C114,26,71.82,1867.32
TXN05823,2024-04-26,P002,R01,SR013,C111,176,53.94,9493.44
TXN05824,2024-12-31,P004,R03,SR015,C109,41,49.79,2041.39
TXN05825,2025-05-03,P008,R04,SR010,C100,37,31.84,1178.08
TXN05826,2025-09-01,P001,R05,SR011,C096,98,36.66,3592.68
TXN05827,2024-08-02,P001,R02,SR008,C033,144,39.78,5728.32
TXN05828,2025-01-26,P001,R06,SR018,C089,40,37.84,1513.6
TXN05829,2024-09-10,P007,R06,SR012,C059,130,42.96,5584.8
TXN05830,2024-02-09,P006,R02,SR026,C090,40,30.28,1211.2
TXN05831,2025-05-04,P003,R06,SR012,C079,109,33.05,3602.45
TXN05832,2024-08-18,P002,R01,SR007,C060,79,54.21,4282.59
TXN05833,2024-12-03,P003,R01,SR019,C067,150,32.66,4899.0
TXN05834,2025-12-22,P007,R02,SR020,C071,72,44.74,3221.28
TXN05835,2025-02-13,P008,R01,SR013,C017,25,30.93,773.25
TXN05836,2025-05-01,P002,R03,SR003,C025,42,54.63,2294.46
TXN05837,2024-12-11,P002,R03,SR009,C006,63,53.02,3340.26
TXN05838,2025-03-14,P004,R02,SR008,C049,111,47.92,5319.12
TXN05839,2024-05-08,P002,R05,SR011,C056,56,50.27,2815.12
TXN05840,2024-09-02,P007,R05,SR023,C083,48,42.07,2019.36
TXN05841,2024-08-04,P001,R03,SR021,C041,81,40.66,3293.46
TXN05842,2024-06-25,P004,R03,SR009,C082,57,50.64,2886.48
TXN05843,2024-08-13,P005,R02,SR008,C071,39,65.58,2557.62
TXN05844,2024-03-28,P004,R04,SR010,C029,33,50.14,1654.62
TXN05845,2024-08-28,P002,R06,SR012,C077,99,55.37,5481.63
TXN05846,2024-04-17,P006,R01,SR001,C111,133,29.87,3972.71
TXN05847,2024-11-19,P003,R06,SR006,C074,59,34.72,2048.48
TXN05848,2024-11-09,P003,R05,SR029,C081,117,35.85,4194.45
TXN05849,2024-04-08,P004,R04,SR022,C048,78,47.3,3689.4
TXN05850,2024-02-04,P007,R02,SR002,C071,74,44.59,3299.66
TXN05851,2025-01-18,P001,R03,SR009,C018,58,39.33,2281.14
TXN05852,2024-12-09,P004,R01,SR025,C060,78,49.48,3859.44
TXN05853,2024-08-04,P004,R01,SR019,C055,56,46.71,2615.76
TXN05854,2025-11-21,P001,R01,SR007,C088,73,39.74,2901.02
TXN05855,2024-09-03,P006,R05,SR017,C083,30,29.69,890.7
TXN05856,2024-02-10,P006,R02,SR014,C034,57,28.93,1649.01
TXN05857,2025-12-15,P001,R06,SR030,C079,110,41.87,4605.7
TXN05858,2025-08-12,P007,R05,SR011,C081,137,41.92,5743.04
TXN05859,2025-11-13,P006,R06,SR018,C061,57,29.02,1654.14
TXN05860,2024-11-24,P005,R05,SR023,C083,44,70.23,3090.12
TXN05861,2024-02-08,P001,R05,SR005,C115,191,42.07,8035.37
TXN05862,2024-09-16,P008,R06,SR024,C066,62,30.98,1920.76
TXN05863,2025-07-10,P001,R06,SR006,C116,74,38.18,2825.32
TXN05864,2024-11-18,P001,R01,SR025,C111,161,39.17,6306.37
TXN05865,2025-10-05,P004,R06,SR030,C015,126,45.47,5729.22
TXN05866,2024-10-19,P003,R06,SR006,C001,41,31.48,1290.68
TXN05867,2024-11-10,P004,R02,SR002,C058,99,50.0,4950.0
TXN05868,2024-07-06,P003,R03,SR009,C009,46,33.11,1523.06
TXN05869,2025-10-06,P007,R05,SR029,C093,44,44.26,1947.44
TXN05870,2025-08-09,P002,R04,SR010,C040,88,58.27,5127.76
TXN05871,2024-05-03,P008,R06,SR012,C059,104,30.19,3139.76
TXN05872,2024-08-01,P006,R01,SR001,C027,42,28.24,1186.08
TXN05873,2024-02-20,P003,R04,SR028,C104,66,34.76,2294.16
TXN05874,2025-05-13,P004,R06,SR018,C059,111,47.31,5251.41
TXN05875,2025-03-26,P007,R05,SR023,C084,141,44.78,6313.98
TXN05876,2024-02-22,P007,R05,SR029,C020,91,43.32,3942.12
TXN05877,2025-10-02,P006,R04,SR022,C004,35,30.52,1068.2
TXN05878,2024-10-16,P007,R02,SR002,C026,72,44.19,3181.68
TXN05879,2024-04-19,P002,R01,SR019,C031,117,54.79,6410.43
TXN05880,2024-01-02,P001,R05,SR023,C117,110,40.06,4406.6
TXN05881,2025-10-21,P005,R05,SR017,C115,92,69.01,6348.92
TXN05882,2024-06-01,P005,R01,SR025,C067,107,66.05,7067.35
TXN05883,2024-05-14,P007,R01,SR019,C064,125,44.41,5551.25
TXN05884,2024-05-23,P007,R04,SR028,C029,24,44.33,1063.92
TXN05885,2025-08-06,P002,R01,SR019,C027,57,58.25,3320.25
TXN05886,2024-02-27,P008,R05,SR023,C093,57,33.68,1919.76
TXN05887,2025-06-12,P004,R01,SR025,C043,46,51.25,2357.5
TXN05888,2024-09-11,P007,R01,SR025,C067,81,44.05,3568.05
TXN05889,2024-10-21,P004,R02,SR008,C105,38,47.87,1819.06
TXN05890,2024-08-14,P003,R01,SR007,C057,59,33.73,1990.07
TXN05891,2025-11-26,P005,R01,SR001,C017,38,68.71,2610.98
TXN05892,2025-07-29,P002,R03,SR021,C019,88,56.9,5007.2
TXN05893,2024-07-24,P001,R01,SR013,C094,98,41.95,4111.1
TXN05894,2025-05-15,P005,R02,SR008,C034,54,70.44,3803.76
TXN05895,2025-04-01,P004,R01,SR013,C064,111,45.87,5091.57
TXN05896,2024-03-10,P005,R05,SR017,C083,34,67.31,2288.54
TXN05897,2024-12-24,P002,R01,SR025,C094,77,55.66,4285.82
TXN05898,2024-04-20,P007,R02,SR020,C097,45,44.46,2000.7
TXN05899,2024-03-05,P005,R05,SR023,C073,64,69.89,4472.96
TXN05900,2025-05-07,P006,R04,SR022,C023,142,27.91,3963.22
TXN05901,2025-05-29,P002,R01,SR025,C022,102,53.28,5434.56
TXN05902,2024-11-10,P001,R04,SR010,C004,53,40.04,2122.12
TXN05903,2024-04-22,P005,R04,SR004,C065,44,67.42,2966.48
TXN05904,2025-05-28,P001,R03,SR021,C054,82,39.84,3266.88
TXN05905,2024-03-27,P001,R01,SR001,C031,139,41.28,5737.92
TXN05906,2024-02-29,P008,R02,SR026,C097,21,32.88,690.48
TXN05907,2024-11-04,P001,R01,SR007,C067,117,40.17,4699.89
TXN05908,2025-05-13,P002,R01,SR019,C088,76,58.35,4434.6
TXN05909,2024-04-07,P001,R04,SR004,C091,124,40.33,5000.92
TXN05910,2025-09-14,P005,R05,SR017,C008,35,67.05,2346.75
TXN05911,2025-01-11,P004,R01,SR001,C012,61,47.97,2926.17
TXN05912,2025-04-05,P008,R03,SR021,C006,61,30.16,1839.76
TXN05913,2025-05-02,P002,R06,SR006,C002,129,53.92,6955.68
TXN05914,2025-03-06,P001,R01,SR019,C031,143,41.82,5980.26
TXN05915,2025-12-13,P004,R04,SR022,C104,71,49.0,3479.0
TXN05916,2025-08-12,P007,R01,SR025,C119,29,42.83,1242.07
TXN05917,2025-06-15,P003,R01,SR013,C027,52,36.25,1885.0
TXN05918,2024-12-17,P005,R01,SR007,C060,71,68.95,4895.45
TXN05919,2024-11-22,P008,R02,SR008,C007,70,30.49,2134.3
TXN05920,2025-02-06,P007,R06,SR024,C044,77,42.88,3301.76
TXN05921,2025-07-19,P005,R05,SR005,C020,95,68.32,6490.4
TXN05922,2024-01-16,P008,R01,SR025,C013,110,32.24,3546.4
TXN05923,2024-06-14,P007,R03,SR003,C037,110,41.82,4600.2
TXN05924,2025-09-29,P002,R01,SR025,C088,64,52.82,3380.48
TXN05925,2025-04-12,P003,R03,SR027,C018,67,34.54,2314.18
TXN05926,2025-11-25,P002,R02,SR020,C090,70,53.98,3778.6
TXN05927,2025-10-06,P007,R04,SR010,C091,66,42.96,2835.36
TXN05928,2024-03-21,P004,R02,SR026,C071,59,47.77,2818.43
TXN05929,2024-07-09,P007,R03,SR003,C003,81,43.44,3518.64
TXN05930,2024-08-22,P007,R04,SR016,C004,38,42.12,1600.56
TXN05931,2024-06-30,P006,R05,SR023,C028,98,28.32,2775.36
TXN05932,2025-03-15,P005,R05,SR017,C081,110,70.21,7723.1
TXN05933,2024-07-28,P007,R01,SR019,C017,45,44.37,1996.65
TXN05934,2025-11-11,P001,R01,SR025,C012,66,41.89,2764.74
TXN05935,2025-01-08,P007,R06,SR012,C047,36,40.83,1469.88
TXN05936,2025-08-15,P004,R02,SR014,C069,52,50.11,2605.72
TXN05937,2024-08-07,P001,R06,SR012,C001,76,38.3,2910.8
TXN05938,2025-04-08,P002,R01,SR019,C022,137,55.08,7545.96
TXN05939,2025-07-05,P003,R02,SR002,C033,180,35.47,6384.6
TXN05940,2024-12-27,P007,R04,SR028,C023,125,43.8,5475.0
TXN05941,2025-07-10,P003,R06,SR018,C035,91,35.43,3224.13
TXN05942,2024-09-24,P003,R05,SR023,C093,82,34.5,2829.0
TXN05943,2024-10-31,P001,R01,SR025,C031,112,42.95,4810.4
TXN05944,2025-09-28,P002,R06,SR006,C079,126,56.83,7160.58
TXN05945,2024-09-02,P005,R03,SR009,C011,51,65.33,3331.83
TXN05946,2025-10-18,P003,R05,SR005,C063,63,34.55,2176.65
TXN05947,2025-11-20,P001,R03,SR009,C053,79,41.15,3250.85
TXN05948,2025-07-07,P002,R02,SR014,C092,51,53.98,2752.98
TXN05949,2025-01-08,P001,R01,SR025,C060,125,38.93,4866.25
TXN05950,2024-06-18,P002,R04,SR028,C004,50,55.93,2796.5
TXN05951,2024-06-13,P002,R06,SR024,C002,87,51.09,4444.83
TXN05952,2024-02-26,P004,R02,SR026,C090,61,48.54,2960.94
TXN05953,2025-09-23,P001,R01,SR019,C094,86,38.31,3294.66
TXN05954,2025-01-23,P005,R05,SR005,C073,51,69.81,3560.31
TXN05955,2025-07-02,P004,R05,SR005,C114,36,48.46,1744.56
TXN05956,2025-12-11,P007,R05,SR011,C073,64,43.86,2807.04
TXN05957,2025-08-13,P001,R04,SR004,C005,66,41.27,2723.82
TXN05958,2025-08-07,P006,R06,SR006,C016,109,27.63,3011.67
TXN05959,2024-08-08,P006,R02,SR008,C049,90,28.7,2583.0
TXN05960,2025-09-18,P002,R06,SR024,C001,52,59.36,3086.72
TXN05961,2025-07-09,P008,R02,SR020,C026,48,31.43,1508.64
TXN05962,2025-03-16,P004,R04,SR028,C039,97,49.93,4843.21
TXN05963,2025-09-14,P001,R02,SR008,C075,148,41.73,6176.04
TXN05964,2024-08-25,P004,R01,SR025,C094,53,51.53,2731.09
TXN05965,2024-07-09,P002,R02,SR026,C026,72,55.01,3960.72
TXN05966,2025-04-02,P001,R02,SR020,C042,161,40.58,6533.38
TXN05967,2025-04-22,P001,R06,SR018,C079,129,39.35,5076.15
TXN05968,2025-02-03,P008,R02,SR026,C026,57,32.55,1855.35
TXN05969,2024-06-20,P006,R02,SR014,C101,70,30.48,2133.6
TXN05970,2024-09-26,P006,R02,SR026,C071,69,31.05,2142.45
TXN05971,2024-06-06,P001,R04,SR010,C100,82,39.2,3214.4
TXN05972,2024-09-24,P004,R06,SR012,C110,57,47.91,2730.87
TXN05973,2025-06-30,P006,R02,SR008,C049,88,28.18,2479.84
TXN05974,2024-06-13,P007,R01,SR001,C111,129,42.21,5445.09
TXN05975,2025-10-01,P007,R02,SR002,C042,116,42.51,4931.16
TXN05976,2024-07-13,P008,R03,SR003,C019,60,32.04,1922.4
TXN05977,2024-08-24,P002,R05,SR023,C038,76,56.33,4281.08
TXN05978,2025-04-04,P008,R01,SR025,C057,57,31.53,1797.21
TXN05979,2024-05-19,P002,R02,SR002,C042,153,56.87,8701.11
TXN05980,2024-06-22,P007,R03,SR015,C109,44,43.4,1909.6
TXN05981,2025-07-06,P002,R05,SR005,C114,48,55.68,2672.64
TXN05982,2025-07-10,P001,R06,SR030,C044,98,40.85,4003.3
TXN05983,2025-03-27,P002,R02,SR026,C034,104,53.11,5523.44
TXN05984,2024-04-12,P002,R01,SR001,C094,71,59.65,4235.15
TXN05985,2025-12-02,P008,R02,SR026,C069,38,32.79,1246.02
TXN05986,2024-05-13,P008,R02,SR002,C108,57,31.77,1810.89
TXN05987,2024-12-01,P003,R05,SR023,C073,65,36.24,2355.6
TXN05988,2025-06-01,P007,R02,SR014,C007,133,44.3,5891.9
TXN05989,2024-10-20,P004,R04,SR022,C039,84,45.91,3856.44
TXN05990,2025-06-03,P003,R01,SR013,C111,143,35.49,5075.07
TXN05991,2025-03-24,P003,R05,SR011,C073,90,34.4,3096.0
TXN05992,2024-02-10,P003,R05,SR005,C093,64,33.41,2138.24
TXN05993,2024-10-17,P003,R06,SR018,C087,62,33.84,2098.08
TXN05994,2025-03-23,P005,R01,SR013,C094,61,70.05,4273.05
TXN05995,2024-08-22,P002,R04,SR010,C091,100,53.35,5335.0
TXN05996,2024-04-12,P003,R01,SR025,C031,95,35.49,3371.55
TXN05997,2025-01-15,P008,R01,SR013,C017,31,32.5,1007.5
TXN05998,2024-03-12,P001,R03,SR027,C018,92,37.75,3473.0
TXN05999,2024-01-19,P005,R03,SR027,C054,56,65.55,3670.8
TXN06000,2024-05-01,P005,R01,SR001,C043,43,62.84,2702.12
TXN06001,2025-05-11,P001,R05,SR023,C114,95,41.04,3898.8
TXN06002,2024-05-14,P008,R04,SR022,C010,109,31.06,3385.54
TXN06003,2025-04-19,P003,R02,SR026,C042,144,32.66,4703.04
TXN06004,2024-04-07,P005,R01,SR007,C060,77,71.22,5483.94
TXN06005,2024-03-21,P002,R02,SR014,C078,148,55.49,8212.52
TXN06006,2024-05-30,P007,R03,SR027,C024,57,42.69,2433.33
TXN06007,2025-12-21,P001,R02,SR002,C042,184,40.62,7474.08
TXN06008,2025-03-15,P003,R02,SR008,C108,72,33.89,2440.08
TXN06009,2024-12-25,P001,R01,SR007,C064,85,40.6,3451.0
TXN06010,2024-11-12,P003,R04,SR028,C104,64,36.19,2316.16
TXN06011,2024-03-27,P003,R01,SR025,C022,91,33.45,3043.95
TXN06012,2024-01-21,P002,R05,SR005,C073,76,55.5,4218.0
TXN06013,2024-09-03,P001,R05,SR029,C081,150,39.95,5992.5
TXN06014,2025-01-03,P007,R01,SR025,C027,39,43.27,1687.53
TXN06015,2025-09-29,P005,R04,SR010,C065,40,68.61,2744.4
TXN06016,2025-03-07,P005,R03,SR009,C006,33,68.98,2276.34
TXN06017,2025-07-08,P007,R04,SR028,C039,114,46.52,5303.28
TXN06018,2024-12-02,P006,R06,SR030,C016,84,30.73,2581.32
TXN06019,2025-04-20,P004,R03,SR021,C025,48,47.46,2278.08
TXN06020,2025-11-09,P002,R06,SR024,C016,85,55.48,4715.8
TXN06021,2024-05-13,P002,R01,SR025,C017,52,52.87,2749.24
TXN06022,2024-08-23,P005,R04,SR010,C065,34,70.07,2382.38
TXN06023,2025-01-08,P007,R01,SR019,C022,101,45.02,4547.02
TXN06024,2025-04-19,P004,R02,SR002,C033,182,52.88,9624.16
TXN06025,2025-01-14,P001,R06,SR006,C062,69,38.48,2655.12
TXN06026,2025-11-07,P008,R03,SR003,C052,39,29.27,1141.53
TXN06027,2024-02-02,P001,R02,SR008,C090,52,40.85,2124.2
TXN06028,2025-10-06,P001,R03,SR027,C006,80,41.81,3344.8
TXN06029,2025-02-20,P004,R04,SR010,C104,65,49.03,3186.95
TXN06030,2024-09-26,P004,R01,SR013,C067,119,49.12,5845.28
TXN06031,2024-10-31,P005,R03,SR021,C003,74,71.27,5273.98
TXN06032,2024-05-08,P006,R06,SR006,C118,53,30.39,1610.67
TXN06033,2024-03-19,P007,R01,SR013,C055,60,42.93,2575.8
TXN06034,2024-03-21,P007,R02,SR020,C101,89,40.68,3620.52
TXN06035,2025-05-08,P002,R02,SR008,C090,56,58.25,3262.0
TXN06036,2025-11-15,P006,R02,SR014,C036,44,28.84,1268.96
TXN06037,2024-08-27,P005,R03,SR003,C006,83,66.82,5546.06
TXN06038,2025-08-28,P001,R02,SR014,C101,127,41.62,5285.74
TXN06039,2025-04-17,P001,R06,SR024,C116,60,39.71,2382.6
TXN06040,2025-06-26,P003,R05,SR005,C112,70,33.88,2371.6
TXN06041,2024-06-03,P001,R05,SR005,C038,71,39.84,2828.64
TXN06042,2025-06-05,P003,R06,SR006,C116,59,32.63,1925.17
TXN06043,2024-12-04,P008,R03,SR009,C053,49,33.56,1644.44
TXN06044,2024-03-23,P001,R02,SR008,C033,173,40.35,6980.55
TXN06045,2025-06-25,P008,R01,SR025,C017,38,31.7,1204.6
TXN06046,2025-02-04,P005,R05,SR023,C020,95,67.85,6445.75
TXN06047,2024-10-07,P005,R05,SR017,C096,36,68.15,2453.4
TXN06048,2024-03-05,P006,R02,SR020,C034,64,29.54,1890.56
TXN06049,2025-05-27,P004,R05,SR011,C008,53,46.69,2474.57
TXN06050,2025-01-20,P001,R06,SR024,C079,108,40.52,4376.16
TXN06051,2025-11-28,P006,R02,SR020,C026,65,31.08,2020.2
TXN06052,2024-09-12,P006,R06,SR006,C110,71,28.32,2010.72
TXN06053,2025-02-19,P001,R01,SR001,C064,128,38.09,4875.52
TXN06054,2025-08-25,P003,R05,SR011,C107,129,33.32,4298.28
TXN06055,2024-01-20,P008,R02,SR020,C026,42,32.13,1349.46
TXN06056,2025-06-21,P008,R06,SR030,C076,47,33.38,1568.86
TXN06057,2024-11-10,P004,R02,SR002,C078,138,49.03,6766.14
TXN06058,2024-11-19,P004,R01,SR019,C111,134,48.21,6460.14
TXN06059,2024-05-29,P001,R06,SR024,C098,133,39.16,5208.28
TXN06060,2025-01-14,P002,R06,SR030,C035,117,53.45,6253.65
TXN06061,2025-12-25,P001,R06,SR024,C062,63,40.36,2542.68
TXN06062,2025-09-17,P001,R01,SR001,C119,32,39.85,1275.2
TXN06063,2024-01-14,P006,R05,SR011,C083,54,29.13,1573.02
TXN06064,2025-07-13,P001,R03,SR021,C024,68,40.72,2768.96
TXN06065,2025-09-04,P005,R04,SR004,C070,105,66.56,6988.8
TXN06066,2024-03-05,P003,R03,SR015,C053,52,34.75,1807.0
TXN06067,2025-03-23,P005,R03,SR027,C025,26,68.86,1790.36
TXN06068,2024-04-11,P008,R04,SR004,C029,30,32.74,982.2
TXN06069,2024-12-05,P002,R02,SR014,C101,83,55.81,4632.23
TXN06070,2025-09-12,P008,R04,SR004,C100,29,29.5,855.5
TXN06071,2024-09-08,P002,R06,SR030,C002,104,53.5,5564.0
TXN06072,2024-05-03,P001,R01,SR019,C013,211,42.51,8969.61
TXN06073,2025-10-28,P001,R01,SR019,C064,118,40.77,4810.86
TXN06074,2024-01-16,P002,R02,SR008,C034,59,53.78,3173.02
TXN06075,2024-11-26,P001,R01,SR013,C111,166,39.31,6525.46
TXN06076,2025-08-02,P001,R03,SR009,C009,46,39.58,1820.68
TXN06077,2024-09-17,P002,R02,SR008,C108,58,56.07,3252.06
TXN06078,2024-07-24,P003,R01,SR013,C088,71,34.99,2484.29
TXN06079,2024-08-31,P005,R04,SR010,C070,101,64.93,6557.93
TXN06080,2025-02-17,P004,R01,SR013,C017,45,49.12,2210.4
TXN06081,2025-10-21,P006,R06,SR018,C002,59,29.26,1726.34
TXN06082,2024-12-21,P002,R02,SR008,C105,41,51.46,2109.86
TXN06083,2025-08-10,P003,R02,SR020,C108,67,34.75,2328.25
TXN06084,2025-11-21,P007,R06,SR024,C076,42,43.18,1813.56
TXN06085,2025-12-02,P003,R01,SR007,C017,41,33.08,1356.28
TXN06086,2025-07-09,P001,R05,SR023,C068,77,40.14,3090.78
TXN06087,2024-01-02,P001,R02,SR002,C105,73,42.53,3104.69
TXN06088,2025-01-07,P003,R03,SR003,C014,120,33.95,4074.0
TXN06089,2024-01-13,P008,R01,SR013,C022,66,31.21,2059.86
TXN06090,2025-06-01,P001,R01,SR013,C064,133,36.77,4890.41
TXN06091,2024-04-08,P004,R03,SR009,C053,63,50.11,3156.93
TXN06092,2024-08-30,P008,R01,SR007,C094,46,31.77,1461.42
TXN06093,2024-04-08,P004,R06,SR006,C113,76,52.53,3992.28
TXN06094,2024-01-18,P006,R02,SR026,C033,131,30.29,3967.99
TXN06095,2024-09-16,P007,R04,SR004,C039,75,43.56,3267.0
TXN06096,2024-04-06,P002,R04,SR028,C010,159,53.3,8474.7
TXN06097,2025-10-06,P001,R01,SR001,C055,64,40.57,2596.48
TXN06098,2024-06-22,P006,R01,SR019,C043,52,28.61,1487.72
TXN06099,2024-10-29,P007,R01,SR013,C017,35,42.27,1479.45
TXN06100,2025-02-19,P008,R01,SR025,C012,44,30.04,1321.76
TXN06101,2024-12-24,P007,R06,SR024,C066,86,44.67,3841.62
TXN06102,2024-07-11,P001,R06,SR030,C116,45,41.29,1858.05
TXN06103,2025-04-26,P007,R04,SR004,C029,37,42.87,1586.19
TXN06104,2024-10-18,P004,R05,SR011,C038,61,48.15,2937.15
TXN06105,2024-11-17,P006,R04,SR016,C065,48,29.89,1434.72
TXN06106,2025-11-18,P007,R01,SR019,C067,134,41.93,5618.62
TXN06107,2025-10-11,P008,R02,SR020,C058,69,31.92,2202.48
TXN06108,2025-03-05,P007,R01,SR001,C067,133,45.59,6063.47
TXN06109,2025-02-26,P003,R03,SR015,C041,35,34.4,1204.0
TXN06110,2025-01-24,P008,R01,SR007,C055,33,31.3,1032.9
TXN06111,2024-03-16,P003,R01,SR007,C094,54,32.41,1750.14
TXN06112,2024-03-05,P007,R02,SR008,C007,110,41.15,4526.5
TXN06113,2025-06-02,P007,R01,SR007,C119,34,43.07,1464.38
TXN06114,2025-02-28,P008,R02,SR026,C036,41,32.18,1319.38
TXN06115,2024-09-24,P006,R01,SR001,C043,40,27.37,1094.8
TXN06116,2025-11-23,P005,R05,SR011,C008,44,67.42,2966.48
TXN06117,2025-12-28,P002,R06,SR030,C098,111,52.33,5808.63
TXN06118,2024-03-11,P001,R01,SR001,C017,74,41.58,3076.92
TXN06119,2025-03-16,P001,R04,SR022,C080,219,38.75,8486.25
TXN06120,2024-04-01,P004,R02,SR002,C078,140,48.29,6760.6
TXN06121,2025-09-29,P006,R02,SR014,C026,60,28.22,1693.2
TXN06122,2025-05-27,P008,R02,SR020,C108,61,31.67,1931.87
TXN06123,2024-02-20,P005,R01,SR001,C031,56,67.54,3782.24
TXN06124,2024-10-30,P002,R04,SR022,C005,84,54.81,4604.04
TXN06125,2024-06-08,P005,R04,SR028,C040,77,66.47,5118.19
TXN06126,2024-11-09,P003,R04,SR022,C023,119,34.31,4082.89
TXN06127,2025-11-17,P006,R02,SR026,C097,31,27.9,864.9
TXN06128,2025-02-24,P003,R05,SR005,C081,144,36.57,5266.08
TXN06129,2024-06-25,P001,R01,SR019,C055,99,40.88,4047.12
TXN06130,2025-05-24,P005,R01,SR025,C031,74,69.95,5176.3
TXN06131,2024-06-05,P002,R03,SR009,C025,30,55.69,1670.7
TXN06132,2025-08-17,P002,R05,SR005,C020,112,51.82,5803.84
TXN06133,2025-03-13,P008,R03,SR003,C053,60,32.67,1960.2
TXN06134,2025-11-03,P007,R03,SR021,C037,91,41.79,3802.89
TXN06135,2024-03-22,P003,R05,SR017,C117,75,33.56,2517.0
TXN06136,2025-10-23,P006,R02,SR020,C036,57,29.46,1679.22
TXN06137,2025-08-24,P001,R03,SR027,C052,53,38.95,2064.35
TXN06138,2025-10-10,P001,R01,SR007,C043,34,40.37,1372.58
TXN06139,2024-11-09,P003,R99,SR030,C051,50,34.84,1742.0
TXN06140,2025-03-30,P005,R02,SR026,C049,106,68.02,7210.12
TXN06141,2025-11-19,P002,R02,SR008,C058,77,54.05,4161.85
TXN06142,2025-06-12,P004,R01,SR001,C055,59,53.15,3135.85
TXN06143,2024-03-22,P003,R06,SR018,C050,34,33.21,1129.14
TXN06144,2024-07-24,P004,R01,SR001,C067,118,47.84,5645.12
TXN06145,2025-05-26,P005,R02,SR002,C090,59,66.46,3921.14
TXN06146,2024-02-22,P008,R01,SR007,C055,44,33.05,1454.2
TXN06147,2025-07-17,P004,R02,SR002,C069,64,46.65,2985.6
TXN06148,2024-08-12,P005,R02,SR008,C101,75,66.22,4966.5
TXN06149,2025-05-04,P008,R01,SR007,C055,43,31.2,1341.6
TXN06150,2025-04-17,P001,R02,SR026,C036,56,40.15,2248.4
TXN06151,2025-04-11,P006,R05,SR005,C114,39,30.41,1185.99
TXN06152,2025-12-27,P006,R05,SR017,C093,59,27.25,1607.75
TXN06153,2025-03-14,P005,R01,SR013,C119,31,67.6,2095.6
TXN06154,2024-10-21,P008,R06,SR012,C050,19,32.66,620.54
TXN06155,2024-09-14,P003,R05,SR011,C115,151,33.41,5044.91
TXN06156,2025-01-01,P005,R01,SR019,C067,108,70.29,7591.32
TXN06157,2024-04-15,P001,R04,SR004,C103,115,38.94,4478.1
TXN06158,2025-12-31,P002,R01,SR013,C088,76,55.44,4213.44
TXN06159,2024-10-07,P008,R02,SR002,C034,56,30.93,1732.08
TXN06160,2024-10-15,P001,R06,SR012,C074,62,40.76,2527.12
TXN06161,2025-01-08,P006,R02,SR008,C049,79,29.92,2363.68
TXN06162,2024-07-28,P001,R02,SR002,C033,211,41.72,8802.92
TXN06163,2024-11-24,P004,R04,SR028,C005,68,47.82,3251.76
TXN06164,2024-12-27,P002,R01,SR025,C055,71,58.87,4179.77
TXN06165,2024-07-10,P001,R05,SR011,C115,196,38.11,7469.56
TXN06166,2025-11-20,P004,R01,SR001,C012,62,46.48,2881.76
TXN06167,2025-05-09,P002,R01,SR025,C064,124,54.19,6719.56
TXN06168,2024-09-02,P003,R03,SR009,C014,71,34.45,2445.95
TXN06169,2025-12-26,P005,R04,SR016,C023,118,65.71,7753.78
TXN06170,2024-05-09,P007,R06,SR024,C074,47,43.41,2040.27
TXN06171,2025-06-24,P003,R06,SR030,C021,52,32.73,1701.96
TXN06172,2025-01-13,P002,R02,SR008,C075,158,54.59,8625.22
TXN06173,2025-05-15,P007,R02,SR014,C026,72,40.61,2923.92
TXN06174,2024-02-26,P006,R04,SR004,C095,57,28.54,1626.78
TXN06175,2024-08-19,P008,R01,SR001,C111,94,30.65,2881.1
TXN06176,2024-10-12,P004,R04,SR028,C102,76,49.04,3727.04
TXN06177,2024-03-27,P007,R01,SR013,C111,131,42.92,5622.52
TXN06178,2024-10-29,P001,R02,SR008,C049,97,40.31,3910.07
TXN06179,2025-09-07,P003,R04,SR010,C005,66,33.51,2211.66
TXN06180,2025-01-11,P002,R01,SR013,C031,115,56.81,6533.15
TXN06181,2024-02-26,P001,R02,SR020,C042,130,40.76,5298.8
TXN06182,2024-07-06,P006,R02,SR026,C036,39,29.55,1152.45
TXN06183,2025-12-29,P006,R03,SR027,C072,49,30.47,1493.03
TXN06184,2024-02-20,P007,R01,SR007,C094,52,44.07,2291.64
TXN06185,2024-02-21,P002,R02,SR002,C108,89,54.61,4860.29
TXN06186,2025-11-02,P002,R02,SR008,C108,56,54.44,3048.64
TXN06187,2025-05-16,P002,R01,SR013,C119,47,56.78,2668.66
TXN06188,2024-06-29,P004,R02,SR014,C007,118,47.16,5564.88
TXN06189,2024-01-07,P006,R02,SR008,C034,47,30.06,1412.82
TXN06190,2024-12-07,P003,R01,SR007,C057,59,33.83,1995.97
TXN06191,2025-08-21,P006,R05,SR017,C114,46,28.42,1307.32
TXN06192,2025-01-08,P001,R01,SR025,C088,79,38.79,3064.41
TXN06193,2024-06-09,P006,R01,SR025,C088,46,28.57,1314.22
TXN06194,2025-05-11,P001,R02,SR002,C049,206,38.49,7928.94
TXN06195,2024-02-02,P001,R01,SR013,C119,41,41.52,1702.32
TXN06196,2024-11-11,P003,R02,SR020,C026,40,32.26,1290.4
TXN06197,2024-12-30,P002,R03,SR003,C018,88,57.2,5033.6
TXN06198,2025-11-08,P005,R02,SR014,C026,41,65.52,2686.32
TXN06199,2024-10-31,P006,R01,SR019,C094,56,29.54,1654.24
TXN06200,2024-08-19,P002,R04,SR022,C080,169,56.1,9480.9
TXN06201,2024-01-02,P008,R04,SR004,C104,52,31.51,1638.52
TXN06202,2025-04-07,P008,R03,SR009,C025,24,32.53,780.72
TXN06203,2024-05-21,P002,R03,SR015,C025,38,56.32,2140.16
TXN06204,2025-09-05,P005,R01,SR025,C027,28,68.17,1908.76
TXN06205,2024-11-19,P003,R06,SR012,C051,49,33.27,1630.23
TXN06206,2025-03-01,P002,R02,SR014,C049,111,58.81,6527.91
TXN06207,2025-09-01,P003,R02,SR002,C033,186,34.17,6355.62
TXN06208,2024-09-23,P003,R04,SR010,C100,52,34.73,1805.96
TXN06209,2025-03-08,P001,R05,SR029,C093,91,40.41,3677.31
TXN06210,2024-11-27,P002,R01,SR013,C013,150,56.52,8478.0
TXN06211,2025-07-19,P004,R02,SR008,C036,51,49.32,2515.32
TXN06212,2024-08-14,P008,R03,SR027,C041,50,30.74,1537.0
TXN06213,2025-08-17,P006,R01,SR001,C119,22,27.87,613.14
TXN06214,2024-12-25,P001,R05,SR029,C032,109,39.98,4357.82
TXN06215,2024-06-22,P005,R02,SR020,C075,96,71.07,6822.72
TXN06216,2025-02-04,P002,R01,SR025,C013,151,53.0,8003.0
TXN06217,2025-01-11,P002,R02,SR026,C105,50,52.23,2611.5
TXN06218,2024-12-11,P001,R04,SR022,C040,120,39.62,4754.4
TXN06219,2025-04-26,P008,R02,SR026,C092,38,33.18,1260.84
TXN06220,2024-06-21,P006,R05,SR005,C081,121,29.6,3581.6
TXN06221,2025-01-09,P002,R05,SR005,C084,143,53.14,7599.02
TXN06222,2025-02-13,P003,R03,SR015,C024,28,33.6,940.8
TXN06223,2024-10-26,P001,R02,SR008,C071,71,38.3,2719.3
TXN06224,2024-02-10,P005,R01,SR007,C064,83,65.72,5454.76
TXN06225,2025-06-28,P003,R01,SR025,C013,164,32.61,5348.04
TXN06226,2024-04-01,P001,R06,SR030,C061,120,38.42,4610.4
TXN06227,2025-03-27,P001,R03,SR003,C025,56,40.55,2270.8
TXN06228,2025-04-01,P002,R06,SR012,C118,62,57.05,3537.1
TXN06229,2024-11-30,P002,R01,SR019,C022,119,52.88,6292.72
TXN06230,2025-11-02,P008,R03,SR027,C052,33,31.67,1045.11
TXN06231,2024-06-12,P004,R01,SR001,C022,81,49.65,4021.65
TXN06232,2024-12-14,P004,R06,SR030,C016,97,50.28,4877.16
TXN06233,2024-05-10,P006,R01,SR007,C111,101,28.46,2874.46
TXN06234,2024-04-25,P003,R02,SR008,C049,76,33.35,2534.6
TXN06235,2025-10-23,P003,R01,SR013,C088,54,32.95,1779.3
TXN06236,2025-03-26,P001,R02,SR026,C069,83,41.14,3414.62
TXN06237,2024-05-19,P003,R02,SR002,C078,203,35.29,7163.87
TXN06238,2025-06-29,P006,R02,SR002,C071,84,29.97,2517.48
TXN06239,2024-03-21,P001,R04,SR016,C070,183,40.26,7367.58
TXN06240,2025-02-23,P006,R05,SR011,C073,66,28.72,1895.52
TXN06241,2024-12-04,P003,R01,SR013,C055,66,34.73,2292.18
TXN06242,2025-12-01,P001,R06,SR006,C059,197,41.66,8207.02
TXN06243,2025-01-30,P006,R01,SR019,C055,56,30.35,1699.6
TXN06244,2025-11-24,P001,R02,SR008,C108,72,40.37,2906.64
TXN06245,2025-01-29,P002,R03,SR009,C109,38,54.26,2061.88
TXN06246,2024-07-09,P001,R01,SR019,C119,53,40.07,2123.71
TXN06247,2024-11-23,P004,R05,SR029,C056,41,50.42,2067.22
TXN06248,2025-03-08,P002,R06,SR030,C001,61,58.86,3590.46
TXN06249,2025-05-04,P005,R01,SR025,C043,34,68.67,2334.78
TXN06250,2025-05-08,P003,R04,SR016,C070,148,33.29,4926.92
TXN06251,2025-06-20,P003,R03,SR015,C072,33,34.56,1140.48
TXN06252,2025-08-16,P005,R02,SR002,C092,51,66.76,3404.76
TXN06253,2025-12-10,P002,R01,SR001,C067,148,56.13,8307.24
TXN06254,2025-10-02,P003,R03,SR003,C014,99,33.28,3294.72
TXN06255,2025-12-10,P003,R01,SR013,C067,150,34.66,5199.0
TXN06256,2024-09-18,P001,R03,SR003,C054,92,41.3,3799.6
TXN06257,2024-09-07,P005,R04,SR028,C039,82,69.8,5723.6
TXN06258,2024-03-05,P001,R04,SR028,C039,147,41.86,6153.42
TXN06259,2025-01-03,P002,R04,SR028,C040,93,54.58,5075.94
TXN06260,2024-09-03,P001,R02,SR002,C042,159,40.06,6369.54
TXN06261,2024-09-09,P002,R06,SR018,C045,93,56.98,5299.14
TXN06262,2024-07-04,P001,R01,SR025,C027,64,37.19,2380.16
TXN06263,2025-06-24,P002,R01,SR019,C012,92,51.99,4783.08
TXN06264,2024-02-11,P001,R03,SR003,C109,65,40.68,2644.2
TXN06265,2025-04-18,P005,R04,SR028,C048,63,63.71,4013.73
TXN06266,2025-06-12,P001,R02,SR008,C042,128,39.15,5011.2
TXN06267,2025-03-01,P006,R01,SR007,C094,45,28.45,1280.25
TXN06268,2025-07-03,P005,R06,SR018,C110,46,65.76,3024.96
TXN06269,2024-07-08,P003,R05,SR011,C114,41,35.54,1457.14
TXN06270,2025-05-13,P002,R01,SR013,C013,173,54.02,9345.46
TXN06271,2024-09-10,P006,R01,SR001,C119,32,28.94,926.08
TXN06272,2024-07-08,P003,R01,SR025,C055,43,33.44,1437.92
TXN06273,2024-03-12,P004,R05,SR011,C073,78,48.06,3748.68
TXN06274,2024-10-31,P001,R02,SR002,C092,60,40.38,2422.8
TXN06275,2025-09-26,P001,R03,SR027,C041,71,39.82,2827.22
TXN06276,2024-12-01,P006,R02,SR026,C071,51,29.69,1514.19
TXN06277,2025-04-29,P008,R01,SR001,C012,47,33.86,1591.42
TXN06278,2024-08-22,P004,R01,SR013,C060,91,48.73,4434.43
TXN06279,2025-08-27,P002,R03,SR027,C041,69,53.75,3708.75
TXN06280,2024-05-27,P007,R06,SR012,C098,100,43.51,4351.0
TXN06281,2024-06-07,P006,R06,SR030,C062,50,27.92,1396.0
TXN06282,2025-06-28,P004,R04,SR022,C070,134,50.45,6760.3
TXN06283,2024-10-06,P001,R04,SR022,C010,164,39.67,6505.88
TXN06284,2024-03-03,P001,R01,SR007,C027,60,40.14,2408.4
TXN06285,2025-10-03,P002,R02,SR026,C042,118,57.77,6816.86
TXN06286,2025-09-27,P005,R05,SR011,C038,36,69.66,2507.76
TXN06287,2024-05-12,P002,R01,SR013,C067,154,54.69,8422.26
TXN06288,2025-01-05,P004,R02,SR026,C042,115,48.3,5554.5
TXN06289,2025-01-22,P001,R05,SR017,C032,133,39.87,5302.71
TXN06290,2024-02-13,P004,R01,SR007,C119,22,48.88,1075.36
TXN06291,2024-08-06,P006,R06,SR006,C001,56,28.96,1621.76
TXN06292,2024-11-21,P003,R01,SR007,C067,103,34.05,3507.15
TXN06293,2024-02-15,P008,R01,SR013,C119,34,31.34,1065.56
TXN06294,2025-08-01,P008,R02,SR008,C026,47,31.86,1497.42
TXN06295,2025-04-18,P007,R05,SR011,C114,56,42.0,2352.0
TXN06296,2024-10-20,P007,R03,SR027,C109,39,44.75,1745.25
TXN06297,2024-01-02,P004,R01,SR007,C022,81,50.14,4061.34
TXN06298,2025-02-02,P004,R01,SR019,C067,141,48.21,6797.61
TXN06299,2025-02-25,P006,R05,SR005,C093,52,31.04,1614.08
TXN06300,2024-06-30,P007,R03,SR015,C019,45,42.55,1914.75
TXN06301,2024-10-18,P004,R04,SR022,C080,123,47.59,5853.57
TXN06302,2024-12-12,P007,R01,SR007,C067,97,41.24,4000.28
TXN06303,2024-02-17,P003,R03,SR003,C109,48,34.17,1640.16
TXN06304,2024-12-08,P004,R05,SR023,C107,110,49.7,5467.0
TXN06305,2024-10-14,P005,R02,SR008,C033,83,64.84,5381.72
TXN06306,2025-02-09,P004,R03,SR021,C082,84,46.95,3943.8
TXN06307,2025-09-05,P005,R01,SR007,C043,27,68.12,1839.24
TXN06308,2024-03-22,P004,R03,SR027,C019,92,52.31,4812.52
TXN06309,2025-10-09,P001,R05,SR029,C063,60,40.79,2447.4
TXN06310,2024-10-02,P002,R01,SR007,C055,56,56.43,3160.08
TXN06311,2025-05-25,P007,R02,SR026,C007,151,43.69,6597.19
TXN06312,2025-04-29,P007,R05,SR005,C020,100,45.0,4500.0
TXN06313,2024-05-21,P008,R01,SR013,C043,44,32.07,1411.08
TXN06314,2025-03-27,P002,R05,SR011,C107,127,50.33,6391.91
TXN06315,2024-12-24,P002,R03,SR021,C009,58,55.81,3236.98
TXN06316,2024-10-31,P001,R01,SR025,C013,171,39.75,6797.25
TXN06317,2025-03-15,P003,R03,SR015,C054,47,33.15,1558.05
TXN06318,2025-10-05,P003,R05,SR029,C115,96,35.0,3360.0
TXN06319,2025-06-01,P008,R01,SR013,C067,102,33.61,3428.22
TXN06320,2024-06-02,P002,R06,SR018,C110,52,52.03,2705.56
TXN06321,2024-05-27,P006,R06,SR012,C116,48,29.66,1423.68
TXN06322,2025-04-22,P004,R05,SR005,C073,59,48.85,2882.15
TXN06323,2025-05-17,P007,R05,SR011,C063,96,43.77,4201.92
TXN06324,2025-06-07,P007,R03,SR027,C003,101,43.04,4347.04
TXN06325,2025-04-12,P008,R01,SR001,C013,99,29.21,2891.79
TXN06326,2024-08-25,P005,R01,SR007,C057,48,67.74,3251.52
TXN06327,2025-07-16,P001,R04,SR010,C103,112,40.93,4584.16
TXN06328,2025-03-18,P001,R03,SR009,C052,58,40.51,2349.58
TXN06329,2024-06-15,P005,R05,SR005,C073,63,64.97,4093.11
TXN06330,2024-10-31,P002,R01,SR001,C094,67,57.48,3851.16
TXN06331,2025-12-24,P007,R01,SR001,C022,91,42.45,3862.95
TXN06332,2024-04-25,P004,R01,SR025,C067,131,47.77,6257.87
TXN06333,2025-06-24,P007,R01,SR025,C012,48,42.6,2044.8
TXN06334,2024-09-13,P001,R03,SR015,C009,39,40.87,1593.93
TXN06335,2024-09-23,P007,R03,SR021,C053,62,42.9,2659.8
TXN06336,2024-06-02,P004,R02,SR026,C049,107,45.32,4849.24
TXN06337,2025-03-07,P006,R01,SR019,C111,152,28.95,4400.4
TXN06338,2025-05-26,P006,R05,SR017,C081,100,29.54,2954.0
TXN06339,2024-04-23,P002,R03,SR003,C019,114,48.47,5525.58
TXN06340,2024-03-28,P008,R05,SR011,C081,110,33.07,3637.7
TXN06341,2025-07-29,P005,R01,SR019,C022,99,64.84,6419.16
TXN06342,2024-12-07,P007,R01,SR007,C064,65,41.49,2696.85
TXN06343,2024-07-05,P006,R02,SR002,C105,48,29.32,1407.36
TXN06344,2025-08-03,P001,R01,SR019,C094,100,38.06,3806.0
TXN06345,2025-08-11,P005,R05,SR017,C093,44,69.43,3054.92
TXN06346,2024-01-21,P004,R01,SR019,C017,62,51.05,3165.1
TXN06347,2025-02-11,P003,R05,SR029,C083,39,33.1,1290.9
TXN06348,2025-06-19,P007,R02,SR026,C090,55,42.66,2346.3
TXN06349,2024-11-07,P002,R01,SR019,C111,158,54.57,8622.06
TXN06350,2024-01-29,P003,R04,SR016,C046,41,33.72,1382.52
TXN06351,2024-08-05,P005,R01,SR001,C013,110,65.72,7229.2
TXN06352,2025-03-22,P005,R01,SR001,C064,90,69.99,6299.1
TXN06353,2025-09-20,P006,R05,SR017,C083,34,29.93,1017.62
TXN06354,2024-12-17,P007,R04,SR004,C102,80,44.51,3560.8
TXN06355,2024-12-15,P001,R01,SR025,C012,78,40.61,3167.58
TXN06356,2024-02-15,P001,R04,SR028,C023,178,39.51,7032.78
TXN06357,2025-08-07,P007,R02,SR008,C071,56,45.69,2558.64
TXN06358,2025-11-10,P007,R01,SR025,C055,52,42.87,2229.24
TXN06359,2024-10-29,P005,R06,SR030,C079,69,66.23,4569.87
TXN06360,2024-08-08,P001,R01,SR019,C043,62,40.41,2505.42
TXN06361,2025-12-16,P003,R06,SR018,C098,95,35.09,3333.55
TXN06362,2024-05-07,P002,R06,SR012,C035,137,54.37,7448.69
TXN06363,2024-05-05,P003,R01,SR001,C067,116,34.39,3989.24
TXN06364,2024-09-09,P002,R06,SR024,C099,45,57.23,2575.35
TXN06365,2025-01-17,P008,R01,SR007,C012,37,31.87,1179.19
TXN06366,2025-03-21,P005,R05,SR023,C056,47,66.46,3123.62
TXN06367,2025-02-16,P002,R01,SR025,C031,103,57.97,5970.91
TXN06368,2024-02-29,P008,R05,SR011,C038,39,31.71,1236.69
TXN06369,2024-02-20,P004,R01,SR001,C017,45,51.57,2320.65
TXN06370,2024-11-12,P004,R01,SR025,C017,55,47.3,2601.5
TXN06371,2024-08-02,P004,R06,SR012,C079,94,50.68,4763.92
TXN06372,2024-04-22,P007,R01,SR001,C013,139,43.75,6081.25
TXN06373,2024-09-21,P003,R01,SR013,C013,132,33.66,4443.12
TXN06374,2025-09-06,P001,R05,SR023,C008,65,40.34,2622.1
TXN06375,2024-04-03,P002,R01,SR025,C088,51,53.16,2711.16
TXN06376,2025-05-30,P005,R02,SR020,C108,59,71.59,4223.81
TXN06377,2024-07-01,P004,R01,SR001,C027,37,45.87,1697.19
TXN06378,2025-09-07,P007,R03,SR027,C006,63,42.25,2661.75
TXN06379,2024-02-28,P002,R06,SR012,C085,135,55.86,7541.1
TXN06380,2024-04-11,P003,R05,SR005,C096,68,34.35,2335.8
TXN06381,2025-12-19,P002,R03,SR021,C019,84,54.23,4555.32
TXN06382,2025-08-15,P005,R02,SR002,C033,158,70.59,11153.22
TXN06383,2025-12-24,P005,R01,SR025,C022,75,71.65,5373.75
TXN06384,2025-06-28,P004,R01,SR001,C057,75,46.94,3520.5
TXN06385,2024-01-15,P007,R04,SR010,C065,34,43.95,1494.3
TXN06386,2025-02-02,P008,R02,SR008,C058,54,30.91,1669.14
TXN06387,2025-10-12,P007,R05,SR005,C038,38,39.75,1510.5
TXN06388,2024-05-25,P004,R01,SR007,C022,79,49.99,3949.21
TXN06389,2025-06-22,P006,R02,SR002,C090,73,27.03,1973.19
TXN06390,2024-06-01,P001,R05,SR005,C032,150,38.83,5824.5
TXN06391,2025-11-16,P006,R04,SR022,C046,20,28.51,570.2
TXN06392,2025-11-13,P007,R02,SR020,C078,148,42.64,6310.72
TXN06393,2025-12-15,P004,R04,SR010,C091,81,51.87,4201.47
TXN06394,2025-04-08,P002,R03,SR021,C054,75,53.56,4017.0
TXN06395,2025-01-29,P007,R06,SR018,C015,94,43.21,4061.74
TXN06396,2024-02-14,P002,R04,SR016,C104,102,52.01,5305.02
TXN06397,2024-03-02,P006,R04,SR022,C102,109,29.43,3207.87
TXN06398,2025-11-20,P003,R04,SR022,C029,38,35.06,1332.28
TXN06399,2025-06-21,P008,R02,SR008,C042,72,33.16,2387.52
TXN06400,2024-06-05,P005,R02,SR026,C092,42,69.62,2924.04
TXN06401,2025-11-21,P001,R01,SR025,C043,54,40.96,2211.84
TXN06402,2024-02-07,P004,R06,SR030,C079,98,48.73,4775.54
TXN06403,2024-07-09,P001,R02,SR014,C058,98,38.84,3806.32
TXN06404,2025-11-27,P003,R03,SR009,C019,44,34.53,1519.32
TXN06405,2025-05-10,P006,R02,SR020,C007,151,28.55,4311.05
TXN06406,2024-04-28,P004,R06,SR018,C089,31,48.94,1517.14
TXN06407,2024-11-17,P007,R05,SR017,C083,36,44.28,1594.08
TXN06408,2024-12-27,P003,R04,SR004,C004,46,32.55,1497.3
TXN06409,2025-02-18,P006,R06,SR024,C061,65,28.71,1866.15
TXN06410,2025-01-04,P008,R06,SR006,C044,57,32.26,1838.82
TXN06411,2024-04-11,P006,R01,SR007,C055,39,28.12,1096.68
TXN06412,2024-10-01,P008,R03,SR015,C011,30,32.89,986.7
TXN06413,2024-08-29,P004,R01,SR013,C111,111,50.38,5592.18
TXN06414,2025-05-15,P001,R02,SR014,C036,51,40.1,2045.1
TXN06415,2024-05-14,P005,R02,SR020,C101,97,71.34,6919.98
TXN06416,2024-11-18,P001,R03,SR003,C018,111,40.84,4533.24
TXN06417,2024-07-22,P006,R06,SR030,C106,46,28.64,1317.44
TXN06418,2025-01-25,P001,R01,SR001,C119,33,39.58,1306.14
TXN06419,2024-01-27,P004,R01,SR007,C027,37,49.11,1817.07
TXN06420,2025-10-19,P007,R06,SR030,C079,98,45.31,4440.38
TXN06421,2024-04-27,P001,R03,SR027,C030,107,40.57,4340.99
TXN06422,2024-10-14,P004,R02,SR014,C007,101,49.57,5006.57
TXN06423,2025-02-14,P004,R01,SR001,C022,87,46.32,4029.84
TXN06424,2025-11-21,P006,R04,SR010,C048,49,28.09,1376.41
TXN06425,2024-06-11,P004,R01,SR007,C088,51,47.65,2430.15
TXN06426,2025-06-04,P002,R05,SR005,C107,135,58.05,7836.75
TXN06427,2024-08-30,P002,R05,SR017,C093,82,53.13,4356.66
TXN06428,2024-04-29,P003,R01,SR001,C060,85,33.53,2850.05
TXN06429,2024-01-28,P004,R01,SR001,C111,135,48.31,6521.85
TXN06430,2024-04-20,P002,R01,SR013,C031,109,57.12,6226.08
TXN06431,2024-12-01,P003,R06,SR012,C047,58,32.72,1897.76
TXN06432,2025-05-13,P007,R01,SR001,C017,47,42.58,2001.26
TXN06433,2025-08-27,P002,R02,SR026,C105,50,51.34,2567.0
TXN06434,2024-09-12,P003,R01,SR025,C060,88,33.47,2945.36
TXN06435,2025-05-02,P003,R03,SR021,C014,145,34.29,4972.05
TXN06436,2024-11-18,P002,R05,SR023,C096,73,52.0,3796.0
TXN06437,2024-12-09,P006,R06,SR006,C051,46,29.28,1346.88
TXN06438,2025-12-02,P001,R01,SR019,C027,59,40.1,2365.9
TXN06439,2024-07-26,P003,R04,SR010,C102,94,31.76,2985.44
TXN06440,2025-03-10,P008,R02,SR020,C108,61,32.17,1962.37
TXN06441,2024-09-02,P001,R02,SR014,C092,51,41.08,2095.08
TXN06442,2024-01-05,P001,R04,SR004,C100,70,42.45,2971.5
TXN06443,2024-04-23,P002,R05,SR023,C056,81,55.62,4505.22
TXN06444,2025-09-04,P003,R05,SR005,C063,82,35.34,2897.88
TXN06445,2025-06-24,P004,R05,SR029,C020,97,47.76,4632.72
TXN06446,2024-02-24,P001,R05,SR029,C107,103,41.51,4275.53
TXN06447,2024-07-05,P003,R06,SR006,C044,85,33.36,2835.6
TXN06448,2025-08-11,P005,R06,SR006,C076,57,66.5,3790.5
TXN06449,2024-02-21,P006,R04,SR016,C023,121,29.1,3521.1
TXN06450,2025-08-16,P006,R05,SR023,C063,60,30.71,1842.6
TXN06451,2025-10-21,P005,R03,SR009,C003,45,67.0,3015.0
TXN06452,2024-10-17,P001,R02,SR008,C071,61,38.79,2366.19
TXN06453,2025-10-22,P002,R01,SR019,C060,135,53.07,7164.45
TXN06454,2025-07-05,P001,R02,SR020,C026,89,36.72,3268.08
TXN06455,2024-08-20,P005,R04,SR016,C004,44,65.08,2863.52
TXN06456,2024-03-11,P006,R01,SR019,C055,69,31.42,2167.98
TXN06457,2024-08-29,P007,R03,SR015,C072,22,45.17,993.74
TXN06458,2025-12-11,P007,R04,SR028,C023,118,41.7,4920.6
TXN06459,2024-05-09,P001,R05,SR023,C008,68,40.08,2725.44
TXN06460,2024-08-14,P002,R01,SR001,C088,58,57.97,3362.26
TXN06461,2025-02-24,P004,R02,SR026,C078,190,50.04,9507.6
TXN06462,2025-09-23,P004,R06,SR006,C077,80,52.57,4205.6
TXN06463,2025-03-17,P001,R02,SR020,C071,113,40.24,4547.12
TXN06464,2025-04-09,P001,R05,SR017,C107,146,38.15,5569.9
TXN06465,2025-07-12,P008,R01,SR025,C057,42,33.16,1392.72
TXN06466,2024-11-22,P003,R02,SR026,C069,50,35.92,1796.0
TXN06467,2024-03-06,P001,R03,SR021,C072,66,37.96,2505.36
TXN06468,2025-06-30,P008,R01,SR007,C057,35,34.13,1194.55
TXN06469,2024-10-02,P001,R02,SR026,C092,65,40.72,2646.8
TXN06470,2025-12-01,P005,R05,SR029,C056,36,64.33,2315.88
TXN06471,2025-05-22,P006,R04,SR028,C095,65,29.03,1886.95
TXN06472,2025-10-14,P006,R05,SR005,C112,63,28.53,1797.39
TXN06473,2024-12-29,P001,R04,SR004,C103,105,41.88,4397.4
TXN06474,2024-11-16,P003,R01,SR013,C017,38,33.93,1289.34
TXN06475,2025-07-17,P006,R01,SR025,C043,36,28.83,1037.88
TXN06476,2024-07-28,P003,R01,SR007,C119,35,34.94,1222.9
TXN06477,2025-10-13,P003,R03,SR015,C054,40,33.6,1344.0
TXN06478,2025-07-23,P005,R03,SR021,C009,35,70.85,2479.75
TXN06479,2024-11-01,P005,R03,SR021,C019,71,66.69,4734.99
TXN06480,2024-11-06,P007,R02,SR020,C090,43,43.85,1885.55
TXN06481,2024-06-30,P006,R01,SR013,C017,50,30.07,1503.5
TXN06482,2025-04-15,P004,R02,SR014,C034,74,47.34,3503.16
TXN06483,2025-09-10,P001,R02,SR002,C101,162,40.56,6570.72
TXN06484,2024-07-14,P002,R02,SR014,C069,35,56.81,1988.35
TXN06485,2024-12-19,P004,R01,SR019,C027,1108,49.26,2610.78
TXN06486,2024-11-13,P008,R06,SR024,C021,41,31.07,1273.87
TXN06487,2025-11-20,P001,R01,SR025,C064,106,40.89,4334.34
TXN06488,2024-10-20,P002,R03,SR003,C041,88,58.07,5110.16
TXN06489,2025-04-14,P003,R05,SR029,C008,44,33.69,1482.36
TXN06490,2024-02-07,P006,R06,SR018,C016,76,28.4,2158.4
TXN06491,2025-04-11,P005,R02,SR002,C058,106,70.44,7466.64
TXN06492,2025-09-28,P008,R01,SR025,C055,43,30.56,1314.08
TXN06493,2025-12-14,P003,R04,SR022,C104,57,34.04,1940.28
TXN06494,2025-02-07,P005,R03,SR003,C030,77,68.34,5262.18
TXN06495,2024-10-17,P001,R02,SR002,C049,139,41.04,5704.56
TXN06496,2024-02-29,P006,R01,SR019,C017,52,28.21,1466.92
TXN06497,2025-02-03,P006,R06,SR006,C085,96,27.72,2661.12
TXN06498,2025-09-20,P008,R01,SR019,C119,17,32.5,552.5
TXN06499,2024-11-18,P003,R02,SR014,C034,47,33.69,1583.43
TXN06500,2025-05-18,P001,R03,SR015,C082,73,38.38,2801.74
TXN06501,2024-05-02,P006,R02,SR008,C101,71,28.56,2027.76
TXN06502,2024-11-20,P001,R04,SR010,C005,85,39.65,3370.25
TXN06503,2024-04-16,P006,R03,SR009,C109,42,31.18,1309.56
TXN06504,2025-11-27,P007,R06,SR024,C015,98,45.77,4485.46
TXN06505,2024-09-26,P003,R05,SR029,C038,33,34.88,1151.04
TXN06506,2025-08-24,P007,R02,SR026,C033,153,42.01,6427.53
TXN06507,2025-10-07,P005,R05,SR023,C056,38,68.0,2584.0
TXN06508,2024-08-28,P001,R01,SR025,C027,54,40.45,2184.3
TXN06509,2024-03-14,P006,R03,SR015,C053,45,29.31,1318.95
TXN06510,2025-06-26,P006,R01,SR019,C012,54,28.58,1543.32
TXN06511,2025-01-31,P002,R04,SR028,C048,88,57.51,5060.88
TXN06512,2025-08-06,P008,R03,SR021,C037,93,33.06,3074.58
TXN06513,2025-11-07,P002,R01,SR019,C031,99,53.53,5299.47
TXN06514,2024-08-20,P008,R03,SR027,C024,38,30.12,1144.56
TXN06515,2024-05-14,P001,R03,SR003,C030,107,41.14,4401.98
TXN06516,2025-11-19,P005,R03,SR021,C025,19,67.5,1282.5
TXN06517,2025-10-09,P005,R03,SR003,C072,44,69.24,3046.56
TXN06518,2024-12-04,P003,R02,SR014,C069,36,32.9,1184.4
TXN06519,2024-07-13,P006,R03,SR003,C024,47,28.48,1338.56
TXN06520,2024-04-01,P004,R03,SR027,C072,46,48.49,2230.54
TXN06521,2025-10-26,P007,R01,SR013,C031,81,42.5,3442.5
TXN06522,2025-12-27,P003,R04,SR022,C004,30,32.64,979.2
TXN06523,2025-05-31,P002,R04,SR016,C023,162,56.77,9196.74
TXN06524,2024-06-15,P001,R06,SR018,C045,117,40.77,4770.09
TXN06525,2025-10-13,P002,R02,SR002,C097,46,55.35,2546.1
TXN06526,2024-08-10,P001,R02,SR008,C108,70,39.42,2759.4
TXN06527,2024-10-02,P003,R01,SR013,C111,125,34.88,4360.0
TXN06528,2025-10-13,P002,R03,SR021,C072,56,54.06,3027.36
TXN06529,2025-04-18,P005,R01,SR007,C022,69,68.0,4692.0
TXN06530,2024-07-10,P004,R04,SR028,C100,75,49.85,3738.75
TXN06531,2025-08-15,P002,R04,SR022,C010,152,52.96,8049.92
TXN06532,2025-07-03,P002,R02,SR008,C069,58,53.19,3085.02
TXN06533,2025-11-08,P004,R02,SR014,C097,30,49.53,1485.9
TXN06534,2024-01-28,P002,R03,SR003,C018,78,56.16,4380.48
TXN06535,2024-01-30,P001,R04,SR004,C048,82,40.5,3321.0
TXN06536,2024-01-28,P003,R06,SR006,C050,40,33.87,1354.8
TXN06537,2024-10-05,P002,R05,SR005,C117,66,58.24,3843.84
TXN06538,2024-07-30,P001,R05,SR029,C114,53,39.81,2109.93
TXN06539,2024-09-30,P001,R03,SR015,C082,58,39.95,2317.1
TXN06540,2025-03-03,P005,R03,SR027,C018,56,65.85,3687.6
TXN06541,2024-04-06,P003,R01,SR025,C088,54,32.33,1745.82
TXN06542,2025-05-30,P003,R02,SR008,C069,46,33.65,1547.9
TXN06543,2024-03-22,P004,R02,SR008,C036,33,49.92,1647.36
TXN06544,2025-03-09,P005,R02,SR014,C078,108,69.94,7553.52
TXN06545,2024-05-28,P001,R04,SR016,C040,130,39.63,5151.9
TXN06546,2025-06-25,P002,R01,SR007,C111,126,54.51,6868.26
TXN06547,2024-04-27,P004,R01,SR007,C055,57,48.23,2749.11
TXN06548,2025-04-26,P001,R03,SR015,C041,67,40.58,2718.86
TXN06549,2025-05-06,P002,R05,SR023,C038,63,53.83,3391.29
TXN06550,2024-04-28,P005,R03,SR009,C082,41,68.71,2817.11
TXN06551,2024-01-16,P006,R03,SR021,C006,72,29.32,2111.04
TXN06552,2025-05-06,P001,R01,SR025,C031,99,40.82,4041.18
TXN06553,2024-08-16,P002,R02,SR002,C071,85,52.05,4424.25
TXN06554,2025-08-03,P001,R01,SR019,C017,61,40.43,2466.23
TXN06555,2024-07-31,P003,R99,SR017,C073,55,34.13,1877.15
TXN06556,2025-08-09,P006,R03,SR009,C019,45,29.51,1327.95
TXN06557,2025-08-12,P004,R05,SR011,C056,54,49.96,2697.84
TXN06558,2025-06-01,P006,R03,SR027,C024,48,29.69,1425.12
TXN06559,2025-06-02,P001,R01,SR019,C111,176,42.93,7555.68
TXN06560,2025-09-04,P005,R02,SR026,C026,66,68.11,4495.26
TXN06561,2024-08-06,P007,R05,SR005,C084,132,45.21,5967.72
TXN06562,2025-05-27,P002,R05,SR011,C112,100,52.42,5242.0
TXN06563,2024-09-05,P002,R01,SR019,C013,154,51.46,7924.84
TXN06564,2024-04-29,P006,R01,SR001,C027,41,28.46,1166.86
TXN06565,2025-06-04,P002,R04,SR004,C023,165,57.7,9520.5
TXN06566,2025-09-07,P002,R01,SR007,C022,83,57.86,4802.38
TXN06567,2024-06-15,P005,R03,SR027,C030,54,67.39,3639.06
TXN06568,2025-01-12,P007,R04,SR016,C004,48,44.3,2126.4
TXN06569,2025-10-23,P002,R01,SR019,C111,137,56.78,7778.86
TXN06570,2024-10-09,P005,R02,SR008,C090,28,66.73,1868.44
TXN06571,2024-03-31,P001,R02,SR014,C090,62,41.25,2557.5
TXN06572,2025-08-05,P004,R05,SR023,C112,55,48.76,2681.8
TXN06573,2025-11-13,P006,R01,SR007,C088,43,27.31,1174.33
TXN06574,2024-12-29,P001,R05,SR011,C093,87,40.41,3515.67
TXN06575,2025-03-03,P003,R02,SR014,C042,119,32.94,3919.86
TXN06576,2025-10-08,P008,R01,SR025,C027,32,31.56,1009.92
TXN06577,2024-11-28,P003,R05,SR005,C114,41,33.54,1375.14
TXN06578,2024-02-22,P008,R06,SR018,C099,29,30.65,888.85
TXN06579,2024-02-13,P006,R06,SR006,C045,116,28.46,3301.36
TXN06580,2024-03-11,P002,R01,SR013,C031,86,56.67,4873.62
TXN06581,2025-12-17,P005,R06,SR030,C062,35,65.96,2308.6
TXN06582,2024-04-15,P002,R01,SR013,C057,90,56.28,5065.2
TXN06583,2024-05-19,P005,R02,SR008,C078,121,69.16,8368.36
TXN06584,2025-02-26,P006,R99,SR024,C066,69,29.63,2044.47
TXN06585,2024-01-03,P003,R04,SR022,C100,63,33.64,2119.32
TXN06586,2024-04-10,P001,R01,SR025,C060,143,39.73,5681.39
TXN06587,2025-08-13,P007,R01,SR025,C067,122,41.72,5089.84
TXN06588,2024-06-02,P006,R02,SR002,C078,142,30.24,4294.08
TXN06589,2024-06-10,P002,R03,SR027,C053,90,57.29,5156.1
TXN06590,2025-09-10,P007,R06,SR006,C086,84,44.47,3735.48
TXN06591,2024-05-06,P005,R01,SR025,C060,98,71.15,6972.7
TXN06592,2025-06-30,P002,R03,SR027,C041,91,53.24,4844.84
TXN06593,2025-07-03,P001,R03,SR015,C041,51,40.51,2066.01
TXN06594,2024-03-16,P007,R03,SR003,C025,39,42.2,1645.8
TXN06595,2024-10-13,P007,R06,SR006,C045,106,43.05,4563.3
TXN06596,2025-09-23,P002,R02,SR002,C049,135,54.01,7291.35
TXN06597,2024-12-05,P002,R02,SR026,C007,160,56.55,9048.0
TXN06598,2024-03-18,P005,R01,SR025,C088,56,67.16,3760.96
TXN06599,2024-04-20,P007,R06,SR018,C066,90,44.68,4021.2
TXN06600,2024-08-14,P004,R01,SR019,C094,69,47.6,3284.4
TXN06601,2024-07-05,P008,R03,SR009,C024,36,32.22,1159.92
TXN06602,2024-06-22,P003,R04,SR028,C029,38,33.58,1276.04
TXN06603,2025-01-28,P005,R05,SR023,C084,153,69.61,10650.33
TXN06604,2024-10-07,P001,R03,SR021,C024,58,40.74,2362.92
TXN06605,2025-09-29,P003,R01,SR001,C013,109,34.16,3723.44
TXN06606,2025-09-11,P007,R01,SR025,C031,78,43.47,3390.66
TXN06607,2024-07-13,P004,R03,SR027,C082,58,51.43,2982.94
TXN06608,2025-01-06,P006,R05,SR029,C112,50,28.41,1420.5
TXN06609,2025-06-23,P001,R03,SR009,C003,96,42.56,4085.76
TXN06610,2025-06-17,P006,R02,SR002,C042,133,28.83,3834.39
TXN06611,2024-09-08,P005,R03,SR009,C006,28,65.44,1832.32
TXN06612,2025-07-11,P002,R06,SR024,C098,100,56.09,5609.0
TXN06613,2024-07-18,P007,R05,SR029,C096,48,40.4,1939.2
TXN06614,2025-12-10,P002,R01,SR001,C012,66,54.6,3603.6
TXN06615,2024-11-30,P002,R04,SR016,C029,34,54.67,1858.78
TXN06616,2025-08-25,P001,R04,SR004,C102,131,41.78,5473.18
TXN06617,2024-01-16,P005,R02,SR014,C042,61,66.86,4078.46
TXN06618,2025-11-19,P003,R03,SR003,C030,75,34.71,2603.25
TXN06619,2024-08-27,P006,R05,SR005,C096,51,29.92,1525.92
TXN06620,2025-07-02,P006,R06,SR006,C001,47,29.08,1366.76
TXN06621,2024-12-15,P008,R04,SR010,C080,83,31.01,2573.83
TXN06622,2024-08-30,P007,R01,SR007,C013,95,40.86,3881.7
TXN06623,2025-12-08,P007,R06,SR012,C062,40,,1692.0
TXN06624,2025-08-22,P007,R04,SR004,C104,46,43.95,2021.7
TXN06625,2025-05-08,P001,R06,SR030,C077,112,39.84,4462.08
TXN06626,2025-02-18,P006,R06,SR006,C051,57,29.4,1675.8
TXN06627,2025-03-21,P001,R01,SR007,C017,54,40.19,2170.26
TXN06628,2024-08-05,P001,R04,SR010,C065,47,38.84,1825.48
TXN06629,2025-10-07,P002,R02,SR020,C101,132,53.0,6996.0
TXN06630,2024-04-02,P005,R02,SR002,C033,154,67.35,10371.9
TXN06631,2024-05-31,P008,R05,SR023,C083,43,32.82,1411.26
TXN06632,2025-07-10,P004,R05,SR023,C083,36,52.24,1880.64
TXN06633,2025-10-31,P007,R01,SR007,C094,36,41.59,1497.24
TXN06634,2025-02-06,P002,R02,SR026,C090,64,55.85,3574.4
TXN06635,2024-01-03,P001,R06,SR018,C066,124,37.51,4651.24
TXN06636,2025-01-06,P008,R01,SR013,C022,69,31.43,2168.67
TXN06637,2025-12-07,P007,R05,SR029,C073,51,43.59,2223.09
TXN06638,2025-04-28,P007,R02,SR014,C069,47,43.58,2048.26
TXN06639,2024-10-03,P002,R01,SR013,C031,91,54.01,4914.91
TXN06640,2024-06-04,P001,R01,SR001,C060,153,38.7,5921.1
TXN06641,2025-09-03,P008,R06,SR012,C113,44,32.88,1446.72
TXN06642,2025-01-01,P006,R02,SR002,C036,58,28.94,1678.52
TXN06643,2024-03-25,P003,R04,SR004,C080,165,33.63,5548.95
TXN06644,2024-11-19,P004,R01,SR007,C064,81,49.24,3988.44
TXN06645,2025-06-16,P002,R01,SR007,C111,132,56.52,7460.64
TXN06646,2025-03-20,P008,R02,SR002,C105,46,32.53,1496.38
TXN06647,2025-04-24,P006,R03,SR009,C030,60,28.96,1737.6
TXN06648,2024-10-03,P003,R04,SR016,C048,67,33.67,2255.89
TXN06649,2024-01-11,P005,R01,SR001,C043,36,68.82,2477.52
TXN06650,2024-10-31,P006,R05,SR029,C081,91,28.72,2613.52
TXN06651,2025-05-12,P006,R04,SR016,C039,89,28.5,2536.5
TXN06652,2024-11-18,P003,R02,SR014,C036,30,35.08,1052.4
TXN06653,2025-09-11,P004,R02,SR026,C108,62,48.75,3022.5
TXN06654,2024-09-21,P004,R05,SR011,C068,51,46.98,2395.98
TXN06655,2024-03-06,P002,R01,SR025,C017,56,58.41,3270.96
TXN06656,2024-03-02,P007,R02,SR026,C049,100,44.89,4489.0
TXN06657,2025-11-02,P001,R06,SR006,C021,105,37.66,3954.3
TXN06658,2024-12-21,P001,R02,SR014,C108,63,40.21,2533.23
TXN06659,2024-06-22,P007,R02,SR008,C108,41,43.52,1784.32
TXN06660,2025-06-17,P002,R02,SR008,C090,62,52.88,3278.56
TXN06661,2025-05-16,P005,R01,SR001,C043,47,69.96,3288.12
TXN06662,2025-03-13,P006,R05,SR023,C008,53,29.17,1546.01
TXN06663,2025-07-25,P003,R02,SR026,C034,82,36.63,3003.66
TXN06664,2025-04-11,P002,R01,SR019,C088,83,53.39,4431.37
TXN06665,2024-11-14,P006,R03,SR015,C006,41,28.09,1151.69
TXN06666,2025-01-04,P002,R01,SR007,C043,43,57.89,2489.27
TXN06667,2024-03-06,P008,R06,SR012,C066,71,28.94,2054.74
TXN06668,2025-10-02,P005,R02,SR008,C034,50,72.66,3633.0
TXN06669,2025-11-22,P007,R02,SR020,C042,101,41.34,4175.34
TXN06670,2024-06-01,P007,R04,SR004,C104,54,44.07,2379.78
TXN06671,2025-11-09,P005,R02,SR020,C026,58,69.66,4040.28
TXN06672,2025-09-22,P006,R05,SR029,C115,84,29.74,2498.16
TXN06673,2024-08-05,P003,R05,SR011,C112,82,33.79,2770.78
TXN06674,2024-04-01,P005,R01,SR001,C043,49,68.28,3345.72
TXN06675,2025-11-01,P001,R02,SR020,C092,66,40.57,2677.62
TXN06676,2025-08-26,P006,R02,SR026,C058,79,30.34,2396.86
TXN06677,2025-06-27,P001,R03,SR009,C014,121,39.48,4777.08
TXN06678,2024-05-18,P001,R03,SR027,C037,135,39.73,5363.55
TXN06679,2025-07-20,P002,R01,SR007,C111,136,49.72,6761.92
TXN06680,2025-02-03,P002,R05,SR005,C073,72,56.06,4036.32
TXN06681,2025-10-27,P008,R04,SR016,C103,69,31.1,2145.9
TXN06682,2024-10-11,P006,R01,SR025,C088,47,29.98,1409.06
TXN06683,2024-11-13,P003,R03,SR009,C054,39,34.39,1341.21
TXN06684,2025-10-10,P005,R03,SR009,C003,53,64.6,3423.8
TXN06685,2024-02-17,P006,R05,SR023,C093,77,28.33,2181.41
TXN06686,2024-06-08,P006,R01,SR001,C027,34,29.58,1005.72
TXN06687,2024-10-31,P003,R02,SR026,C101,84,34.01,2856.84
TXN06688,2024-01-07,P001,R01,SR007,C064,125,36.51,4563.75
TXN06689,2024-02-23,P007,R01,SR007,C119,30,42.01,1260.3
TXN06690,2024-01-17,P006,R04,SR016,C046,31,28.25,875.75
TXN06691,2024-11-12,P004,R05,SR029,C028,70,49.63,3474.1
TXN06692,2025-10-16,P003,R01,SR001,C060,82,33.81,2772.42
TXN06693,2024-01-18,P004,R05,SR005,C084,124,48.89,6062.36
TXN06694,2024-05-03,P006,R01,SR007,C043,36,29.58,1064.88
TXN06695,2024-08-26,P005,R02,SR002,C101,95,66.93,6358.35
TXN06696,2025-09-21,P001,R01,SR025,C057,73,39.38,2874.74
TXN06697,2025-06-30,P006,R02,SR008,C071,52,28.7,1492.4
TXN06698,2025-05-12,P006,R01,SR013,C022,70,27.98,1958.6
TXN06699,2025-06-24,P004,R04,SR022,C065,54,49.66,2681.64
TXN06700,2025-03-23,P002,R05,SR023,C073,90,55.83,5024.7
TXN06701,2024-06-09,P004,R01,SR007,C111,119,46.63,5548.97
TXN06702,2024-02-22,P006,R02,SR026,C097,35,27.16,950.6
TXN06703,2024-12-21,P002,R05,SR017,C028,103,55.92,5759.76
TXN06704,2024-03-13,P003,R05,SR023,C008,63,34.38,2165.94
TXN06705,2025-04-25,P001,R06,SR006,C051,61,38.97,2377.17
TXN06706,2024-10-30,P008,R01,SR025,C057,46,31.63,1454.98
TXN06707,2024-09-16,P001,R06,SR006,C044,88,41.05,3612.4
TXN06708,2024-05-05,P001,R06,SR030,C021,85,41.26,3507.1
TXN06709,2024-02-09,P005,R01,SR025,C119,32,70.16,2245.12
TXN06710,2025-05-30,P001,R02,SR008,C071,77,40.97,3154.69
TXN06711,2025-06-30,P002,R01,SR001,C067,163,53.45,8712.35
TXN06712,2024-02-25,P001,R03,SR027,C006,89,41.7,3711.3
TXN06713,2024-05-22,P006,R03,SR021,C019,71,28.01,1988.71
TXN06714,2025-02-03,P007,R03,SR015,C030,46,42.26,1943.96
TXN06715,2025-04-07,P005,R01,SR007,C013,98,65.88,6456.24
TXN06716,2024-04-04,P003,R01,SR001,C060,122,33.85,4129.7
TXN06717,2024-03-03,P008,R05,SR011,C115,125,34.43,4303.75
TXN06718,2025-06-21,P002,R06,SR006,C077,122,57.87,7060.14
TXN06719,2025-12-16,P004,R02,SR026,C092,56,48.36,2708.16
TXN06720,2025-08-10,P003,R02,SR002,C042,137,33.57,4599.09
TXN06721,2024-08-17,P002,R01,SR001,C088,76,53.47,4063.72
TXN06722,2024-06-19,P007,R04,SR022,C080,134,45.79,6135.86
TXN06723,2024-11-29,P003,R06,SR018,C045,93,32.7,3041.1
TXN06724,2025-10-14,P004,R04,SR016,C102,81,51.01,4131.81
TXN06725,2025-05-18,P004,R02,SR014,C036,37,48.86,1807.82
TXN06726,2025-04-10,P004,R05,SR005,C073,56,51.0,2856.0
TXN06727,2024-07-17,P007,R01,SR001,C094,55,42.14,2317.7
TXN06728,2025-02-11,P002,R06,SR012,C066,128,53.08,6794.24
TXN06729,2024-09-17,P003,R03,SR027,C018,75,34.64,2598.0
TXN06730,2024-01-16,P004,R02,SR026,C058,83,51.32,4259.56
TXN06731,2024-09-21,P001,R01,SR019,C088,74,39.14,2896.36
TXN06732,2024-08-31,P005,R01,SR013,C094,55,62.67,3446.85
TXN06733,2024-02-19,P002,R03,SR015,C109,47,55.49,2608.03
TXN06734,2024-08-31,P008,R04,SR016,C102,72,31.75,2286.0
TXN06735,2024-06-03,P007,R01,SR001,C067,119,41.35,4920.65
TXN06736,2025-10-17,P002,R02,SR014,C042,100,52.62,5262.0
TXN06737,2025-02-07,P002,R02,SR008,C092,49,52.24,2559.76
TXN06738,2024-08-22,P002,R01,SR001,C111,132,55.87,7374.84
TXN06739,2025-11-30,P005,R01,SR007,C064,70,69.19,4843.3
TXN06740,2024-01-26,P003,R05,SR017,C114,40,36.61,1464.4
TXN06741,2024-01-04,P007,R01,SR001,C111,126,41.59,5240.34
TXN06742,2025-08-25,P008,R04,SR010,C103,56,32.25,1806.0
TXN06743,2025-07-25,P004,R01,SR019,C094,54,50.64,2734.56
TXN06744,2025-04-17,P001,R01,SR007,C055,65,41.49,2696.85
TXN06745,2024-12-13,P001,R01,SR019,C088,100,38.32,3832.0
TXN06746,2025-07-21,P007,R01,SR001,C057,64,42.17,2698.88
TXN06747,2024-12-05,P007,R04,SR010,C046,34,42.75,1453.5
TXN06748,2024-06-08,P005,R04,SR016,C080,120,63.48,7617.6
TXN06749,2024-04-11,P002,R03,SR003,C014,160,57.69,9230.4
TXN06750,2024-09-10,P006,R06,SR006,C077,95,28.87,2742.65
TXN06751,2025-01-22,P002,R02,SR002,C069,66,55.64,3672.24
TXN06752,2024-02-16,P006,R01,SR001,C013,140,30.12,4216.8
TXN06753,2025-11-20,P004,R05,SR005,C114,45,50.0,2250.0
TXN06754,2024-10-25,P004,R02,SR008,C092,32,49.3,1577.6
TXN06755,2024-10-31,P006,R03,SR015,C003,56,28.32,1585.92
TXN06756,2024-06-16,P008,R05,SR005,C115,88,32.27,2839.76
TXN06757,2024-12-09,P001,R01,SR013,C027,61,41.15,2510.15
TXN06758,2025-02-19,P002,R02,SR008,C026,77,56.0,4312.0
TXN06759,2024-10-31,P001,R01,SR025,C088,82,37.75,3095.5
TXN06760,2024-01-05,P006,R02,SR020,C058,74,30.23,2237.02
TXN06761,2025-08-02,P004,R06,SR024,C001,42,48.65,2043.3
TXN06762,2024-04-30,P004,R01,SR019,C088,68,50.16,3410.88
TXN06763,2025-03-09,P007,R01,SR007,C060,78,41.85,3264.3
TXN06764,2024-06-30,P003,R02,SR002,C069,51,33.21,1693.71
TXN06765,2025-05-27,P008,R04,SR022,C104,43,34.45,1481.35
TXN06766,2024-05-19,P006,R01,SR013,C013,135,28.01,3781.35
TXN06767,2025-03-31,P008,R04,SR028,C102,81,32.96,2669.76
TXN06768,2024-12-30,P005,R01,SR007,C119,22,70.48,1550.56
TXN06769,2024-11-19,P001,R02,SR014,C108,67,40.9,2740.3
TXN06770,2024-04-06,P001,R02,SR020,C042,138,37.97,5239.86
TXN06771,2025-12-19,P005,R01,SR001,C088,39,77.72,3031.08
TXN06772,2024-04-11,P001,R03,SR015,C053,77,39.47,3039.19
TXN06773,2025-06-19,P006,R04,SR010,C005,56,29.37,1644.72
TXN06774,2024-12-08,P005,R02,SR002,C075,148,70.21,10391.08
TXN06775,2025-12-04,P001,R06,SR030,C099,60,41.25,2475.0
TXN06776,2025-10-19,P005,R04,SR010,C010,89,64.85,5771.65
TXN06777,2025-09-17,P005,R03,SR003,C024,49,66.41,3254.09
TXN06778,2025-07-02,P002,R01,SR019,C022,123,52.47,6453.81
TXN06779,2025-07-17,P005,R03,SR015,C009,24,66.54,1596.96
TXN06780,2025-12-29,P008,R02,SR008,C075,85,32.49,2761.65
TXN06781,2024-08-17,P004,R06,SR018,C110,35,51.13,1789.55
TXN06782,2024-09-28,P001,R01,SR019,C064,114,39.93,4552.02
TXN06783,2025-08-15,P004,R01,SR019,C055,58,48.33,2803.14
TXN06784,2025-05-05,P004,R03,SR021,C052,59,50.11,2956.49
TXN06785,2025-02-11,P002,R06,SR018,C002,93,53.68,4992.24
TXN06786,2025-09-15,P001,R02,SR020,C069,67,40.5,2713.5
TXN06787,2025-12-23,P005,R06,SR012,C116,36,68.31,2459.16
TXN06788,2024-08-15,P003,R05,SR023,C032,116,34.44,3995.04
TXN06789,2025-11-17,P001,R03,SR027,C024,61,41.09,2506.49
TXN06790,2025-03-18,P001,R06,SR006,C074,71,41.91,2975.61
TXN06791,2025-01-22,P002,R03,SR021,C011,77,56.41,4343.57
TXN06792,2025-12-07,P002,R01,SR019,C088,74,53.59,3965.66
TXN06793,2025-08-31,P002,R05,SR023,C032,144,55.69,8019.36
TXN06794,2024-08-19,P004,R01,SR007,C022,87,49.57,4312.59
TXN06795,2024-08-15,P008,R02,SR026,C034,48,32.81,1574.88
TXN06796,2024-04-29,P007,R02,SR026,C071,58,43.71,2535.18
TXN06797,2024-01-12,P004,R02,SR026,C007,121,49.71,6014.91
TXN06798,2025-02-04,P006,R05,SR029,C028,73,29.62,2162.26
TXN06799,2024-01-23,P002,R03,SR021,C030,77,56.5,4350.5
TXN06800,2024-03-09,P002,R02,SR014,C026,65,56.86,3695.9
TXN06801,2025-01-15,P005,R02,SR002,C007,153,67.29,10295.37
TXN06802,2025-03-20,P003,R03,SR015,C053,62,36.22,2245.64
TXN06803,2025-11-21,P002,R01,SR001,C057,70,55.97,3917.9
TXN06804,2025-08-24,P002,R02,SR002,C069,57,55.25,3149.25
TXN06805,2025-09-09,P002,R05,SR029,C112,58,55.85,3239.3
TXN06806,2024-08-11,P007,R05,SR011,C117,65,41.85,2720.25
TXN06807,2025-02-18,P004,R05,SR017,C093,60,48.34,2900.4
TXN06808,2024-08-25,P004,R01,SR025,C031,67,46.85,3138.95
TXN06809,2024-01-21,P003,R01,SR019,C111,154,34.07,5246.78
TXN06810,2025-05-18,P003,R04,SR022,C040,91,32.12,2922.92
TXN06811,2024-05-10,P004,R01,SR025,C027,50,48.54,2427.0
TXN06812,2024-04-27,P003,R06,SR006,C051,50,33.52,1676.0
TXN06813,2025-12-14,P003,R02,SR002,C071,76,33.8,2568.8
TXN06814,2024-06-18,P002,R05,SR029,C083,54,54.9,2964.6
TXN06815,2024-04-11,P001,R01,SR007,C027,63,40.28,2537.64
TXN06816,2024-02-12,P006,R03,SR003,C019,70,29.91,2093.7
TXN06817,2025-07-14,P002,R04,SR016,C046,43,55.68,2394.24
TXN06818,2024-09-27,P006,R03,SR021,C003,66,29.96,1977.36
TXN06819,2024-11-06,P006,R01,SR025,C017,35,29.54,1033.9
TXN06820,2025-05-01,P006,R01,SR019,C055,57,27.58,1572.06
TXN06821,2024-03-07,P002,R03,SR009,C025,33,55.76,1840.08
TXN06822,2024-12-08,P001,R01,SR025,C111,161,42.04,6768.44
TXN06823,2025-05-07,P008,R02,SR008,C034,45,31.74,1428.3
TXN06824,2025-12-09,P006,R06,SR012,C050,27,28.89,780.03
TXN06825,2024-06-25,P002,R06,SR024,C059,149,57.27,8533.23
TXN06826,2024-03-23,P006,R05,SR011,C096,63,30.24,1905.12
TXN06827,2024-03-19,P006,R04,SR016,C010,112,28.29,3168.48
TXN06828,2024-02-23,P002,R01,SR007,C031,86,52.6,4523.6
TXN06829,2024-08-18,P002,R04,SR004,C005,86,52.79,4539.94
TXN06830,2025-12-18,P002,R04,SR022,C023,147,53.6,7879.2
TXN06831,2025-05-07,P005,R04,SR022,C104,36,66.49,2393.64
TXN06832,2025-04-01,P005,R06,SR012,C110,60,63.83,3829.8
TXN06833,2025-11-11,P008,R04,SR004,C065,32,,998.08
TXN06834,2025-02-04,P004,R06,SR012,C016,102,47.81,4876.62
TXN06835,2025-10-19,P002,R04,SR010,C070,133,56.76,7549.08
TXN06836,2025-01-26,P002,R06,SR006,C015,160,57.29,9166.4
TXN06837,2025-03-26,P005,R02,SR014,C036,42,67.63,2840.46
TXN06838,2025-07-02,P001,R02,SR008,C058,106,39.21,4156.26
TXN06839,2024-07-06,P004,R06,SR024,C059,127,48.24,6126.48
TXN06840,2024-07-21,P001,R02,SR026,C058,134,39.56,5301.04
TXN06841,2025-01-11,P006,R06,SR024,C015,95,27.89,2649.55
TXN06842,2024-02-11,P001,R04,SR028,C070,176,39.38,6930.88
TXN06843,2025-12-18,P001,R03,SR021,C030,103,37.57,3869.71
TXN06844,2025-05-08,P007,R03,SR015,C030,43,45.54,1958.22
TXN06845,2025-02-05,P007,R01,SR025,C031,76,42.57,3235.32
TXN06846,2025-10-22,P002,R06,SR006,C061,106,55.45,5877.7
TXN06847,2025-06-21,P005,R01,SR001,C060,90,66.19,5957.1
TXN06848,2025-01-16,P008,R02,SR020,C007,120,32.6,3912.0
TXN06849,2024-05-31,P005,R03,SR003,C053,74,67.52,4996.48
TXN06850,2025-10-04,P002,R03,SR015,C053,44,54.28,2388.32
TXN06851,2025-10-02,P005,R05,SR017,C114,28,64.21,1797.88
TXN06852,2025-04-30,P008,R03,SR009,C018,44,31.96,1406.24
TXN06853,2025-04-05,P002,R01,SR013,C057,87,55.7,4845.9
TXN06854,2025-11-12,P002,R03,SR015,C052,28,56.21,1573.88
TXN06855,2025-03-02,P002,R02,SR014,C042,111,54.1,6005.1
TXN06856,2024-10-26,P006,R02,SR014,C007,69,28.44,1962.36
TXN06857,2024-10-29,P002,R06,SR030,C002,99,53.11,5257.89
TXN06858,2025-03-08,P001,R03,SR009,C030,64,41.55,2659.2
TXN06859,2024-03-26,P001,R01,SR013,C094,117,39.72,4647.24
TXN06860,2024-10-19,P007,R04,SR010,C040,69,41.85,2887.65
TXN06861,2025-07-25,P001,R02,SR014,C036,43,43.58,1873.94
TXN06862,2024-11-26,P003,R04,SR010,C010,133,33.66,4476.78
TXN06863,2024-04-10,P008,R01,SR007,C013,94,31.07,2920.58
TXN06864,2024-04-25,P008,R01,SR007,C111,89,30.72,2734.08
TXN06865,2025-07-06,P004,R02,SR008,C090,42,48.59,2040.78
TXN06866,2025-05-09,P001,R01,SR007,C043,52,38.94,2024.88
TXN06867,2024-03-21,P006,R04,SR010,C029,37,29.59,1094.83
TXN06868,2025-12-24,P002,R05,SR017,C081,126,53.81,6780.06
TXN06869,2024-10-02,P003,R01,SR013,C088,48,33.25,1596.0
TXN06870,2024-06-01,P002,R05,SR023,C081,193,56.35,10875.55
TXN06871,2024-03-13,P006,R03,SR009,C003,63,29.14,1835.82
TXN06872,2024-03-17,P003,R01,SR025,C022,90,32.45,2920.5
TXN06873,2024-09-22,P003,R03,SR027,C019,64,33.09,2117.76
TXN06874,2025-08-05,P002,R04,SR022,C103,82,55.01,4510.82
TXN06875,2024-04-18,P001,R04,SR022,C091,133,40.38,5370.54
TXN06876,2025-08-26,P003,R05,SR011,C073,63,32.19,2027.97
TXN06877,2025-08-30,P007,R02,SR014,C069,44,41.93,1844.92
TXN06878,2025-03-21,P004,R02,SR020,C092,54,48.7,2629.8
TXN06879,2025-09-06,P003,R03,SR009,C052,30,33.12,993.6
TXN06880,2025-06-12,P006,R06,SR012,C120,73,29.2,2131.6
TXN06881,2024-07-02,P001,R02,SR026,C097,44,38.28,1684.32
TXN06882,2025-03-11,P007,R03,SR009,C072,34,42.42,1442.28
TXN06883,2024-09-20,P006,R06,SR012,C113,50,28.39,1419.5
TXN06884,2024-04-27,P001,R03,SR009,C006,64,40.6,2598.4
TXN06885,2024-07-28,P002,R02,SR008,C058,92,50.48,4644.16
TXN06886,2025-04-21,P007,R02,SR014,C071,50,45.13,2256.5
TXN06887,2024-09-16,P002,R02,SR008,C007,125,54.65,6831.25
TXN06888,2024-11-11,P003,R03,SR015,C018,36,33.89,1220.04
TXN06889,2025-05-18,P005,R01,SR007,C057,48,67.91,3259.68
TXN06890,2024-05-30,P001,R05,SR029,C096,78,41.79,3259.62
TXN06891,2025-02-26,P006,R06,SR030,C001,38,26.68,1013.84
TXN06892,2024-07-06,P006,R05,SR017,C056,40,30.45,1218.0
TXN06893,2024-12-01,P003,R01,SR025,C067,124,32.97,4088.28
TXN06894,2024-02-06,P002,R02,SR014,C108,63,54.77,3450.51
TXN06895,2025-06-12,P003,R03,SR015,C053,54,33.19,1792.26
TXN06896,2024-02-05,P004,R03,SR003,C014,98,52.56,5150.88
TXN06897,2025-12-31,P002,R01,SR001,C012,76,55.83,4243.08
TXN06898,2024-01-06,P002,R06,SR012,C110,74,56.95,4214.3
TXN06899,2025-10-16,P005,R01,SR001,C060,71,70.32,4992.72
TXN06900,2025-03-29,P007,R04,SR010,C091,91,42.29,3848.39
TXN06901,2024-04-04,P005,R02,SR002,C036,52,63.37,3295.24
TXN06902,2025-09-27,P005,R01,SR013,C031,50,65.47,3273.5
TXN06903,2024-07-14,P002,R02,SR002,C049,124,57.18,7090.32
TXN06904,2025-05-21,P006,R04,SR022,C080,128,29.56,3783.68
TXN06905,2024-10-23,P003,R05,SR017,C020,103,36.41,3750.23
TXN06906,2025-08-01,P008,R03,SR003,C054,55,32.32,1777.6
TXN06907,2024-11-25,P007,R04,SR010,C065,36,43.74,1574.64
TXN06908,2025-12-31,P002,R02,SR008,C108,79,54.14,4277.06
TXN06909,2024-03-20,P001,R03,SR027,C003,118,41.91,4945.38
TXN06910,2025-03-26,P002,R03,SR027,C019,125,53.93,6741.25
TXN06911,2024-03-27,P008,R06,SR012,C116,46,33.05,1520.3
TXN06912,2025-03-12,P008,R02,SR020,C069,35,30.08,1052.8
TXN06913,2025-12-23,P005,R01,SR019,C060,84,66.44,5580.96
TXN06914,2025-01-20,P002,R01,SR013,C031,94,52.88,4970.72
TXN06915,2024-11-10,P006,R06,SR030,C110,45,28.16,1267.2
TXN06916,2024-04-26,P006,R01,SR013,C043,46,27.39,1259.94
TXN06917,2024-06-29,P002,R01,SR013,C031,91,55.08,5012.28
TXN06918,2024-03-27,P002,R04,SR028,C005,84,56.21,4721.64
TXN06919,2024-08-29,P001,R06,SR006,C087,103,39.56,4074.68
TXN06920,2024-11-11,P007,R01,SR019,C119,32,45.48,1455.36
TXN06921,2024-08-03,P001,R04,SR028,C040,91,39.67,3609.97
TXN06922,2024-09-13,P006,R02,SR020,C075,118,29.85,3522.3
TXN06923,2025-07-05,P006,R03,SR003,C072,50,28.97,1448.5
TXN06924,2024-06-12,P001,R03,SR021,C024,60,41.2,2472.0
TXN06925,2025-04-14,P005,R03,SR021,C003,87,64.64,5623.68
TXN06926,2025-06-06,P003,R04,SR004,C091,100,33.74,3374.0
TXN06927,2025-08-17,P002,R02,SR026,C026,96,55.97,5373.12
TXN06928,2025-03-15,P001,R03,SR027,C052,74,39.74,2940.76
TXN06929,2024-02-09,P004,R02,SR008,C097,24,52.31,1255.44
TXN06930,2025-08-22,P002,R02,SR008,C049,122,55.99,6830.78
TXN06931,2024-12-13,P006,R02,SR014,C101,72,27.67,1992.24
TXN06932,2025-04-26,P006,R01,SR007,C012,48,29.11,1397.28
TXN06933,2024-04-03,P008,R04,SR016,C048,51,30.67,1564.17
TXN06934,2024-05-13,P007,R02,SR008,C058,73,45.25,3303.25
TXN06935,2024-01-29,P002,R01,SR025,C060,109,51.77,5642.93
TXN06936,2025-04-18,P005,R03,SR027,C014,96,67.3,6460.8
TXN06937,2025-03-25,P006,R06,SR006,C120,78,27.83,2170.74
TXN06938,2025-12-25,P006,R06,SR006,C044,80,30.0,2400.0
TXN06939,2025-10-28,P003,R01,SR013,C060,100,33.51,3351.0
TXN06940,2025-12-12,P002,R02,SR020,C108,85,57.08,4851.8
TXN06941,2025-06-12,P007,R01,SR013,C119,38,43.1,1637.8
TXN06942,2025-05-25,P006,R04,SR022,C091,104,30.49,3170.96
TXN06943,2024-02-22,P007,R03,SR027,C011,72,43.85,3157.2
TXN06944,2024-04-16,P001,R01,SR013,C088,88,39.65,3489.2
TXN06945,2024-06-27,P008,R01,SR013,C111,104,32.68,3398.72
TXN06946,2024-06-25,P002,R05,SR023,C008,60,54.66,3279.6
TXN06947,2025-04-19,P002,R03,SR015,C014,106,51.59,5468.54
TXN06948,2025-01-15,P005,R02,SR002,C007,160,65.42,10467.2
TXN06949,2025-03-31,P004,R01,SR001,C055,60,50.12,3007.2
TXN06950,2025-10-19,P005,R03,SR009,C109,26,72.18,1876.68
TXN06951,2024-04-28,P007,R03,SR015,C041,38,42.01,1596.38
TXN06952,2024-01-25,P003,R02,SR008,C108,61,33.38,2036.18
TXN06953,2024-02-28,P002,R05,SR017,C056,61,51.84,3162.24
TXN06954,2025-03-22,P003,R04,SR010,C048,66,34.39,2269.74
TXN06955,2025-06-02,P001,R02,SR008,C071,85,41.41,3519.85
TXN06956,2024-11-07,P005,R04,SR016,C004,49,68.69,3365.81
TXN06957,2024-11-23,P003,R02,SR002,C097,32,33.81,1081.92
TXN06958,2024-01-05,P002,R05,SR023,C056,62,,3427.36
TXN06959,2024-03-15,P002,R03,SR027,C072,56,53.09,2973.04
TXN06960,2025-12-16,P003,R02,SR008,C007,127,32.99,4189.73
TXN06961,2025-05-06,P006,R03,SR027,C006,77,29.92,2303.84
TXN06962,2025-02-20,P005,R02,SR020,C101,94,66.33,6235.02
TXN06963,2024-10-05,P008,R04,SR010,C004,22,34.95,768.9
TXN06964,2025-04-14,P005,R02,SR002,C049,104,67.98,7069.92
TXN06965,2025-07-29,P002,R02,SR020,C078,175,55.15,9651.25
TXN06966,2024-03-25,P004,R03,SR027,C019,75,51.72,3879.0
TXN06967,2024-12-13,P005,R03,SR003,C011,76,64.3,4886.8
TXN06968,2025-03-27,P007,R05,SR005,C115,139,40.99,5697.61
TXN06969,2024-04-07,P001,R01,SR025,C031,129,37.59,4849.11
TXN06970,2024-06-16,P007,R03,SR003,C024,52,46.31,2408.12
TXN06971,2025-03-31,P004,R02,SR008,C101,112,49.69,5565.28
TXN06972,2024-04-15,P003,R05,SR023,C096,77,32.9,2533.3
TXN06973,2025-03-20,P004,R03,SR015,C009,27,49.24,1329.48
TXN06974,2025-09-24,P003,R03,SR015,C053,44,34.94,1537.36
TXN06975,2025-01-16,P003,R02,SR020,C036,62,35.92,2227.04
TXN06976,2025-03-24,P006,R01,SR001,C057,59,28.53,1683.27
TXN06977,2025-01-03,P001,R06,SR030,C021,91,39.22,3569.02
TXN06978,2024-12-29,P001,R05,SR029,C032,115,40.57,4665.55
TXN06979,2025-12-24,P006,R06,SR024,C001,44,28.17,1239.48
TXN06980,2024-04-13,P001,R01,SR019,C013,207,41.41,8571.87
TXN06981,2024-01-23,P006,R01,SR007,C060,72,28.37,2042.64
TXN06982,2024-06-14,P006,R05,SR011,C093,72,28.26,2034.72
TXN06983,2024-10-19,P005,R05,SR029,C096,44,70.73,3112.12
TXN06984,2025-05-06,P005,R99,SR008,C097,29,64.22,1862.38
TXN06985,2025-12-07,P004,R05,SR023,C038,52,48.05,2498.6
TXN06986,2024-10-16,P003,R03,SR021,C052,38,34.51,1311.38
TXN06987,2024-04-04,P004,R05,SR023,C112,76,46.52,3535.52
TXN06988,2024-06-18,P006,R01,SR007,C111,92,28.75,2645.0
TXN06989,2024-07-15,P004,R02,SR026,C101,89,51.33,4568.37
TXN06990,2025-03-21,P008,R03,SR027,C082,61,31.8,1939.8
TXN06991,2025-11-28,P002,R03,SR009,C024,34,54.66,1858.44
TXN06992,2025-12-13,P006,R01,SR013,C031,75,28.13,2109.75
TXN06993,2025-04-21,P007,R04,SR022,C048,67,42.05,2817.35
TXN06994,2024-09-05,P001,R01,SR019,C022,126,40.66,5123.16
TXN06995,2025-03-01,P006,R02,SR002,C033,172,28.58,4915.76
TXN06996,2024-05-11,P002,R02,SR020,C033,155,55.31,8573.05
TXN06997,2024-09-23,P002,R06,SR024,C085,96,52.63,5052.48
TXN06998,2025-05-17,P002,R01,SR025,C088,69,53.8,3712.2
TXN06999,2025-02-13,P003,R06,SR030,C051,38,33.39,1268.82
TXN07000,2024-10-17,P008,R01,SR007,C031,40,30.34,1213.6
TXN07001,2025-03-04,P002,R05,SR011,C008,58,56.06,3251.48
TXN07002,2024-07-28,P003,R04,SR028,C065,37,33.95,1256.15
TXN07003,2025-04-23,P002,R06,SR006,C106,59,54.4,3209.6
TXN07004,2025-11-19,P001,R05,SR017,C073,75,38.6,2895.0
TXN07005,2024-01-03,P005,R06,SR018,C085,66,69.83,4608.78
TXN07006,2024-08-02,P005,R05,SR023,C020,90,70.07,6306.3
TXN07007,2025-06-02,P004,R03,SR009,C053,45,46.91,2110.95
TXN07008,2024-09-27,P002,R02,SR020,C007,160,55.58,8892.8
TXN07009,2025-08-09,P008,R03,SR021,C018,52,30.85,1604.2
TXN07010,2025-01-29,P007,R05,SR029,C081,81,42.66,3455.46
TXN07011,2025-04-15,P006,R04,SR022,C065,48,30.0,1440.0
TXN07012,2025-02-06,P007,R06,SR024,C113,54,43.22,2333.88
TXN07013,2024-10-10,P008,R02,SR002,C026,49,31.14,1525.86
TXN07014,2025-11-13,P001,R01,SR001,C064,121,40.04,4844.84
TXN07015,2025-08-20,P005,R02,SR020,C071,56,68.68,3846.08
TXN07016,2025-08-29,P002,R04,SR010,C040,87,55.3,4811.1
TXN07017,2024-05-20,P006,R03,SR027,C052,54,29.08,1570.32
TXN07018,2024-07-03,P006,R05,SR017,C112,60,27.22,1633.2
TXN07019,2025-01-28,P001,R01,SR019,C043,74,40.46,2994.04
TXN07020,2025-03-17,P005,R01,SR001,C111,115,66.16,7608.4
TXN07021,2025-06-25,P005,R05,SR011,C112,61,72.5,4422.5
TXN07022,2025-08-02,P004,R02,SR008,C090,43,48.94,2104.42
TXN07023,2025-05-12,P002,R01,SR025,C013,150,56.68,8502.0
TXN07024,2024-01-14,P001,R04,SR016,C104,85,39.3,3340.5
TXN07025,2024-11-20,P007,R02,SR014,C108,34,43.7,1485.8
TXN07026,2024-08-16,P007,R04,SR004,C100,52,43.1,2241.2
TXN07027,2024-11-25,P005,R03,SR027,C006,47,72.34,3399.98
TXN07028,2024-01-19,P008,R02,SR014,C071,36,31.51,1134.36
TXN07029,2025-07-24,P006,R03,SR015,C030,29,29.9,867.1
TXN07030,2025-11-03,P004,R01,SR019,C057,63,50.46,3178.98
TXN07031,2025-10-27,P002,R02,SR020,C049,114,53.22,6067.08
TXN07032,2025-11-13,P004,R01,SR025,C027,34,49.46,1681.64
TXN07033,2024-04-26,P006,R04,SR016,C010,135,28.58,3858.3
TXN07034,2024-06-30,P005,R02,SR002,C034,74,70.35,5205.9
TXN07035,2024-04-21,P005,R02,SR002,C097,27,69.51,1876.77
TXN07036,2024-12-12,P004,R06,SR006,C113,81,46.66,3779.46
TXN07037,2025-11-10,P001,R01,SR025,C043,55,40.08,2204.4
TXN07038,2024-07-27,P002,R01,SR007,C012,44,54.66,2405.04
TXN07039,2025-04-05,P003,R05,SR029,C032,106,35.56,3769.36
TXN07040,2024-09-21,P001,R05,SR011,C032,134,41.12,5510.08
TXN07041,2025-11-14,P005,R05,SR011,C073,65,66.26,4306.9
TXN07042,2025-04-29,P001,R05,SR011,C084,224,40.01,8962.24
TXN07043,2024-04-30,P006,R01,SR001,C022,93,29.96,2786.28
TXN07044,2024-09-25,P003,R03,SR021,C037,106,33.97,3600.82
TXN07045,2025-01-17,P003,R01,SR019,C064,107,32.73,3502.11
TXN07046,2024-09-03,P008,R02,SR008,C033,79,30.83,2435.57
TXN07047,2024-03-17,P007,R01,SR001,C119,33,39.38,1299.54
TXN07048,2025-02-08,P001,R02,SR008,C049,146,39.85,5818.1
TXN07049,2024-04-28,P001,R01,SR001,C111,182,38.36,6981.52
TXN07050,2024-11-16,P005,R01,SR025,C031,70,63.22,4425.4
TXN07051,2024-12-04,P004,R05,SR005,C115,143,48.58,6946.94
TXN07052,2025-11-12,P006,R04,SR010,C048,53,28.98,1535.94
TXN07053,2025-04-30,P001,R01,SR007,C055,71,39.79,2825.09
TXN07054,2024-05-10,P004,R02,SR008,C007,112,49.56,5550.72
TXN07055,2025-11-10,P005,R02,SR002,C097,27,74.47,2010.69
TXN07056,2025-11-08,P001,R06,SR030,,106,38.97,4130.82
TXN07057,2025-05-03,P008,R01,SR007,C088,42,31.2,1310.4
TXN07058,2024-11-21,P006,R01,SR019,C060,84,28.59,2401.56
TXN07059,2024-09-28,P005,R02,SR026,C058,86,65.65,5645.9
TXN07060,2025-04-02,P003,R04,SR004,C104,79,32.81,2591.99
TXN07061,2024-12-27,P006,R02,SR014,C036,33,29.13,961.29
TXN07062,2024-08-20,P006,R05,SR023,C028,114,30.13,3434.82
TXN07063,2024-01-26,P001,R06,SR006,C045,164,39.1,6412.4
TXN07064,2024-08-26,P005,R04,SR010,C103,65,69.36,4508.4
TXN07065,2025-04-25,P006,R06,SR006,C002,94,28.66,2694.04
TXN07066,2025-06-13,P006,R02,SR008,C069,42,27.9,1171.8
TXN07067,2024-06-24,P002,R05,SR023,C096,82,55.45,4546.9
TXN07068,2024-09-22,P006,R05,SR017,C114,36,27.72,997.92
TXN07069,2024-12-16,P001,R01,SR007,C012,60,40.81,2448.6
TXN07070,2024-04-15,P004,R02,SR002,C036,63,49.96,3147.48
TXN07071,2024-01-28,P005,R05,SR005,C032,60,67.26,4035.6
TXN07072,2025-11-29,P002,R06,SR012,C015,154,51.94,7998.76
TXN07073,2025-01-12,P001,R03,SR003,C018,97,40.76,3953.72
TXN07074,2024-07-28,P006,R04,SR028,C065,27,30.34,819.18
TXN07075,2025-10-14,P007,R01,SR007,C055,51,41.99,2141.49
TXN07076,2024-01-20,P002,R01,SR001,C022,105,54.03,5673.15
TXN07077,2024-11-10,P002,R02,SR002,C069,50,57.41,2870.5
TXN07078,2025-05-02,P006,R01,SR025,C013,118,28.34,3344.12
TXN07079,2025-11-06,P001,R01,SR001,C017,50,40.52,2026.0
TXN07080,2025-10-06,P002,R06,SR012,C087,71,56.47,4009.37
TXN07081,2025-04-02,P006,R03,SR027,C030,53,28.13,1490.89
TXN07082,2024-05-24,P001,R02,SR020,C036,80,,2916.0
TXN07083,2024-05-03,P002,R01,SR019,C088,67,52.8,3537.6
TXN07084,2024-10-17,P003,R05,SR005,C073,61,34.71,2117.31
TXN07085,2024-04-23,P006,R06,SR018,C045,80,29.23,2338.4
TXN07086,2025-02-05,P004,R02,SR014,C007,120,50.1,6012.0
TXN07087,2024-03-21,P002,R05,SR017,C093,77,56.74,4368.98
TXN07088,2024-01-23,P007,R01,SR007,C027,31,43.49,1348.19
TXN07089,2024-04-04,P004,R05,SR005,C056,64,45.4,2905.6
TXN07090,2025-06-27,P001,R01,SR025,C031,113,40.17,4539.21
TXN07091,2024-02-11,P005,R02,SR002,C033,145,66.99,9713.55
TXN07092,2024-04-29,P006,R01,SR025,C022,93,30.09,2798.37
TXN07093,2024-04-08,P007,R02,SR008,C092,41,42.72,1751.52
TXN07094,2025-05-21,P002,R06,SR018,C106,49,53.37,2615.13
TXN07095,2025-04-22,P007,R05,SR011,C117,79,45.24,3573.96
TXN07096,2025-01-20,P002,R02,SR020,C092,61,56.29,3433.69
TXN07097,2024-05-06,P007,R05,SR029,C084,128,41.95,5369.6
TXN07098,2024-08-24,P007,R04,SR016,C039,81,41.89,3393.09
TXN07099,2024-04-07,P004,R05,SR005,C008,48,48.17,2312.16
TXN07100,2024-12-10,P008,R03,SR015,C014,35,32.51,1137.85
TXN07101,2025-04-18,P002,R02,SR020,C026,76,54.32,4128.32
TXN07102,2025-03-06,P007,R01,SR025,C043,41,44.28,1815.48
TXN07103,2024-09-11,P008,R01,SR025,C027,29,30.97,898.13
TXN07104,2024-09-04,P004,R01,SR013,C031,83,49.4,4100.2
TXN07105,2024-03-18,P008,R04,SR028,C091,85,31.9,2711.5
TXN07106,2024-04-19,P008,R05,SR005,C038,29,31.41,910.89
TXN07107,2024-07-16,P006,R01,SR025,C043,49,30.47,1493.03
TXN07108,2025-09-25,P003,R05,SR005,C107,89,34.3,3052.7
TXN07109,2024-03-28,P002,R03,SR027,C024,68,52.53,3572.04
TXN07110,2025-02-11,P002,R01,SR025,C022,120,56.11,6733.2
TXN07111,2024-07-18,P003,R05,SR029,C032,83,35.87,2977.21
TXN07112,2025-05-07,P002,R01,SR007,C055,62,57.25,3549.5
TXN07113,2025-01-10,P002,R02,SR008,C049,117,53.19,6223.23
TXN07114,2024-12-28,P008,R04,SR022,C048,42,32.63,1370.46
TXN07115,2024-02-02,P003,R01,SR025,C043,58,34.68,2011.44
TXN07116,2025-01-16,P001,R03,SR015,C052,38,39.25,1491.5
TXN07117,2025-06-06,P002,R06,SR018,C066,100,54.44,5444.0
TXN07118,2025-02-17,P008,R04,SR004,C080,105,31.9,3349.5
TXN07119,2024-08-09,P002,R03,SR003,C014,135,53.27,7191.45
TXN07120,2024-08-23,P001,R04,SR016,C065,72,38.24,2753.28
TXN07121,2024-01-20,P006,R05,SR005,C117,52,28.6,1487.2
TXN07122,2024-06-21,P001,R03,SR015,C024,50,39.85,1992.5
TXN07123,2025-11-06,P007,R02,SR014,C090,47,42.7,2006.9
TXN07124,2024-01-20,P005,R03,SR027,C041,51,68.11,3473.61
TXN07125,2024-01-08,P007,R04,SR004,C010,140,42.32,5924.8
TXN07126,2024-10-31,P004,R06,SR030,C047,37,49.32,1824.84
TXN07127,2025-05-22,P005,R05,SR011,C056,39,65.9,2570.1
TXN07128,2025-07-04,P006,R02,SR002,C007,174,27.28,4746.72
TXN07129,2024-01-29,P008,R01,SR007,C017,32,32.68,1045.76
TXN07130,2025-03-08,P007,R04,SR004,C065,45,41.99,1889.55
TXN07131,2024-08-21,P006,R03,SR009,C025,20,30.57,611.4
TXN07132,2025-08-11,P001,R03,SR009,C072,51,40.1,2045.1
TXN07133,2024-01-24,P006,R03,SR027,C054,62,27.99,1735.38
TXN07134,2024-04-09,P003,R05,SR005,C068,61,34.81,2123.41
TXN07135,2025-03-13,P001,R01,SR019,C060,134,39.27,5262.18
TXN07136,2025-07-16,P004,R01,SR007,C012,54,47.78,2580.12
TXN07137,2025-11-07,P001,R05,SR017,C093,79,37.54,2965.66
TXN07138,2025-08-19,P007,R01,SR019,C067,116,41.55,4819.8
TXN07139,2024-08-06,P007,R04,SR028,C100,55,44.2,2431.0
TXN07140,2024-07-03,P006,R01,SR019,C060,96,28.98,2782.08
TXN07141,2024-02-24,P001,R01,SR007,C017,42,36.82,1546.44
TXN07142,2025-09-05,P002,R03,SR027,C041,85,57.46,4884.1
TXN07143,2025-11-05,P007,R05,SR029,C032,80,46.48,3718.4
TXN07144,2025-05-18,P004,R04,SR028,C080,119,49.1,5842.9
TXN07145,2025-02-12,P008,R06,SR018,C016,63,33.52,2111.76
TXN07146,2024-03-20,P004,R01,SR001,C060,107,49.17,5261.19
TXN07147,2024-08-13,P006,R02,SR026,C071,51,27.06,1380.06
TXN07148,2024-07-17,P001,R02,SR008,C049,104,39.7,4128.8
TXN07149,2024-10-13,P005,R06,SR030,C116,34,68.25,2320.5
TXN07150,2024-05-09,P007,R04,SR016,C005,79,40.46,3196.34
TXN07151,2024-11-26,P004,R04,SR004,C023,109,52.27,5697.43
TXN07152,2024-05-30,P007,R02,SR002,C033,141,43.43,6123.63
TXN07153,2024-10-15,P006,R05,SR017,C020,76,29.11,2212.36
TXN07154,2025-09-14,P005,R05,SR029,C038,38,67.32,2558.16
TXN07155,2024-10-08,P002,R02,SR008,C078,102,54.65,5574.3
TXN07156,2025-12-21,P005,R03,SR009,C003,63,67.42,4247.46
TXN07157,2025-04-11,P001,R02,SR002,C101,179,40.42,7235.18
TXN07158,2024-09-18,P003,R02,SR008,C075,103,33.34,3434.02
TXN07159,2024-03-11,P002,R01,SR013,C094,78,58.51,4563.78
TXN07160,2024-10-01,P003,R03,SR015,C037,70,33.5,2345.0
TXN07161,2024-06-12,P004,R06,SR018,C050,32,49.29,1577.28
TXN07162,2025-03-18,P003,R04,SR022,C080,153,33.47,5120.91
TXN07163,2024-06-17,P008,R01,SR013,C055,45,33.61,1512.45
TXN07164,2024-11-30,P002,R05,SR029,C083,46,54.2,2493.2
TXN07165,2025-03-06,P001,R01,SR019,C111,212,39.57,8388.84
TXN07166,2024-04-30,P006,R02,SR020,C071,54,30.14,1627.56
TXN07167,2025-04-17,P004,R02,SR026,C069,50,50.33,2516.5
TXN07168,2024-07-06,P005,R06,SR012,C085,84,65.98,5542.32
TXN07169,2025-10-18,P008,R06,SR030,C118,31,30.81,955.11
TXN07170,2024-06-06,P004,R06,SR030,C077,88,48.79,4293.52
TXN07171,2024-12-05,P002,R01,SR025,C031,95,53.73,5104.35
TXN07172,2024-12-01,P002,R05,SR023,C020,101,55.78,5633.78
TXN07173,2025-07-25,P002,R03,SR009,C052,35,57.3,2005.5
TXN07174,2024-07-31,P007,R04,SR022,C091,80,46.77,3741.6
TXN07175,2024-05-20,P001,R04,SR004,C029,38,39.68,1507.84
TXN07176,2024-07-17,P004,R06,SR012,C015,136,49.34,6710.24
TXN07177,2024-08-29,P003,R01,SR001,C055,68,31.9,2169.2
TXN07178,2024-10-02,P006,R01,SR013,C013,123,30.06,3697.38
TXN07179,2024-07-30,P001,R06,SR006,C086,166,40.61,6741.26
TXN07180,2024-05-21,P006,R05,SR023,C028,113,28.21,3187.73
TXN07181,2024-11-07,P006,R02,SR008,C075,92,29.36,2701.12
TXN07182,2024-09-25,P004,R03,SR021,C109,58,47.54,2757.32
TXN07183,2024-01-04,P003,R01,SR019,C022,105,32.95,3459.75
TXN07184,2025-01-20,P008,R01,SR013,C088,35,31.11,1088.85
TXN07185,2024-06-29,P008,R05,SR029,C112,36,32.06,1154.16
TXN07186,2024-10-29,P006,R05,SR011,C032,95,28.76,2732.2
TXN07187,2025-06-26,P002,R03,SR003,C006,90,52.07,4686.3
TXN07188,2025-11-29,P002,R06,SR012,C045,114,54.3,6190.2
TXN07189,2025-07-14,P003,R03,SR015,C053,46,35.27,1622.42
TXN07190,2025-03-18,P005,R04,SR016,C046,28,70.84,1983.52
TXN07191,2025-03-08,P001,R01,SR001,C031,116,40.77,4729.32
TXN07192,2024-01-25,P001,R03,SR021,C006,94,38.95,3661.3
TXN07193,2025-11-18,P003,R02,SR026,C042,88,33.69,2964.72
TXN07194,2024-11-09,P004,R01,SR019,C027,45,48.08,2163.6
TXN07195,2024-07-03,P004,R02,SR014,C034,60,44.32,2659.2
TXN07196,2025-11-14,P006,R03,SR027,C018,56,30.61,1714.16
TXN07197,2025-02-19,P007,R01,SR019,C017,42,42.78,1796.76
TXN07198,2025-01-05,P006,R01,SR001,C013,142,28.44,4038.48
TXN07199,2024-10-20,P002,R02,SR008,C071,62,54.86,3401.32
TXN07200,2025-10-09,P006,R06,SR018,C045,83,29.77,2470.91
TXN07201,2025-12-11,P003,R01,SR025,C055,60,32.11,1926.6
TXN07202,2025-03-15,P005,R05,SR023,C068,48,66.21,3178.08
TXN07203,2025-07-31,P007,R05,SR017,C032,76,44.69,3396.44
TXN07204,2025-07-28,P006,R03,SR021,C072,47,29.37,1380.39
TXN07205,2024-05-01,P001,R01,SR025,C119,59,40.42,2384.78
TXN07206,2024-05-02,P001,R02,SR008,C007,147,40.63,5972.61
TXN07207,2025-11-05,P004,R06,SR018,C045,89,49.6,4414.4
TXN07208,2024-02-01,P001,R01,SR025,C017,53,40.07,2123.71
TXN07209,2024-05-11,P003,R02,SR008,C033,113,32.38,3658.94
TXN07210,2025-10-15,P002,R01,SR007,C060,87,53.8,4680.6
TXN07211,2025-01-06,P003,R02,SR026,C069,53,33.66,1783.98
TXN07212,2024-05-03,P002,R02,SR002,C105,71,52.08,3697.68
TXN07213,2025-06-30,P007,R03,SR021,C018,57,42.08,2398.56
TXN07214,2025-03-21,P001,R02,SR008,C034,93,41.23,3834.39
TXN07215,2024-09-21,P008,R03,SR003,C025,30,32.25,967.5
TXN07216,2024-06-05,P003,R05,SR029,C083,41,33.54,1375.14
TXN07217,2025-04-15,P007,R01,SR025,C067,118,41.91,4945.38
TXN07218,2025-05-10,P005,R02,SR026,C108,65,67.5,4387.5
TXN07219,2024-12-14,P007,R01,SR019,C017,51,44.89,2289.39
TXN07220,2025-03-26,P002,R01,SR007,C088,79,54.95,4341.05
TXN07221,2024-02-05,P003,R05,SR011,C093,91,33.8,3075.8
TXN07222,2024-08-31,P001,R01,SR007,C057,78,39.09,3049.02
TXN07223,2025-10-20,P001,R01,SR007,C060,87,38.68,3365.16
TXN07224,2025-08-21,P007,R01,SR025,C031,75,46.32,3474.0
TXN07225,2024-01-16,P001,R05,SR017,C096,65,40.19,2612.35
TXN07226,2024-02-27,P003,R02,SR002,C049,116,32.6,3781.6
TXN07227,2024-02-08,P003,R06,SR030,C099,40,33.01,1320.4
TXN07228,2024-03-26,P002,R05,SR023,C115,188,55.26,10388.88
TXN07229,2024-10-11,P005,R01,SR019,C043,39,66.06,2576.34
TXN07230,2024-02-07,P006,R01,SR001,C013,119,30.73,3656.87
TXN07231,2025-12-20,P008,R02,SR026,C049,78,32.28,2517.84
TXN07232,2025-09-15,P001,R03,SR003,C052,65,38.14,2479.1
TXN07233,2025-12-16,P001,R04,SR016,C091,131,42.77,5602.87
TXN07234,2024-07-07,P004,R05,SR029,C008,30,50.02,1500.6
TXN07235,2024-12-14,P003,R03,SR021,C054,64,34.07,2180.48
TXN07236,2025-01-07,P002,R01,SR001,C111,142,58.09,8248.78
TXN07237,2025-04-09,P002,R04,SR022,C048,107,58.64,6274.48
TXN07238,2024-08-09,P005,R01,SR025,C064,72,64.96,4677.12
TXN07239,2024-09-03,P002,R02,SR002,C042,135,54.25,7323.75
TXN07240,2024-10-12,P007,R03,SR003,C052,41,42.14,1727.74
TXN07241,2025-10-04,P001,R05,SR029,C038,45,41.53,1868.85
TXN07242,2025-10-30,P001,R01,SR025,C064,98,41.76,4092.48
TXN07243,2024-09-18,P001,R03,SR009,C082,64,41.25,2640.0
TXN07244,2025-02-03,P002,R05,SR011,C056,74,52.29,3869.46
TXN07245,2025-08-11,P003,R03,SR027,C052,46,32.75,1506.5
TXN07246,2024-08-06,P002,R02,SR014,C075,109,55.29,6026.61
TXN07247,2025-04-11,P002,R06,SR012,C045,120,54.76,6571.2
TXN07248,2024-12-03,P003,R05,SR029,C114,32,31.75,1016.0
TXN07249,2024-02-19,P002,R02,SR026,C071,79,54.05,4269.95
TXN07250,2025-10-01,P006,R04,SR028,C080,89,31.16,2773.24
TXN07251,2025-09-10,P004,R06,SR018,C116,35,48.85,1709.75
TXN07252,2025-07-27,P002,R02,SR002,C033,230,59.48,13680.4
TXN07253,2025-10-23,P002,R05,SR029,C107,81,56.08,4542.48
TXN07254,2025-07-11,P006,R02,SR026,C105,39,29.57,1153.23
TXN07255,2025-03-07,P006,R04,SR028,C040,83,28.89,2397.87
TXN07256,2024-03-10,P008,R03,SR009,C082,34,33.75,1147.5
TXN07257,2024-04-16,P001,R01,SR007,C055,82,40.75,3341.5
TXN07258,2025-01-09,P001,R01,SR025,C031,122,40.89,4988.58
TXN07259,2024-12-31,P003,R01,SR001,C043,29,33.62,974.98
TXN07260,2025-09-02,P007,R01,SR001,C043,41,39.64,1625.24
TXN07261,2024-03-08,P004,R03,SR021,C024,65,44.81,2912.65
TXN07262,2024-05-04,P005,R02,SR014,C090,34,67.88,2307.92
TXN07263,2024-01-07,P003,R05,SR011,C038,52,35.04,1822.08
TXN07264,2024-10-16,P002,R04,SR016,C095,74,55.0,4070.0
TXN07265,2024-07-31,P001,R01,SR019,C017,68,40.93,2783.24
TXN07266,2024-03-12,P004,R02,SR008,C049,95,47.07,4471.65
TXN07267,2025-11-16,P004,R03,SR021,C009,41,49.98,2049.18
TXN07268,2025-12-22,P002,R04,SR010,C065,34,57.34,1949.56
TXN07269,2024-03-12,P002,R01,SR001,C022,131,57.32,7508.92
TXN07270,2025-08-18,P002,R04,SR010,C010,128,54.95,7033.6
TXN07271,2025-12-04,P006,R04,SR022,C004,36,27.36,984.96
TXN07272,2024-05-28,P001,R02,SR026,C007,186,39.95,7430.7
TXN07273,2025-08-09,P001,R01,SR025,C119,35,39.42,1379.7
TXN07274,2025-09-26,P006,R01,SR019,C067,112,29.32,3283.84
TXN07275,2025-10-11,P001,R01,SR001,C013,137,40.96,5611.52
TXN07276,2024-06-28,P001,R05,SR017,C117,85,38.67,3286.95
TXN07277,2025-08-23,P001,R02,SR026,C090,69,40.83,2817.27
TXN07278,2025-11-22,P002,R01,SR001,C057,71,53.47,3796.37
TXN07279,2024-01-18,P008,R06,SR018,C113,32,32.38,1036.16
TXN07280,2025-10-01,P008,R06,SR024,C045,58,31.71,1839.18
TXN07281,2024-02-01,P005,R01,SR007,C067,101,67.94,6861.94
TXN07282,2024-04-28,P002,R03,SR015,C009,40,54.5,2180.0
TXN07283,2025-04-24,P006,R03,SR027,C025,29,26.59,771.11
TXN07284,2024-07-13,P001,R05,SR029,C115,146,39.53,5771.38
TXN07285,2025-03-12,P003,R02,SR020,C078,159,32.24,5126.16
TXN07286,2025-10-10,P005,R02,SR002,C108,72,65.77,4735.44
TXN07287,2024-10-21,P002,R04,SR016,C046,24,52.95,1270.8
TXN07288,2025-11-15,P001,R03,SR003,C009,70,40.31,2821.7
TXN07289,2025-09-15,P007,R04,SR016,C040,81,43.88,3554.28
TXN07290,2025-10-07,P005,R05,SR029,C117,39,65.67,2561.13
TXN07291,2025-12-11,P004,R02,SR008,C049,89,49.72,4425.08
TXN07292,2025-11-14,P002,R01,SR007,C067,109,55.76,6077.84
TXN07293,2024-06-24,P002,R03,SR009,C072,44,52.5,2310.0
TXN07294,2025-12-13,P007,R03,SR027,C053,64,43.19,2764.16
TXN07295,2024-05-20,P003,R04,SR028,C023,136,36.56,4972.16
TXN07296,2025-02-19,P003,R03,SR009,C019,55,33.8,1859.0
TXN07297,2024-05-28,P002,R06,SR018,C062,60,54.98,3298.8
TXN07298,2024-01-22,P006,R01,SR013,C057,64,28.57,1828.48
TXN07299,2025-01-27,P007,R01,SR013,C088,49,41.45,2031.05
TXN07300,2025-01-19,P004,R02,SR020,C007,144,47.97,6907.68
TXN07301,2024-08-23,P005,R06,SR006,C110,68,63.3,4304.4
TXN07302,2025-05-24,P003,R04,SR004,C103,96,33.23,3190.08
TXN07303,2024-05-29,P003,R02,SR020,C090,42,34.43,1446.06
TXN07304,2024-03-15,P001,R03,SR027,C019,114,40.54,4621.56
TXN07305,2024-11-10,P003,R05,SR029,C115,104,34.88,3627.52
TXN07306,2025-01-03,P001,R01,SR019,C111,180,40.6,7308.0
TXN07307,2024-10-07,P007,R02,SR002,C105,50,42.14,2107.0
TXN07308,2025-02-12,P004,R01,SR013,C094,72,47.24,3401.28
TXN07309,2024-06-17,P007,R02,SR008,C071,60,43.85,2631.0
TXN07310,2025-05-08,P006,R05,SR011,C096,72,26.77,1927.44
TXN07311,2024-01-11,P003,R04,SR028,C046,36,34.43,1239.48
TXN07312,2024-04-21,P002,R05,SR017,C093,70,56.65,3965.5
TXN07313,2024-08-31,P003,R06,SR030,C077,62,32.54,2017.48
TXN07314,2025-05-18,P002,R04,SR004,C104,79,52.21,4124.59
TXN07315,2025-02-24,P003,R03,SR003,C014,104,34.69,3607.76
TXN07316,2024-01-29,P006,R01,SR007,C119,22,30.49,670.78
TXN07317,2025-11-23,P001,R03,SR027,C030,79,38.86,3069.94
TXN07318,2025-04-28,P002,R03,SR003,C018,91,58.32,5307.12
TXN07319,2024-07-23,P005,R03,SR027,,81,64.13,5194.53
TXN07320,2025-10-21,P001,R01,SR007,C057,79,40.58,3205.82
TXN07321,2024-11-20,P004,R01,SR013,C119,22,48.82,1074.04
TXN07322,2024-06-26,P007,R03,SR015,C054,41,41.13,1686.33
TXN07323,2024-06-18,P001,R06,SR018,C050,37,39.53,1462.61
TXN07324,2025-07-23,P001,R01,SR013,C027,51,39.81,2030.31
TXN07325,2024-11-26,P003,R05,SR011,C081,120,34.08,4089.6
TXN07326,2025-12-23,P005,R06,SR006,C016,109,65.47,7136.23
TXN07327,2025-06-04,P005,R02,SR008,C026,72,68.69,4945.68
TXN07328,2025-09-24,P006,R02,SR020,C058,92,29.82,2743.44
TXN07329,2025-04-07,P003,R01,SR001,C067,120,35.84,4300.8
TXN07330,2025-04-23,P005,R05,SR023,C063,67,71.14,4766.38
TXN07331,2025-08-08,P004,R06,SR012,C066,109,47.91,5222.19
TXN07332,2024-01-18,P002,R02,SR014,C034,77,54.48,4194.96
TXN07333,2025-09-09,P008,R05,SR017,C081,91,31.2,2839.2
TXN07334,2025-05-18,P004,R02,SR002,C069,70,46.64,3264.8
TXN07335,2024-03-23,P005,R04,SR016,C070,121,72.97,8829.37
TXN07336,2024-10-25,P005,R04,SR016,C029,28,63.66,1782.48
TXN07337,2025-12-14,P006,R02,SR014,C034,45,27.45,1235.25
TXN07338,2024-06-23,P008,R01,SR013,C013,104,32.49,3378.96
TXN07339,2024-04-19,P002,R05,SR005,C096,94,53.42,5021.48
TXN07340,2024-09-18,P002,R04,SR028,C103,77,54.06,4162.62
TXN07341,2024-04-09,P001,R04,SR028,C046,49,39.33,1927.17
TXN07342,2024-02-03,P001,R06,SR024,C098,129,37.88,4886.52
TXN07343,2024-06-05,P003,R04,SR010,C048,61,34.34,2094.74
TXN07344,2025-03-14,P004,R01,SR025,C043,42,47.1,1978.2
TXN07345,2024-08-05,P004,R01,SR013,C031,94,46.82,4401.08
TXN07346,2024-11-13,P003,R01,SR013,C017,54,34.47,1861.38
TXN07347,2025-01-09,P006,R04,SR028,C029,31,31.91,989.21
TXN07348,2024-09-27,P008,R03,SR003,C052,38,33.22,1262.36
TXN07349,2024-02-21,P007,R03,SR015,C072,32,43.64,1396.48
TXN07350,2024-07-04,P008,R01,SR025,C027,27,30.34,819.18
TXN07351,2025-04-23,P002,R02,SR014,C069,57,51.71,2947.47
TXN07352,2024-11-27,P008,R06,SR018,C061,58,32.84,1904.72
TXN07353,2025-09-25,P005,R06,SR006,C085,86,67.01,5762.86
TXN07354,2025-03-11,P002,R01,SR001,C055,74,57.01,4218.74
TXN07355,2025-10-08,P002,R05,SR029,C038,47,56.38,2649.86
TXN07356,2025-06-21,P008,R01,SR025,C111,98,32.35,3170.3
TXN07357,2025-08-01,P002,R05,SR005,C073,73,55.52,4052.96
TXN07358,2024-03-16,P001,R02,SR020,C034,107,39.32,4207.24
TXN07359,2025-07-31,P007,R02,SR014,C075,129,42.46,5477.34
TXN07360,2024-07-09,P007,R02,SR002,C058,92,41.65,3831.8
TXN07361,2025-05-22,P003,R01,SR013,C017,51,34.46,1757.46
TXN07362,2024-04-02,P003,R02,SR002,C036,65,33.69,2189.85
TXN07363,2024-05-26,P004,R05,SR011,C081,177,48.09,8511.93
TXN07364,2025-04-12,P001,R03,SR027,C052,75,40.69,3051.75
TXN07365,2025-12-03,P005,R06,SR030,C066,92,70.15,6453.8
TXN07366,2024-04-24,P008,R01,SR019,C111,129,30.96,3993.84
TXN07367,2025-07-21,P005,R06,SR006,C021,63,67.93,4279.59
TXN07368,2025-11-21,P001,R03,SR027,C082,90,39.26,3533.4
TXN07369,2024-01-19,P004,R05,SR017,C093,64,47.22,3022.08
TXN07370,2025-01-11,P001,R06,SR030,C016,108,40.22,4343.76
TXN07371,2024-11-10,P005,R04,SR016,C104,66,67.06,4425.96
TXN07372,2025-01-17,P005,R01,SR007,C067,104,71.55,7441.2
TXN07373,2024-08-31,P001,R05,SR011,C117,96,38.02,3649.92
TXN07374,2024-10-14,P007,R02,SR014,C108,72,42.29,3044.88
TXN07375,2025-08-11,P003,R04,SR010,,117,33.93,3969.81
TXN07376,2025-12-16,P005,R06,SR018,C086,68,69.11,4699.48
TXN07377,2024-07-30,P001,R02,SR020,C042,105,39.51,4148.55
TXN07378,2025-01-13,P003,R06,SR006,C051,60,34.23,2053.8
TXN07379,2024-04-11,P002,R01,SR019,C060,124,53.4,6621.6
TXN07380,2025-11-30,P008,R04,SR022,C004,30,33.42,1002.6
TXN07381,2024-09-12,P005,R05,SR023,C112,55,68.21,3751.55
TXN07382,2025-01-01,P007,R02,SR008,C007,115,43.74,5030.1
TXN07383,2024-06-16,P001,R02,SR002,C097,61,42.36,2583.96
TXN07384,2024-07-11,P002,R01,SR013,C057,72,53.57,3857.04
TXN07385,2025-11-30,P002,R01,SR001,C031,78,57.0,4446.0
TXN07386,2025-06-23,P004,R02,SR008,C069,40,47.09,1883.6
TXN07387,2024-06-17,P005,R05,SR011,C073,66,66.57,4393.62
TXN07388,2025-01-26,P007,R02,SR002,C097,38,42.19,1603.22
TXN07389,2024-06-11,P001,R05,SR011,C063,104,41.1,4274.4
TXN07390,2024-03-16,P003,R02,SR002,C108,85,35.56,3022.6
TXN07391,2025-05-09,P003,R02,SR026,C105,57,33.79,1926.03
TXN07392,2025-02-07,P007,R06,SR018,C106,41,43.51,1783.91
TXN07393,2024-09-15,P005,R06,SR018,C099,30,66.65,1999.5
TXN07394,2024-10-30,P001,R06,SR012,C079,134,41.67,5583.78
TXN07395,2025-06-12,P002,R01,SR025,C119,42,54.33,2281.86
TXN07396,2024-06-22,P002,R05,SR023,C117,89,55.52,4941.28
TXN07397,2024-09-26,P005,R02,SR008,C078,81,67.89,5499.09
TXN07398,2025-04-03,P005,R02,SR020,C033,136,70.35,9567.6
TXN07399,2024-01-03,P004,R04,SR004,C104,52,47.93,2492.36
TXN07400,2025-03-10,P006,R01,SR001,C013,110,29.86,3284.6
TXN07401,2024-11-10,P001,R05,SR011,C028,132,39.86,5261.52
TXN07402,2025-07-04,P008,R03,SR003,C018,61,32.4,1976.4
TXN07403,2025-10-18,P002,R02,SR008,C033,127,56.66,7195.82
TXN07404,2024-08-13,P002,R03,SR003,C041,86,53.71,4619.06
TXN07405,2025-11-16,P001,R01,SR025,C017,68,39.61,2693.48
TXN07406,2024-07-11,P002,R06,SR018,C062,38,57.02,2166.76
TXN07407,2025-02-23,P001,R01,SR025,C067,188,39.41,7409.08
TXN07408,2025-05-21,P002,R02,SR020,C105,62,53.85,3338.7
TXN07409,2024-10-06,P003,R06,SR018,C079,75,35.4,2655.0
TXN07410,2024-03-08,P003,R02,SR026,C036,52,33.32,1732.64
TXN07411,2025-07-21,P002,R04,SR028,C039,117,56.86,6652.62
TXN07412,2025-04-10,P001,R02,SR020,C105,77,41.58,3201.66
TXN07413,2024-04-07,P001,R01,SR013,C057,107,39.15,4189.05
TXN07414,2025-08-29,P001,R02,SR020,C049,126,39.48,4974.48
TXN07415,2025-10-14,P002,R01,SR025,C027,50,57.97,2898.5
TXN07416,2024-05-05,P004,R03,SR009,C052,41,48.19,1975.79
TXN07417,2024-02-25,P002,R04,SR022,C100,71,55.43,3935.53
TXN07418,2024-05-22,P004,R06,SR012,C113,81,49.01,3969.81
TXN07419,2025-01-26,P003,R04,SR016,C029,32,36.35,1163.2
TXN07420,2025-12-10,P004,R05,SR029,C056,28,48.69,1363.32
TXN07421,2025-07-20,P008,R02,SR014,C075,96,31.63,3036.48
TXN07422,2024-05-15,P004,R01,SR019,C055,67,47.7,3195.9
TXN07423,2025-12-11,P006,R01,SR007,C012,52,29.15,1515.8
TXN07424,2025-05-21,P002,R01,SR019,C031,114,55.56,6333.84
TXN07425,2024-02-14,P004,R01,SR019,C064,117,50.36,5892.12
TXN07426,2025-11-26,P002,R05,SR011,C008,58,55.95,3245.1
TXN07427,2025-06-27,P007,R03,SR027,C072,30,41.42,1242.6
TXN07428,2024-12-26,P007,R01,SR001,C057,78,44.79,3493.62
TXN07429,2024-12-17,P001,R04,SR016,,89,40.38,3593.82
TXN07430,2024-04-01,P001,R01,SR001,C017,67,40.16,2690.72
TXN07431,2024-01-22,P001,R01,SR001,C031,134,40.37,5409.58
TXN07432,2024-07-08,P005,R05,SR011,C117,58,65.94,3824.52
TXN07433,2024-09-27,P002,R04,SR004,C010,144,55.32,7966.08
TXN07434,2025-08-29,P002,R02,SR014,C108,61,56.16,3425.76
TXN07435,2024-09-13,P007,R01,SR025,C055,57,41.16,2346.12
TXN07436,2024-03-17,P003,R01,SR007,C060,87,34.22,2977.14
TXN07437,2025-06-10,P001,R02,SR020,C034,119,38.68,4602.92
TXN07438,2025-08-16,P006,R02,SR026,C058,79,29.6,2338.4
TXN07439,2024-07-13,P001,R04,SR016,C104,88,38.35,3374.8
TXN07440,2024-01-11,P007,R06,SR006,C035,129,43.36,5593.44
TXN07441,2025-08-31,P006,R01,SR025,C027,42,27.38,1149.96
TXN07442,2025-01-02,P002,R01,SR019,C064,126,53.86,6786.36
TXN07443,2024-01-04,P008,R04,SR028,C048,43,34.47,1482.21
TXN07444,2025-04-01,P008,R03,SR015,C054,33,33.07,1091.31
TXN07445,2025-11-03,P006,R05,SR023,C032,109,29.94,3263.46
TXN07446,2025-05-16,P008,R04,SR022,C065,34,30.43,1034.62
TXN07447,2025-07-04,P007,R05,SR005,C117,63,41.86,2637.18
TXN07448,2025-11-09,P006,R01,SR001,C067,120,28.56,3427.2
TXN07449,2024-03-27,P004,R02,SR002,C069,48,52.91,2539.68
TXN07450,2025-08-02,P008,R02,SR002,C101,97,31.44,3049.68
TXN07451,2024-05-05,P002,R04,SR016,C102,135,52.97,7150.95
TXN07452,2024-08-26,P001,R03,SR003,C030,109,37.98,4139.82
TXN07453,2024-05-10,P007,R03,SR015,C072,29,41.94,1216.26
TXN07454,2025-03-11,P003,R01,SR025,C088,57,33.73,1922.61
TXN07455,2025-05-30,P002,R02,SR026,C090,71,56.59,4017.89
TXN07456,2025-05-18,P006,R03,SR027,C024,44,28.34,1246.96
TXN07457,2025-09-14,P004,R03,SR003,C024,38,48.17,1830.46
TXN07458,2024-03-15,P003,R01,SR001,C027,50,34.22,1711.0
TXN07459,2024-05-07,P003,R06,SR012,C021,70,33.01,2310.7
TXN07460,2024-01-04,P002,R06,SR006,C079,118,54.77,6462.86
TXN07461,2025-08-01,P003,R03,SR009,C037,99,31.11,3079.89
TXN07462,2025-02-12,P005,R04,SR022,C100,51,61.17,3119.67
TXN07463,2025-03-30,P008,R05,SR023,C093,60,33.0,1980.0
TXN07464,2024-02-16,P002,R03,SR009,C082,71,53.83,3821.93
TXN07465,2025-03-30,P006,R04,SR016,C103,81,28.67,2322.27
TXN07466,2024-05-13,P001,R01,SR025,C017,70,40.33,2823.1
TXN07467,2025-02-18,P006,R01,SR019,C060,82,28.68,2351.76
TXN07468,2025-10-27,P004,R02,SR020,C049,101,48.3,4878.3
TXN07469,2024-12-18,P004,R01,SR019,C012,63,45.73,2880.99
TXN07470,2024-04-07,P004,R01,SR025,C064,101,48.37,4885.37
TXN07471,2024-04-05,P008,R05,SR023,C084,145,31.92,4628.4
TXN07472,2024-12-31,P008,R02,SR014,C108,35,31.3,1095.5
TXN07473,2024-09-16,P004,R04,SR010,C010,105,51.9,5449.5
TXN07474,2024-11-03,P006,R04,SR004,C100,51,29.54,1506.54
TXN07475,2024-10-11,P002,R01,SR013,C031,89,56.46,5024.94
TXN07476,2025-07-24,P007,R02,SR014,C092,35,42.53,1488.55
TXN07477,2024-02-20,P005,R05,SR017,C107,81,64.86,5253.66
TXN07478,2025-07-27,P008,R03,SR009,C037,56,32.24,1805.44
TXN07479,2024-04-02,P001,R06,SR024,C047,62,40.0,2480.0
TXN07480,2025-08-09,P001,R05,SR023,C032,134,42.43,5685.62
TXN07481,2024-03-09,P002,R04,SR022,C029,49,59.13,2897.37
TXN07482,2024-06-08,P002,R01,SR013,C055,71,54.95,3901.45
TXN07483,2024-06-06,P004,R01,SR007,C111,126,50.55,6369.3
TXN07484,2025-08-13,P003,R03,SR015,C109,27,34.91,942.57
TXN07485,2024-11-16,P005,R06,SR012,C044,58,70.56,4092.48
TXN07486,2025-03-08,P004,R04,SR016,C095,65,49.81,3237.65
TXN07487,2024-11-08,P004,R01,SR025,C119,29,49.76,1443.04
TXN07488,2025-10-21,P003,R01,SR019,C055,55,32.32,1777.6
TXN07489,2024-05-18,P003,R03,SR027,C041,87,35.04,3048.48
TXN07490,2024-06-18,P001,R04,SR022,C095,85,40.58,3449.3
TXN07491,2024-09-01,P001,R05,SR005,C081,167,39.81,6648.27
TXN07492,2025-07-24,P002,R01,SR019,C067,176,54.92,9665.92
TXN07493,2024-10-09,P002,R05,SR011,C093,81,55.03,4457.43
TXN07494,2025-11-26,P007,R01,SR007,C013,99,43.6,4316.4
TXN07495,2025-05-20,P001,R02,SR020,C071,101,38.94,3932.94
TXN07496,2024-04-07,P004,R02,SR014,C033,129,50.39,6500.31
TXN07497,2025-06-24,P008,R05,SR011,C081,110,31.85,3503.5
TXN07498,2025-06-12,P003,R02,SR026,C069,61,33.08,2017.88
TXN07499,2025-01-07,P005,R04,SR010,C040,66,64.79,4276.14
TXN07500,2024-02-21,P004,R01,SR025,C111,133,48.61,6465.13
TXN07501,2024-02-13,P001,R02,SR008,C069,60,39.62,2377.2
TXN07502,2025-04-17,P006,R02,SR008,C036,41,27.94,1145.54
TXN07503,2025-05-11,P002,R01,SR007,C031,110,55.81,6139.1
TXN07504,2024-09-18,P003,R02,SR008,C049,71,34.0,2414.0
TXN07505,2024-09-10,P001,R06,SR024,C066,117,36.92,4319.64
TXN07506,2025-09-11,P003,R06,SR006,C099,43,32.58,1400.94
TXN07507,2025-05-24,P004,R04,SR016,C046,30,47.74,1432.2
TXN07508,2024-04-18,P008,R01,SR007,C027,26,31.43,817.18
TXN07509,2024-12-07,P006,R04,SR010,C095,49,28.96,1419.04
TXN07510,2024-10-19,P004,R01,SR019,C055,55,49.14,2702.7
TXN07511,2024-04-24,P002,R04,SR028,C102,114,53.21,6065.94
TXN07512,2025-08-03,P002,R02,SR002,C007,200,55.85,11170.0
TXN07513,2024-01-29,P003,R05,SR011,C117,77,34.04,2621.08
TXN07514,2025-06-16,P002,R05,SR017,C081,150,53.37,8005.5
TXN07515,2024-09-02,P006,R04,SR010,C091,61,28.46,1736.06
TXN07516,2025-03-17,P003,R03,SR003,C006,84,35.45,2977.8
TXN07517,2024-04-27,P001,R01,SR025,C022,130,39.61,5149.3
TXN07518,2024-07-18,P001,R01,SR019,C022,137,38.34,5252.58
TXN07519,2024-02-29,P004,R02,SR026,C075,120,50.68,6081.6
TXN07520,2024-01-12,P002,R01,SR013,C013,158,54.19,8562.02
TXN07521,2024-12-17,P003,R04,SR028,C010,123,32.34,3977.82
TXN07522,2025-05-31,P002,R05,SR029,C107,97,54.92,5327.24
TXN07523,2024-03-01,P003,R03,SR027,C024,57,35.58,2028.06
TXN07524,2024-09-16,P005,R04,SR022,C095,56,65.74,3681.44
TXN07525,2024-09-08,P007,R03,SR021,C030,57,45.7,2604.9
TXN07526,2025-10-18,P003,R01,SR007,C043,31,34.15,1058.65
TXN07527,2024-03-20,P002,R03,SR021,C011,74,56.88,4209.12
TXN07528,2025-02-21,P002,R04,SR016,C102,124,55.1,6832.4
TXN07529,2024-01-28,P003,R02,SR002,C034,70,34.96,2447.2
TXN07530,2025-09-19,P004,R02,SR002,C105,58,49.27,2857.66
TXN07531,2024-11-08,P002,R01,SR025,C111,158,55.33,8742.14
TXN07532,2024-10-25,P008,R02,SR014,C058,46,29.48,1356.08
TXN07533,2025-04-30,P006,R04,SR004,C095,60,28.7,1722.0
TXN07534,2025-01-10,P005,R06,SR024,C062,37,70.94,2624.78
TXN07535,2025-06-07,P007,R01,SR013,C057,58,42.64,2473.12
TXN07536,2025-08-06,P002,R02,SR020,C097,56,56.01,3136.56
TXN07537,2024-05-25,P003,R04,SR016,C023,130,35.14,4568.2
TXN07538,2025-01-04,P002,R06,SR030,C061,108,53.56,5784.48
TXN07539,2024-01-08,P003,R02,SR020,C071,69,35.64,2459.16
TXN07540,2024-11-01,P002,R06,SR012,C089,36,58.68,2112.48
TXN07541,2024-02-15,P002,R04,SR004,C040,97,55.12,5346.64
TXN07542,2024-11-20,P008,R06,SR030,C087,38,32.43,1232.34
TXN07543,2025-01-30,P001,R05,SR023,C063,116,38.93,4515.88
TXN07544,2025-05-11,P003,R04,SR004,C080,123,33.9,4169.7
TXN07545,2025-07-17,P001,R02,SR014,C026,75,38.91,2918.25
TXN07546,2024-12-07,P002,R02,SR008,C007,147,56.47,8301.09
TXN07547,2025-03-18,P006,R01,SR007,C057,65,27.42,1782.3
TXN07548,2024-12-29,P007,R03,SR015,C030,39,44.3,1727.7
TXN07549,2025-07-20,P007,R01,SR001,C094,60,42.76,2565.6
TXN07550,2025-11-13,P005,R02,SR002,C049,92,67.61,6220.12
TXN07551,2024-03-11,P004,R03,SR027,C014,98,47.97,4701.06
TXN07552,2024-09-14,P003,R01,SR013,C043,49,34.46,1688.54
TXN07553,2024-04-03,P001,R01,SR007,C012,90,37.67,3390.3
TXN07554,2025-01-31,P002,R02,SR002,C042,168,61.73,10370.64
TXN07555,2025-05-09,P002,R05,SR017,C115,154,53.87,8295.98
TXN07556,2025-06-24,P005,R06,SR012,C116,60,65.36,3921.6
TXN07557,2024-09-23,P008,R04,SR016,C004,31,31.48,975.88
TXN07558,2025-08-08,P005,R03,SR015,C052,22,65.5,1441.0
TXN07559,2025-03-21,P006,R01,SR013,C067,138,29.55,4077.9
TXN07560,2025-10-11,P003,R99,SR019,C012,57,33.61,1915.77
TXN07561,2025-10-26,P001,R01,SR025,C027,56,41.4,2318.4
TXN07562,2025-01-14,P002,R01,SR019,C013,153,50.35,7703.55
TXN07563,2024-10-04,P007,R01,SR001,C013,107,44.09,4717.63
TXN07564,2025-11-01,P004,R04,SR022,C102,81,45.37,3674.97
TXN07565,2024-08-08,P005,R02,SR026,C092,34,70.31,2390.54
TXN07566,2024-07-26,P006,R02,SR008,C058,54,29.18,1575.72
TXN07567,2024-02-22,P002,R05,SR017,C096,69,54.67,3772.23
TXN07568,2025-10-14,P008,R05,SR029,C107,48,32.24,1547.52
TXN07569,2025-01-11,P007,R01,SR025,C022,88,39.74,3497.12
TXN07570,2024-09-29,P007,R03,SR009,C072,31,44.53,1380.43
TXN07571,2025-09-23,P004,R04,SR028,C102,78,51.0,3978.0
TXN07572,2024-11-11,P002,R04,SR004,C091,93,53.37,4963.41
TXN07573,2024-02-04,P003,R06,SR030,C086,95,34.52,3279.4
TXN07574,2025-01-03,P004,R99,SR001,C013,124,48.93,6067.32
TXN07575,2025-06-28,P002,R06,SR030,C001,47,56.62,2661.14
TXN07576,2024-10-03,P006,R06,SR006,C098,102,27.71,2826.42
TXN07577,2024-11-22,P003,R01,SR013,C027,44,34.13,1501.72
TXN07578,2024-07-27,P001,R06,SR012,C051,63,40.91,2577.33
TXN07579,2024-10-06,P001,R01,SR013,C060,132,39.45,5207.4
TXN07580,2024-06-13,P002,R03,SR021,C052,51,59.04,3011.04
TXN07581,2024-01-20,P005,R05,SR017,C008,32,68.68,2197.76
TXN07582,2025-10-26,P008,R01,SR007,C013,62,30.8,1909.6
TXN07583,2024-11-27,P006,R01,SR025,C012,54,29.56,1596.24
TXN07584,2024-08-10,P005,R03,SR015,C109,27,67.92,1833.84
TXN07585,2024-10-15,P001,R01,SR025,C060,121,40.12,4854.52
TXN07586,2024-09-09,P008,R05,SR029,C107,54,31.91,1723.14
TXN07587,2025-10-30,P006,R02,SR020,C049,105,25.91,2720.55
TXN07588,2024-11-24,P004,R02,SR002,C097,39,49.59,1934.01
TXN07589,2025-01-21,P002,R01,SR019,C027,71,52.84,3751.64
TXN07590,2024-03-13,P004,R06,SR012,C044,99,46.46,4599.54
TXN07591,2025-07-10,P002,R01,SR001,C027,49,56.64,2775.36
TXN07592,2025-05-31,P008,R02,SR002,C105,56,32.01,1792.56
TXN07593,2025-08-07,P002,R05,SR023,C084,180,55.44,9979.2
TXN07594,2025-06-06,P003,R01,SR019,C027,45,34.89,1570.05
TXN07595,2025-01-21,P007,R05,SR005,C083,44,44.04,1937.76
TXN07596,2024-12-10,P002,R02,SR014,C058,81,51.76,4192.56
TXN07597,2025-03-14,P002,R02,SR026,C034,115,54.34,6249.1
TXN07598,2024-08-06,P003,R01,SR019,C043,46,34.58,1590.68
TXN07599,2025-09-06,P001,R03,SR003,C003,136,39.94,5431.84
TXN07600,2024-05-05,P003,R04,SR010,C102,99,34.61,3426.39
TXN07601,2024-05-31,P001,R03,SR009,C011,76,42.23,3209.48
TXN07602,2025-01-30,P005,R01,SR025,C022,87,68.61,5969.07
TXN07603,2024-04-17,P004,R04,SR016,C048,60,50.13,3007.8
TXN07604,2024-10-24,P005,R02,SR020,C097,24,67.96,1631.04
TXN07605,2025-12-12,P002,R02,SR002,C033,198,55.23,10935.54
TXN07606,2025-04-24,P006,R06,SR030,C001,49,27.54,1349.46
TXN07607,2025-04-30,P001,R05,SR005,C063,94,38.69,3636.86
TXN07608,2025-03-20,P008,R05,SR029,C028,56,31.71,1775.76
TXN07609,2025-07-25,P006,R03,SR009,C109,30,30.02,900.6
TXN07610,2024-09-08,P006,R06,SR030,C116,45,27.04,1216.8
TXN07611,2024-07-04,P002,R05,SR005,C081,136,53.21,7236.56
TXN07612,2025-01-12,P005,R04,SR010,C010,98,63.92,6264.16
TXN07613,2024-05-08,P001,R05,SR029,C093,75,40.34,3025.5
TXN07614,2024-04-28,P004,R01,SR007,C013,90,47.65,4288.5
TXN07615,2024-10-23,P003,R02,SR014,C049,71,34.87,2475.77
TXN07616,2024-03-01,P003,R03,SR009,C037,82,31.66,2596.12
TXN07617,2024-03-27,P007,R03,SR009,C082,55,39.17,2154.35
TXN07618,2024-04-07,P008,R03,SR021,C014,87,33.48,2912.76
TXN07619,2025-01-20,P006,R02,SR002,C007,174,27.34,4757.16
TXN07620,2024-12-25,P004,R04,SR016,C102,92,50.92,4684.64
TXN07621,2025-05-15,P001,R01,SR007,C067,168,37.9,6367.2
TXN07622,2025-04-21,P003,R05,SR011,C038,56,33.74,1889.44
TXN07623,2025-12-22,P001,R06,SR024,C079,107,39.21,4195.47
TXN07624,2025-03-14,P006,R03,SR021,C030,70,30.92,2164.4
TXN07625,2024-06-12,P001,R05,SR017,C093,65,39.28,2553.2
TXN07626,2025-07-03,P003,R02,SR002,C007,169,33.68,5691.92
TXN07627,2025-04-10,P002,R06,SR030,C062,44,57.02,2508.88
TXN07628,2024-06-23,P006,R06,SR006,C085,98,29.87,2927.26
TXN07629,2025-01-24,P005,R03,SR021,C024,44,64.96,2858.24
TXN07630,2025-08-25,P001,R01,SR025,C013,152,38.52,5855.04
TXN07631,2024-05-05,P001,R06,SR018,C062,51,39.81,2030.31
TXN07632,2024-09-07,P003,R06,SR006,C120,64,33.01,2112.64
TXN07633,2025-10-23,P001,R02,SR002,C078,207,38.9,8052.3
TXN07634,2025-11-19,P005,R06,SR018,C045,59,68.39,4035.01
TXN07635,2025-02-24,P006,R02,SR014,C034,62,30.05,1863.1
TXN07636,2024-03-23,P007,R04,SR022,C065,55,44.8,2464.0
TXN07637,2025-09-03,P004,R02,SR014,C033,128,47.93,6135.04
TXN07638,2024-12-09,P002,R06,SR030,C118,43,56.03,2409.29
TXN07639,2024-10-30,P002,R05,SR023,C093,73,54.3,3963.9
TXN07640,2024-09-13,P004,R05,SR005,C114,41,46.65,1912.65
TXN07641,2025-06-24,P005,R02,SR002,C078,141,67.66,9540.06
TXN07642,2025-01-06,P007,R05,SR029,C083,41,41.98,1721.18
TXN07643,2024-10-23,P004,R05,SR023,C081,153,50.25,7688.25
TXN07644,2024-03-11,P006,R02,SR026,C075,133,27.67,3680.11
TXN07645,2025-07-31,P001,R05,SR011,C093,98,40.08,3927.84
TXN07646,2024-12-27,P003,R03,SR015,C109,27,34.3,926.1
TXN07647,2025-10-21,P003,R01,SR001,C055,60,34.65,2079.0
TXN07648,2025-04-01,P001,R03,SR015,C082,58,38.04,2206.32
TXN07649,2025-07-24,P006,R05,SR005,C084,115,31.36,3606.4
TXN07650,2025-01-15,P008,R01,SR013,C060,60,31.47,1888.2
TXN07651,2025-05-09,P001,R01,SR007,C017,51,39.78,2028.78
TXN07652,2025-06-21,P001,R01,SR013,C017,63,39.02,2458.26
TXN07653,2024-10-01,P008,R06,SR024,C118,23,32.5,747.5
TXN07654,2025-07-07,P004,R03,SR021,C054,84,51.47,4323.48
TXN07655,2025-03-04,P005,R01,SR019,C031,75,68.44,5133.0
TXN07656,2025-07-28,P006,R04,SR022,C046,26,28.75,747.5
TXN07657,2024-07-09,P008,R01,SR013,C043,34,32.67,1110.78
TXN07658,2025-03-16,P002,R01,SR025,C094,69,56.86,3923.34
TXN07659,2025-01-21,P002,R04,SR010,C048,75,57.12,4284.0
TXN07660,2024-11-22,P008,R01,SR019,C111,97,33.53,3252.41
TXN07661,2025-10-16,P001,R02,SR002,C049,150,39.82,5973.0
TXN07662,2025-05-14,P001,R01,SR007,C060,119,38.95,4635.05
TXN07663,2024-03-13,P007,R04,SR016,C065,58,43.75,2537.5
TXN07664,2024-05-29,P001,R01,SR019,C119,46,40.22,1850.12
TXN07665,2025-08-27,P002,R01,SR001,C027,54,54.21,2927.34
TXN07666,2025-07-01,P005,R05,SR029,C093,38,66.37,2522.06
TXN07667,2025-01-21,P007,R04,SR028,C104,45,44.31,1993.95
TXN07668,2024-11-11,P001,R02,SR002,C026,82,41.4,3394.8
TXN07669,2024-12-06,P006,R06,SR024,C089,24,28.54,684.96
TXN07670,2024-08-09,P001,R06,SR006,C098,152,39.72,6037.44
TXN07671,2025-04-14,P002,R03,SR003,C024,58,56.0,3248.0
TXN07672,2025-08-02,P006,R01,SR001,C067,111,28.73,3189.03
TXN07673,2024-01-05,P004,R02,SR026,C036,38,50.43,1916.34
TXN07674,2024-11-05,P003,R01,SR007,C060,71,32.9,2335.9
TXN07675,2025-04-14,P007,R03,SR009,C009,44,42.66,1877.04
TXN07676,2025-04-25,P002,R01,SR019,C012,86,52.91,4550.26
TXN07677,2025-01-08,P004,R01,SR025,C064,68,48.0,3264.0
TXN07678,2024-04-02,P001,R03,SR027,C054,112,41.29,4624.48
TXN07679,2025-02-05,P001,R01,SR001,C111,162,39.55,6407.1
TXN07680,2025-08-18,P001,R03,SR009,C082,73,41.06,2997.38
TXN07681,2025-07-30,P006,R05,SR023,C081,150,28.85,4327.5
TXN07682,2024-05-14,P007,R01,SR019,C057,80,43.72,3497.6
TXN07683,2024-09-13,P005,R01,SR007,C022,64,71.12,4551.68
TXN07684,2024-02-27,P003,R04,SR004,C004,49,33.31,1632.19
TXN07685,2024-08-08,P006,R04,SR022,C102,78,29.43,2295.54
TXN07686,2024-07-02,P002,R01,SR013,C064,111,57.19,6348.09
TXN07687,2024-11-16,P004,R02,SR014,C058,66,51.57,3403.62
TXN07688,2024-06-28,P008,R04,SR016,C039,67,31.38,2102.46
TXN07689,2025-11-01,P001,R02,SR020,C090,50,40.4,2020.0
TXN07690,2024-07-19,P003,R04,SR004,C005,64,35.52,2273.28
TXN07691,2025-05-17,P004,R03,SR027,C041,81,49.4,4001.4
TXN07692,2024-08-12,P006,R04,SR022,C005,56,29.87,1672.72
TXN07693,2024-05-21,P006,R02,SR014,C007,109,30.2,3291.8
TXN07694,2024-01-07,P003,R02,SR008,C042,68,34.96,2377.28
TXN07695,2024-09-28,P005,R04,SR016,C103,63,65.49,4125.87
TXN07696,2025-10-22,P003,R02,SR020,C090,55,30.74,1690.7
TXN07697,2024-05-12,P004,R03,SR027,C053,83,50.37,4180.71
TXN07698,2024-06-13,P002,R03,SR027,C014,123,57.72,7099.56
TXN07699,2024-11-15,P008,R06,SR030,C098,73,33.13,2418.49
TXN07700,2024-02-03,P001,R02,SR008,C075,171,40.85,6985.35
TXN07701,2025-04-06,P002,R01,SR025,C094,81,57.76,4678.56
TXN07702,2025-04-18,P002,R02,SR002,C092,83,53.18,4413.94
TXN07703,2025-09-11,P008,R04,SR028,C040,50,33.04,1652.0
TXN07704,2025-02-07,P004,R05,SR023,C081,154,50.58,7789.32
TXN07705,2025-10-17,P006,R02,SR020,C108,66,28.85,1904.1
TXN07706,2025-03-03,P002,R03,SR027,C014,133,54.27,7217.91
TXN07707,2024-01-16,P001,R04,SR010,C065,50,40.0,2000.0
TXN07708,2025-03-24,P001,R02,SR020,C034,110,38.62,4248.2
TXN07709,2024-05-11,P005,R04,SR016,C029,31,72.52,2248.12
TXN07710,2025-04-20,P002,R02,SR002,C092,84,54.4,4569.6
TXN07711,2025-07-23,P003,R03,SR003,C030,91,33.29,3029.39
TXN07712,2025-08-15,P008,R01,SR007,C064,57,33.19,1891.83
TXN07713,2025-06-11,P004,R03,SR015,C009,37,47.64,1762.68
TXN07714,2024-08-12,P007,R01,SR025,C022,110,45.11,4962.1
TXN07715,2025-02-28,P002,R05,SR005,C068,51,58.15,2965.65
TXN07716,2024-07-28,P006,R01,SR007,C031,71,29.68,2107.28
TXN07717,2025-02-13,P004,R03,SR021,C019,78,48.52,3784.56
TXN07718,2024-12-29,P002,R06,SR024,C085,134,57.18,7662.12
TXN07719,2024-06-01,P003,R04,SR016,C102,93,32.94,3063.42
TXN07720,2024-11-05,P007,R01,SR001,C057,47,43.42,2040.74
TXN07721,2025-12-26,P001,R04,SR022,C004,62,42.95,2662.9
TXN07722,2025-06-23,P003,R02,SR002,C034,92,33.28,3061.76
TXN07723,2025-08-13,P002,R01,SR019,C027,61,56.83,3466.63
TXN07724,2024-05-23,P003,R02,SR026,C042,105,33.78,3546.9
TXN07725,2025-08-24,P007,R04,SR028,C070,112,44.24,4954.88
TXN07726,2025-10-06,P005,R03,SR021,C053,61,70.96,4328.56
TXN07727,2025-02-05,P005,R01,SR001,C060,79,64.64,5106.56
TXN07728,2024-02-01,P003,R05,SR023,C028,124,33.76,4186.24
TXN07729,2025-10-25,P004,R04,SR022,C070,151,50.78,7667.78
TXN07730,2025-10-21,P001,R01,SR001,C088,66,39.34,2596.44
TXN07731,2024-08-13,P006,R03,SR015,C011,37,29.56,1093.72
TXN07732,2025-05-05,P003,R01,SR025,C013,123,34.0,4182.0
TXN07733,2025-08-31,P006,R01,SR025,C057,69,29.49,2034.81
TXN07734,2024-08-25,P005,R05,SR011,C073,59,68.73,4055.07
TXN07735,2024-05-30,P001,R03,SR003,C072,63,40.59,2557.17
TXN07736,2024-01-09,P008,R05,SR017,C117,37,32.77,1212.49
TXN07737,2024-12-10,P003,R01,SR001,C119,30,32.79,983.7
TXN07738,2025-09-15,P002,R05,SR029,C115,125,54.69,6836.25
TXN07739,2025-12-29,P002,R06,SR012,C110,61,52.6,3208.6
TXN07740,2025-04-05,P006,R04,SR004,C010,118,29.28,3455.04
TXN07741,2025-10-06,P007,R01,SR025,C043,32,43.22,1383.04
TXN07742,2025-10-22,P003,R04,SR028,C029,33,33.66,1110.78
TXN07743,2025-05-31,P008,R02,SR026,C071,75,32.09,2406.75
TXN07744,2025-03-16,P005,R06,SR018,C035,83,67.71,5619.93
TXN07745,2024-04-24,P002,R01,SR007,C067,142,54.59,7751.78
TXN07746,2024-03-13,P001,R05,SR011,C107,161,40.75,6560.75
TXN07747,2024-09-13,P005,R04,SR016,C102,85,65.1,5533.5
TXN07748,2025-12-28,P008,R05,SR029,C056,32,29.85,955.2
TXN07749,2025-08-23,P004,R06,SR006,C016,106,45.52,4825.12
TXN07750,2025-03-18,P002,R01,SR025,C060,116,54.69,6344.04
TXN07751,2025-07-30,P006,R01,SR007,C022,82,29.5,2419.0
TXN07752,2024-05-16,P002,R02,SR014,C108,50,54.97,2748.5
TXN07753,2024-01-14,P001,R06,SR030,C089,45,40.53,1823.85
TXN07754,2025-08-04,P003,R01,SR001,C055,63,34.3,2160.9
TXN07755,2024-11-29,P002,R03,SR003,C053,95,50.85,4830.75
TXN07756,2025-05-08,P008,R05,SR005,C117,40,31.3,1252.0
TXN07757,2024-09-08,P004,R01,SR007,C060,65,47.93,3115.45
TXN07758,2024-11-22,P008,R02,SR014,C036,29,32.33,937.57
TXN07759,2024-07-03,P001,R04,SR022,C091,138,41.15,5678.7
TXN07760,2025-10-08,P006,R01,SR019,C055,60,30.28,1816.8
TXN07761,2024-09-12,P007,R03,SR027,C011,59,46.28,2730.52
TXN07762,2025-01-16,P002,R01,SR013,C055,76,58.0,4408.0
TXN07763,2024-03-13,P006,R01,SR007,C060,81,29.37,2378.97
TXN07764,2024-03-11,P004,R06,SR024,C047,44,48.68,2141.92
TXN07765,2024-05-01,P002,R01,SR013,C043,46,54.54,2508.84
TXN07766,2025-05-28,P007,R04,SR010,C046,28,43.62,1221.36
TXN07767,2024-10-14,P002,R01,SR019,C119,36,55.17,1986.12
TXN07768,2024-09-06,P004,R03,SR027,C009,52,49.65,2581.8
TXN07769,2025-01-29,P004,R01,SR007,C031,69,52.54,3625.26
TXN07770,2025-08-28,P005,R06,SR018,C087,50,66.69,3334.5
TXN07771,2024-09-30,P002,R01,SR025,C013,130,52.02,6762.6
TXN07772,2025-10-11,P005,R01,SR007,C017,28,70.32,1968.96
TXN07773,2025-06-27,P003,R06,SR006,C062,48,35.55,1706.4
TXN07774,2025-09-21,P002,R01,SR019,C064,120,54.49,6538.8
TXN07775,2024-01-03,P005,R04,SR010,C029,23,68.93,1585.39
TXN07776,2025-05-15,P001,R03,SR021,C054,120,39.34,4720.8
TXN07777,2024-02-29,P002,R02,SR002,C078,182,53.57,9749.74
TXN07778,2025-02-04,P002,R03,SR021,C054,75,54.75,4106.25
TXN07779,2025-03-31,P005,R01,SR025,C012,59,67.93,4007.87
TXN07780,2024-11-08,P006,R05,SR017,C083,25,29.43,735.75
TXN07781,2025-11-23,P004,R02,SR002,C069,66,48.45,3197.7
TXN07782,2025-03-31,P005,R01,SR025,C088,44,68.87,3030.28
TXN07783,2025-04-20,P002,R01,SR013,C017,71,58.81,4175.51
TXN07784,2025-07-23,P007,R06,SR024,C035,73,40.21,2935.33
TXN07785,2024-01-28,P002,R01,SR001,C027,50,53.52,2676.0
TXN07786,2024-06-23,P006,R03,SR027,C053,60,27.14,1628.4
TXN07787,2025-09-30,P003,R01,SR007,C088,45,33.95,1527.75
TXN07788,2025-09-12,P002,R01,SR001,C119,34,54.55,1854.7
TXN07789,2025-12-12,P001,R01,SR001,C055,74,37.82,2798.68
TXN07790,2025-04-20,P001,R01,SR007,C022,109,39.58,4314.22
TXN07791,2025-08-15,P001,R01,SR007,C043,47,39.86,1873.42
TXN07792,2025-04-12,P008,R02,SR014,C071,51,32.61,1663.11
TXN07793,2025-02-05,P003,R01,SR025,C067,130,32.9,4277.0
TXN07794,2025-02-27,P008,R01,SR025,C060,64,32.53,2081.92
TXN07795,2024-06-24,P005,R01,SR013,C055,45,70.65,3179.25
TXN07796,2025-06-23,P003,R02,SR020,C108,81,34.9,2826.9
TXN07797,2024-07-31,P002,R05,SR005,C032,107,56.03,5995.21
TXN07798,2024-01-06,P006,R04,SR016,C023,93,28.31,2632.83
TXN07799,2025-02-05,P003,R04,SR022,C023,109,34.25,3733.25
TXN07800,2024-07-10,P008,R03,SR027,C054,51,31.95,1629.45
TXN07801,2024-06-15,P001,R01,SR025,C057,94,39.95,3755.3
TXN07802,2024-10-26,P004,R05,SR011,C115,130,50.21,6527.3
TXN07803,2025-04-18,P002,R02,SR002,C042,165,55.1,9091.5
TXN07804,2024-11-16,P002,R05,SR011,C112,90,51.12,4600.8
TXN07805,2025-07-06,P007,R02,SR008,C097,29,40.4,1171.6
TXN07806,2024-11-14,P003,R05,SR029,C083,41,33.51,1373.91
TXN07807,2024-03-19,P007,R05,SR029,C096,46,42.97,1976.62
TXN07808,2024-07-20,P003,R03,SR003,C011,80,31.7,2536.0
TXN07809,2024-06-03,P001,R06,SR030,C085,137,39.86,5460.82
TXN07810,2024-10-13,P003,R04,SR028,C100,55,33.18,1824.9
TXN07811,2025-08-11,P004,R01,SR007,C060,76,48.23,3665.48
TXN07812,2024-07-02,P002,R02,SR014,C042,89,54.84,4880.76
TXN07813,2025-10-07,P001,R03,SR003,C109,79,38.33,3028.07
TXN07814,2025-09-11,P001,R02,SR014,C033,150,38.83,5824.5
TXN07815,2024-12-23,P005,R01,SR001,C027,40,68.25,2730.0
TXN07816,2025-02-15,P003,R01,SR007,C088,64,33.12,2119.68
TXN07817,2024-02-08,P002,R01,SR025,C013,141,55.57,7835.37
TXN07818,2024-11-13,P002,R02,SR002,C042,112,54.33,6084.96
TXN07819,2025-07-26,P008,R05,SR005,C107,67,31.26,2094.42
TXN07820,2025-06-22,P005,R02,SR008,C105,39,65.98,2573.22
TXN07821,2024-08-29,P007,R03,SR021,C018,54,43.19,2332.26
TXN07822,2024-02-16,P002,R01,SR013,C027,48,56.69,2721.12
TXN07823,2025-03-18,P001,R01,SR025,C060,124,37.84,4692.16
TXN07824,2025-05-07,P006,R06,SR024,C066,83,29.19,2422.77
TXN07825,2025-04-26,P007,R06,SR006,C098,136,43.41,5903.76
TXN07826,2024-08-15,P002,R05,SR029,C008,38,53.49,2032.62
TXN07827,2024-05-06,P001,R01,SR007,C111,141,40.26,5676.66
TXN07828,2025-12-13,P003,R02,SR008,C049,87,32.73,2847.51
TXN07829,2025-12-05,P007,R01,SR025,C017,39,42.86,1671.54
TXN07830,2025-11-29,P007,R05,SR029,C083,41,42.04,1723.64
TXN07831,2024-06-27,P005,R01,SR013,C055,57,71.95,4101.15
TXN07832,2024-02-01,P006,R01,SR025,C111,101,28.74,2902.74
TXN07833,2025-04-29,P006,R05,SR005,C096,60,29.6,1776.0
TXN07834,2025-11-21,P002,R01,SR025,C111,128,58.87,7535.36
TXN07835,2024-06-16,P008,R06,SR030,C098,87,28.95,2518.65
TXN07836,2024-11-01,P008,R05,SR023,C056,36,31.2,1123.2
TXN07837,2024-09-06,P002,R01,SR007,C067,117,55.7,6516.9
TXN07838,2025-07-26,P002,R05,SR017,C073,80,57.51,4600.8
TXN07839,2024-12-23,P005,R06,SR018,C098,57,67.09,3824.13
TXN07840,2025-05-05,P006,R04,SR016,C102,96,28.45,2731.2
TXN07841,2024-01-20,P004,R06,SR024,C061,64,48.35,3094.4
TXN07842,2024-04-10,P005,R04,SR016,C010,108,67.25,7263.0
TXN07843,2024-01-24,P001,R03,SR021,C030,96,38.87,3731.52
TXN07844,2025-06-18,P002,R05,SR023,C117,79,52.37,4137.23
TXN07845,2024-09-07,P002,R05,SR017,C117,54,57.1,3083.4
TXN07846,2024-04-17,P001,R04,SR028,C023,182,39.18,7130.76
TXN07847,2025-09-11,P006,R02,SR020,C033,128,27.94,3576.32
TXN07848,2025-09-18,P008,R02,SR008,C090,15,31.16,467.4
TXN07849,2024-06-17,P008,R05,SR017,C114,26,32.6,847.6
TXN07850,2024-09-13,P004,R05,SR011,C056,42,51.2,2150.4
TXN07851,2024-11-18,P008,R04,SR004,C010,96,29.93,2873.28
TXN07852,2024-04-30,P008,R03,SR027,C054,51,31.83,1623.33
TXN07853,2025-10-16,P003,R06,SR012,C016,87,32.99,2870.13
TXN07854,2025-11-16,P005,R05,SR029,C084,86,70.2,6037.2
TXN07855,2025-05-05,P002,R04,SR022,C010,154,53.72,8272.88
TXN07856,2025-10-12,P001,R02,SR008,C071,91,42.45,3862.95
TXN07857,2024-02-26,P006,R05,SR011,C117,68,29.35,1995.8
TXN07858,2025-10-02,P003,R04,SR028,C065,33,35.29,1164.57
TXN07859,2025-06-03,P001,R06,SR024,C118,47,40.02,1880.94
TXN07860,2025-05-13,P006,R01,SR025,C043,45,29.2,1314.0
TXN07861,2024-09-14,P006,R05,SR029,C038,33,27.52,908.16
TXN07862,2024-05-21,P004,R01,SR007,C022,94,51.41,4832.54
TXN07863,2025-08-26,P002,R05,SR029,C020,110,55.53,6108.3
TXN07864,2025-10-31,P002,R02,SR008,C108,82,55.0,4510.0
TXN07865,2024-11-14,P005,R03,SR009,C024,28,67.37,1886.36
TXN07866,2024-06-30,P002,R06,SR018,C015,123,54.93,6756.39
TXN07867,2024-11-12,P004,R06,SR030,C079,103,49.46,5094.38
TXN07868,2025-10-05,P001,R02,SR020,C090,51,41.18,2100.18
TXN07869,2024-10-23,P002,R01,SR025,C055,55,56.83,3125.65
TXN07870,2024-11-25,P001,R02,SR002,C036,69,41.53,2865.57
TXN07871,2024-09-12,P002,R01,SR007,C119,30,56.04,1681.2
TXN07872,2025-06-01,P003,R02,SR008,C058,92,34.3,3155.6
TXN07873,2024-12-29,P007,R02,SR014,C033,83,38.7,3212.1
TXN07874,2024-02-04,P001,R01,SR025,C013,182,40.3,7334.6
TXN07875,2025-05-16,P003,R06,SR018,C021,62,35.79,2218.98
TXN07876,2024-12-08,P001,R03,SR015,C011,55,39.48,2171.4
TXN07877,2024-06-01,P006,R01,SR001,C111,108,27.51,2971.08
TXN07878,2025-10-02,P004,R03,SR009,C054,40,50.15,2006.0
TXN07879,2024-05-03,P006,R06,SR030,C050,40,27.68,1107.2
TXN07880,2024-09-09,P004,R01,SR025,C055,51,48.35,2465.85
TXN07881,2025-04-17,P003,R02,SR008,C071,68,34.43,2341.24
TXN07882,2024-07-18,P001,R02,SR020,C036,65,38.69,2514.85
TXN07883,2025-08-14,P004,R05,SR029,C117,50,50.62,2531.0
TXN07884,2025-10-21,P001,R04,SR016,C046,47,40.87,1920.89
TXN07885,2025-03-14,P005,R02,SR008,C058,68,66.09,4494.12
TXN07886,2025-04-12,P002,R03,SR003,C024,50,53.96,2698.0
TXN07887,2025-03-06,P002,R01,SR013,C119,44,55.6,2446.4
TXN07888,2025-06-02,P003,R02,SR008,C108,56,36.74,2057.44
TXN07889,2025-06-16,P008,R06,SR006,C120,59,32.38,1910.42
TXN07890,2024-05-25,P002,R01,SR019,C043,53,52.55,2785.15
TXN07891,2024-04-27,P007,R02,SR014,C108,45,44.47,2001.15
TXN07892,2025-12-14,P002,R02,SR008,C092,60,56.06,3363.6
TXN07893,2025-12-24,P005,R03,SR003,C082,62,64.67,4009.54
TXN07894,2025-05-14,P002,R01,SR019,C022,139,54.38,7558.82
TXN07895,2024-09-20,P003,R02,SR026,C108,77,32.11,2472.47
TXN07896,2024-02-26,P006,R05,SR011,C081,161,28.23,4545.03
TXN07897,2024-02-24,P003,R04,SR010,C046,46,34.6,1591.6
TXN07898,2024-04-10,P006,R01,SR019,C119,39,28.98,1130.22
TXN07899,2024-11-04,P002,R05,SR017,C115,136,56.38,7667.68
TXN07900,2025-01-07,P007,R02,SR002,C049,125,45.05,5631.25
TXN07901,2025-09-13,P001,R06,SR030,C077,108,42.38,4577.04
TXN07902,2024-03-02,P006,R02,SR020,C092,43,29.72,1277.96
TXN07903,2025-09-08,P006,R01,SR013,C060,85,30.28,2573.8
TXN07904,2025-12-02,P007,R03,SR015,C014,54,44.31,2392.74
TXN07905,2024-09-23,P006,R01,SR013,C119,35,27.99,979.65
TXN07906,2025-02-01,P004,R03,SR021,C018,70,50.99,3569.3
TXN07907,2025-11-11,P001,R03,SR027,C053,99,39.97,3957.03
TXN07908,2024-03-17,P008,R03,SR003,C037,86,32.11,2761.46
TXN07909,2025-05-07,P001,R04,SR016,C104,92,40.46,3722.32
TXN07910,2024-05-09,P006,R04,SR004,C102,115,29.99,3448.85
TXN07911,2024-08-08,P004,R01,SR013,C111,142,48.63,6905.46
TXN07912,2025-02-24,P005,R05,SR029,C008,34,68.81,2339.54
TXN07913,2025-08-30,P001,R04,SR028,C095,81,38.9,3150.9
TXN07914,2025-04-03,P008,R05,SR023,C020,99,30.98,3067.02
TXN07915,2024-06-27,P006,R04,SR010,C029,18,29.15,524.7
TXN07916,2024-07-25,P004,R02,SR002,C078,151,47.53,7177.03
TXN07917,2024-01-31,P002,R02,SR014,C069,36,56.57,2036.52
TXN07918,2025-12-16,P002,R01,SR007,C094,61,52.13,3179.93
TXN07919,2025-05-28,P002,R01,SR007,C017,44,56.25,2475.0
TXN07920,2024-01-15,P001,R02,SR026,C069,59,39.01,2301.59
TXN07921,2024-04-09,P008,R01,SR019,C088,55,32.78,1802.9
TXN07922,2024-03-30,P001,R05,SR023,C115,206,38.58,7947.48
TXN07923,2025-10-23,P003,R01,SR007,C027,28,33.13,927.64
TXN07924,2024-10-25,P006,R03,SR021,C053,49,27.71,1357.79
TXN07925,2025-09-19,P002,R05,SR017,C083,38,55.02,2090.76
TXN07926,2025-11-26,P008,R04,SR004,C010,85,31.2,2652.0
TXN07927,2024-01-19,P001,R01,SR019,C088,91,36.62,3332.42
TXN07928,2025-10-01,P008,R05,SR011,C028,79,30.67,2422.93
TXN07929,2024-08-24,P008,R01,SR025,C088,43,33.04,1420.72
TXN07930,2024-03-05,P002,R03,SR027,C014,130,58.46,7599.8
TXN07931,2025-12-04,P002,R04,SR022,C065,58,55.35,3210.3
TXN07932,2024-01-17,P002,R05,SR029,C068,50,56.61,2830.5
TXN07933,2024-03-09,P001,R01,SR025,C022,155,38.24,5927.2
TXN07934,2025-02-17,P005,R05,SR011,C038,42,70.26,2950.92
TXN07935,2025-01-13,P006,R01,SR019,C060,89,29.65,2638.85
TXN07936,2025-04-03,P001,R01,SR007,C012,68,42.76,2907.68
TXN07937,2024-03-09,P005,R05,SR029,C008,31,67.42,2090.02
TXN07938,2025-12-22,P002,R01,SR019,C067,163,52.69,8588.47
TXN07939,2025-10-09,P003,R06,SR018,C087,55,34.89,1918.95
TXN07940,2025-04-17,P004,R04,SR028,C023,111,49.14,5454.54
TXN07941,2024-03-04,P008,R02,SR008,C042,56,31.49,1763.44
TXN07942,2025-07-18,P002,R01,SR013,C022,117,57.36,6711.12
TXN07943,2024-04-19,P003,R01,SR007,C017,41,34.58,1417.78
TXN07944,2025-09-21,P002,R02,SR008,C078,147,51.41,7557.27
TXN07945,2025-05-07,P003,R04,SR016,C102,101,31.91,3222.91
TXN07946,2025-03-16,P006,R05,SR005,C028,97,27.82,2698.54
TXN07947,2025-06-01,P001,R04,SR016,C023,202,38.76,7829.52
TXN07948,2024-03-31,P008,R03,SR015,C019,33,30.48,1005.84
TXN07949,2025-04-17,P002,R04,SR004,C080,156,53.97,8419.32
TXN07950,2024-04-10,P001,R04,SR016,C005,104,38.27,3980.08
TXN07951,2024-02-02,P001,R04,SR028,C040,122,42.37,5169.14
TXN07952,2024-08-09,P001,R03,SR015,C082,59,38.24,2256.16
TXN07953,2025-06-27,P005,R02,SR020,C036,51,67.97,3466.47
TXN07954,2024-10-04,P006,R03,SR027,C109,39,29.31,1143.09
TXN07955,2025-08-08,P001,R04,SR022,C065,47,42.28,1987.16
TXN07956,2025-06-06,P007,R04,SR028,C100,53,45.09,2389.77
TXN07957,2024-07-03,P001,R01,SR007,C012,76,37.86,2877.36
TXN07958,2025-10-17,P003,R06,SR030,C051,38,34.84,1323.92
TXN07959,2024-07-23,P002,R02,SR008,C071,54,53.92,2911.68
TXN07960,2025-08-01,P008,R01,SR019,C094,49,32.03,1569.47
TXN07961,2024-07-23,P003,R01,SR013,C012,68,33.13,2252.84
TXN07962,2025-07-19,P004,R04,SR010,C100,57,50.14,2857.98
TXN07963,2025-04-24,P002,R04,SR028,C046,54,54.22,2927.88
TXN07964,2024-01-11,P008,R04,SR028,C010,88,30.26,2662.88
TXN07965,2024-01-05,P005,R04,SR004,C080,102,70.84,7225.68
TXN07966,2025-05-13,P002,R03,SR021,C041,95,55.71,5292.45
TXN07967,2025-08-15,P008,R01,SR013,C012,46,31.54,1450.84
TXN07968,2024-02-14,P007,R03,SR027,C072,54,45.28,2445.12
TXN07969,2024-10-28,P001,R02,SR020,C090,49,40.08,1963.92
TXN07970,2025-07-14,P008,R03,SR027,C052,28,31.46,880.88
TXN07971,2025-01-20,P007,R01,SR025,C094,61,44.63,2722.43
TXN07972,2024-09-25,P002,R01,SR025,C057,78,59.07,4607.46
TXN07973,2024-01-30,P006,R02,SR014,C090,34,30.45,1035.3
TXN07974,2025-09-24,P001,R03,SR003,C072,64,41.71,2669.44
TXN07975,2025-07-05,P008,R01,SR001,C055,46,32.61,1500.06
TXN07976,2025-08-11,P005,R06,SR012,C089,20,73.38,1467.6
TXN07977,2024-05-21,P002,R03,SR027,C052,60,52.12,3127.2
TXN07978,2025-04-18,P001,R02,SR002,C101,188,39.42,7410.96
TXN07979,2024-06-09,P001,R01,SR019,C119,51,40.13,2046.63
TXN07980,2025-01-26,P006,R05,SR005,C083,59,30.53,1801.27
TXN07981,2024-05-16,P003,R02,SR002,C101,106,31.53,3342.18
TXN07982,2025-06-14,P008,R03,SR021,C009,35,31.85,1114.75
TXN07983,2025-01-22,P007,R01,SR007,C064,80,42.58,3406.4
TXN07984,2024-10-22,P006,R03,SR015,C052,28,28.87,808.36
TXN07985,2024-05-01,P002,R02,SR008,C105,39,53.7,2094.3
TXN07986,2025-09-19,P002,R01,SR025,C094,71,52.85,3752.35
TXN07987,2025-10-07,P005,R01,SR019,C094,62,68.16,4225.92
TXN07988,2025-08-25,P008,R06,SR006,C087,54,31.27,1688.58
TXN07989,2024-09-12,P008,R04,SR010,C029,22,29.24,643.28
TXN07990,2024-09-20,P005,R04,SR016,C040,54,68.91,3721.14
TXN07991,2024-09-16,P002,R05,SR029,C056,44,57.82,2544.08
TXN07992,2025-03-25,P001,R03,SR015,C072,47,39.72,1866.84
TXN07993,2025-12-21,P008,R03,SR027,C041,39,30.43,1186.77
TXN07994,2024-10-20,P001,R06,SR006,C021,82,39.77,3261.14
TXN07995,2025-04-18,P005,R03,SR009,C009,36,68.05,2449.8
TXN07996,2025-04-09,P003,R04,SR004,C091,102,33.82,3449.64
TXN07997,2024-09-17,P002,R01,SR025,C012,63,53.26,3355.38
TXN07998,2025-01-07,P005,R01,SR001,C017,42,70.03,2941.26
TXN07999,2024-07-02,P002,R03,SR003,C052,75,55.09,4131.75
TXN08000,2024-11-01,P006,R01,SR013,C043,44,27.37,1204.28
TXN08001,2025-06-21,P003,R04,SR004,C103,94,31.47,2958.18
TXN08002,2024-03-18,P001,R06,SR012,C116,79,39.54,3123.66
TXN08003,2024-09-06,P003,R06,SR012,C113,59,34.35,2026.65
TXN08004,2025-08-05,P005,R02,SR026,C049,102,68.5,6987.0
TXN08005,2025-02-05,P001,R02,SR002,C071,100,38.54,3854.0
TXN08006,2024-12-12,P003,R06,SR024,C116,41,33.57,1376.37
TXN08007,2024-07-05,P007,R02,SR026,C042,90,43.94,3954.6
TXN08008,2024-11-08,P002,R02,SR014,C108,61,54.28,3311.08
TXN08009,2024-09-03,P003,R04,SR004,C010,135,32.87,4437.45
TXN08010,2025-03-26,P002,R04,SR010,C005,71,53.26,3781.46
TXN08011,2024-09-23,P001,R03,SR009,C082,68,42.74,2906.32
TXN08012,2024-05-01,P001,R05,SR023,C068,84,39.2,3292.8
TXN08013,2025-12-06,P002,R05,SR017,C073,70,54.62,3823.4
TXN08014,2024-09-15,P001,R05,SR011,C081,200,38.77,7754.0
TXN08015,2025-06-19,P002,R01,SR019,C043,61,55.63,3393.43
TXN08016,2025-08-22,P005,R02,SR008,C049,75,67.16,5037.0
TXN08017,2024-01-03,P001,R04,SR004,C010,190,39.01,7411.9
TXN08018,2024-08-22,P007,R03,SR009,C054,41,43.57,1786.37
TXN08019,2025-07-18,P007,R02,SR014,C097,31,41.67,1291.77
TXN08020,2024-05-09,P001,R02,SR026,C101,134,39.49,5291.66
TXN08021,2025-06-29,P006,R06,SR024,C074,46,28.23,1298.58
TXN08022,2025-03-26,P008,R01,SR025,C064,84,32.42,2723.28
TXN08023,2024-06-15,P003,R03,SR003,C025,44,35.79,1574.76
TXN08024,2025-09-15,P001,R01,SR007,C064,75,39.66,2974.5
TXN08025,2025-08-02,P001,R01,SR007,C013,143,38.95,5569.85
TXN08026,2025-10-28,P001,R02,SR008,C034,75,41.55,3116.25
TXN08027,2025-06-08,P002,R05,SR023,C063,108,55.09,5949.72
TXN08028,2025-09-08,P005,R03,SR003,C041,60,67.0,4020.0
TXN08029,2025-06-09,P001,R05,SR011,C008,71,40.44,2871.24
TXN08030,2024-09-21,P005,R01,SR001,C088,65,69.08,4490.2
TXN08031,2024-06-04,P008,R01,SR025,C012,44,30.45,1339.8
TXN08032,2025-11-02,P001,R01,SR019,C031,120,38.67,4640.4
TXN08033,2025-05-07,P002,R03,SR003,C011,108,52.74,5695.92
TXN08034,2025-06-05,P006,R02,SR002,C097,53,29.57,1567.21
TXN08035,2025-01-30,P004,R06,SR018,C015,108,51.26,5536.08
TXN08036,2025-09-28,P003,R02,SR008,C049,93,33.19,3086.67
TXN08037,2024-09-21,P001,R02,SR014,C108,71,37.16,2638.36
TXN08038,2024-12-04,P008,R03,SR009,C018,31,33.52,1039.12
TXN08039,2024-02-17,P003,R04,SR028,C023,130,35.28,4586.4
TXN08040,2025-03-21,P002,R03,SR021,C037,131,53.39,6994.09
TXN08041,2025-04-21,P003,R01,SR013,C031,89,33.31,2964.59
TXN08042,2025-05-02,P002,R02,SR014,C105,60,54.16,3249.6
TXN08043,2024-12-25,P002,R01,SR013,C022,122,55.98,6829.56
TXN08044,2024-08-29,P001,R01,SR001,C088,80,37.44,2995.2
TXN08045,2025-11-16,P008,R04,SR028,C029,15,30.17,452.55
TXN08046,2025-04-23,P004,R03,SR021,C030,79,49.56,3915.24
TXN08047,2024-02-07,P003,R02,SR002,C097,48,35.12,1685.76
TXN08048,2025-09-28,P004,R05,SR023,C068,53,49.73,2635.69
TXN08049,2024-01-26,P003,R06,SR024,C113,68,32.9,2237.2
TXN08050,2024-08-09,P001,R01,SR013,C027,48,41.32,1983.36
TXN08051,2025-09-26,P004,R06,SR012,C098,99,47.74,4726.26
TXN08052,2024-09-11,P004,R01,SR013,C094,47,47.33,2224.51
TXN08053,2024-04-17,P002,R02,SR026,C007,168,55.49,9322.32
TXN08054,2024-10-06,P007,R04,SR022,C005,63,43.04,2711.52
TXN08055,2024-04-24,P004,R02,SR002,C078,155,50.66,7852.3
TXN08056,2025-08-21,P002,R01,SR007,C067,124,52.92,6562.08
TXN08057,2025-10-28,P002,R01,SR019,C017,43,53.24,2289.32
TXN08058,2025-08-16,P007,R02,SR014,C069,31,44.79,1388.49
TXN08059,2024-10-10,P006,R04,SR022,C005,65,30.2,1963.0
TXN08060,2025-09-12,P007,R01,SR013,C067,108,46.28,4998.24
TXN08061,2025-06-06,P004,R02,SR026,C069,61,47.82,2917.02
TXN08062,2024-09-22,P002,R06,SR006,C045,128,55.61,7118.08
TXN08063,2024-02-18,P008,R02,SR026,C078,98,31.4,3077.2
TXN08064,2024-06-05,P001,R01,SR019,C013,196,42.44,8318.24
TXN08065,2025-09-26,P002,R05,SR017,C073,47,53.03,2492.41
TXN08066,2025-09-30,P003,R05,SR029,C093,49,32.57,1595.93
TXN08067,2025-09-28,P001,R02,SR020,C058,110,35.57,3912.7
TXN08068,2025-04-11,P007,R02,SR014,C108,63,41.01,2583.63
TXN08069,2024-12-13,P003,R01,SR007,C027,44,33.83,1488.52
TXN08070,2025-08-11,P006,R01,SR001,C017,41,29.21,1197.61
TXN08071,2024-02-04,P003,R01,SR025,C057,81,33.87,2743.47
TXN08072,2024-09-22,P008,R03,SR027,C041,40,32.25,1290.0
TXN08073,2024-08-04,P006,R03,SR027,C006,49,29.32,1436.68
TXN08074,2024-06-29,P004,R05,SR005,C114,42,49.75,2089.5
TXN08075,2024-08-29,P001,R05,SR005,C056,56,40.63,2275.28
TXN08076,2024-05-22,P001,R03,SR027,C053,104,39.67,4125.68
TXN08077,2024-01-24,P005,R05,SR023,C081,135,69.96,9444.6
TXN08078,2024-10-01,P008,R01,SR019,C012,38,30.13,1144.94
TXN08079,2024-04-23,P006,R01,SR025,C055,58,29.97,1738.26
TXN08080,2024-06-19,P002,R03,SR027,C072,51,55.94,2852.94
TXN08081,2024-08-03,P004,R03,SR015,C109,41,47.66,1954.06
TXN08082,2024-12-21,P001,R03,SR021,C003,121,40.28,4873.88
TXN08083,2025-08-16,P007,R02,SR014,C058,74,43.34,3207.16
TXN08084,2025-03-19,P007,R02,SR002,C092,65,42.76,2779.4
TXN08085,2025-01-31,P001,R04,SR010,C091,107,40.89,4375.23
TXN08086,2025-07-14,P002,R06,SR030,C062,62,55.89,3465.18
TXN08087,2025-07-30,P006,R02,SR026,C071,69,29.0,2001.0
TXN08088,2025-07-29,P007,R05,SR011,C112,61,43.85,2674.85
TXN08089,2025-07-29,P003,R06,SR012,C116,49,33.91,1661.59
TXN08090,2024-05-11,P001,R06,SR030,C050,40,39.46,1578.4
TXN08091,2024-09-27,P003,R02,SR002,C075,131,36.14,4734.34
TXN08092,2025-02-02,P008,R02,SR026,C075,128,32.39,4145.92
TXN08093,2025-04-17,P001,R02,SR014,C090,64,40.91,2618.24
TXN08094,2024-12-20,P003,R01,SR025,C022,93,32.43,3015.99
TXN08095,2025-05-24,P005,R01,SR013,C060,92,66.54,6121.68
TXN08096,2024-06-12,P002,R06,SR012,C062,64,55.32,3540.48
TXN08097,2024-01-04,P005,R06,SR030,C016,78,73.36,5722.08
TXN08098,2024-12-08,P001,R04,SR016,C004,63,39.06,2460.78
TXN08099,2024-08-14,P001,R06,SR006,C118,80,39.41,3152.8
TXN08100,2024-04-07,P008,R03,SR015,C019,45,32.43,1459.35
TXN08101,2024-05-26,P001,R05,SR005,C096,93,39.24,3649.32
TXN08102,2024-02-04,P002,R03,SR021,C109,41,57.32,2350.12
TXN08103,2024-02-26,P004,R02,SR020,C036,47,51.21,2406.87
TXN08104,2025-03-06,P002,R01,SR019,C027,52,55.77,2900.04
TXN08105,2025-06-04,P005,R01,SR007,C043,33,67.92,2241.36
TXN08106,2024-04-14,P001,R01,SR019,C094,94,40.61,3817.34
TXN08107,2024-08-31,P007,R05,SR017,C028,76,42.82,3254.32
TXN08108,2024-12-16,P005,R03,SR003,C024,50,66.18,3309.0
TXN08109,2025-12-31,P004,R05,SR023,C063,94,48.9,4596.6
TXN08110,2024-03-17,P006,R02,SR014,C097,38,29.84,1133.92
TXN08111,2025-01-21,P001,R05,SR017,C056,52,41.25,2145.0
TXN08112,2025-06-23,P003,R04,SR022,C102,95,31.37,2980.15
TXN08113,2025-03-30,P001,R01,SR025,C060,132,39.8,5253.6
TXN08114,2024-06-03,P006,R01,SR025,C012,46,28.63,1316.98
TXN08115,2024-12-04,P002,R03,SR009,C024,36,56.51,2034.36
TXN08116,2024-10-15,P006,R06,SR030,C050,23,30.25,695.75
TXN08117,2025-09-09,P006,R01,SR019,C022,84,28.86,2424.24
TXN08118,2024-05-05,P001,R05,SR005,C084,182,38.34,6977.88
TXN08119,2024-02-19,P007,R03,SR009,C025,21,43.64,916.44
TXN08120,2024-12-15,P002,R01,SR025,C088,66,55.87,3687.42
TXN08121,2025-07-20,P008,R01,SR001,C043,40,30.24,1209.6
TXN08122,2024-01-24,P006,R06,SR012,C120,73,29.09,2123.57
TXN08123,2025-05-22,P001,R04,SR016,C004,70,41.2,2884.0
TXN08124,2024-05-06,P004,R02,SR020,C101,100,48.87,4887.0
TXN08125,2024-07-25,P003,R05,SR011,C112,72,33.96,2445.12
TXN08126,2025-09-11,P003,R04,SR028,C010,108,33.0,3564.0
TXN08127,2024-03-11,P003,R02,SR014,C108,40,36.12,1444.8
TXN08128,2025-08-20,P006,R01,SR025,C017,37,29.11,1077.07
TXN08129,2024-10-16,P001,R04,SR010,C005,72,39.87,2870.64
TXN08130,2025-11-19,P002,R05,SR017,C093,74,57.14,4228.36
TXN08131,2025-08-18,P002,R03,SR027,C030,63,53.17,3349.71
TXN08132,2024-08-30,P005,R04,SR016,C095,33,68.72,2267.76
TXN08133,2025-03-15,P007,R01,SR025,C022,100,40.4,4040.0
TXN08134,2024-11-26,P002,R05,SR029,C073,61,55.4,3379.4
TXN08135,2024-11-15,P002,R06,SR006,C116,52,55.97,2910.44
TXN08136,2025-11-04,P008,R01,SR001,C060,54,34.08,1840.32
TXN08137,2024-11-07,P005,R06,SR012,C051,37,69.42,2568.54
TXN08138,2024-01-12,P001,R05,SR005,C112,87,40.13,3491.31
TXN08139,2025-04-11,P003,R01,SR007,C067,114,31.91,3637.74
TXN08140,2025-07-12,P004,R01,SR007,C012,50,48.3,2415.0
TXN08141,2024-05-13,P007,R03,SR015,C025,26,43.23,1123.98
TXN08142,2024-11-21,P008,R05,SR029,C117,39,31.78,1239.42
TXN08143,2024-02-13,P004,R02,SR020,C026,67,49.23,3298.41
TXN08144,2025-03-29,P001,R01,SR013,C088,99,38.91,3852.09
TXN08145,2024-03-18,P002,R05,SR005,C032,113,53.07,5996.91
TXN08146,2024-08-13,P003,R04,SR010,C029,24,34.3,823.2
TXN08147,2025-10-12,P001,R04,SR004,C029,34,39.91,1356.94
TXN08148,2024-11-09,P002,R04,SR028,C103,78,53.25,4153.5
TXN08149,2024-02-12,P006,R06,SR018,C045,82,31.01,2542.82
TXN08150,2024-03-05,P002,R02,SR026,C042,132,53.34,7040.88
TXN08151,2024-07-30,P003,R01,SR013,C022,88,33.45,2943.6
TXN08152,2025-05-04,P004,R02,SR020,C069,61,49.85,3040.85
TXN08153,2024-07-01,P005,R06,SR018,C098,48,66.95,3213.6
TXN08154,2024-03-15,P004,R02,SR014,C007,112,47.26,5293.12
TXN08155,2024-10-03,P004,R05,SR011,C112,55,50.48,2776.4
TXN08156,2025-01-11,P003,R06,SR018,C099,46,32.84,1510.64
TXN08157,2025-03-29,P001,R02,SR002,C097,75,40.18,3013.5
TXN08158,2025-09-26,P007,R04,SR028,C005,46,40.5,1863.0
TXN08159,2025-05-20,P008,R06,SR024,C001,37,34.27,1267.99
TXN08160,2025-04-02,P007,R02,SR014,C069,49,43.62,2137.38
TXN08161,2024-03-24,P002,R01,SR013,C055,72,56.65,4078.8
TXN08162,2025-01-08,P008,R06,SR018,C076,41,32.48,1331.68
TXN08163,2025-11-19,P008,R04,SR028,C005,45,32.78,1475.1
TXN08164,2024-04-08,P006,R05,SR005,C068,43,29.93,1286.99
TXN08165,2025-05-09,P002,R01,SR025,C111,198,54.03,10697.94
TXN08166,2025-11-14,P007,R01,SR019,C027,36,44.57,1604.52
TXN08167,2024-07-10,P007,R02,SR020,C075,145,43.5,6307.5
TXN08168,2025-12-20,P003,R05,SR005,C093,60,34.6,2076.0
TXN08169,2024-08-30,P003,R02,SR014,C092,30,35.79,1073.7
TXN08170,2024-08-27,P007,R06,SR024,C044,56,43.67,2445.52
TXN08171,2024-10-12,P007,R01,SR025,C017,29,45.3,1313.7
TXN08172,2024-02-12,P007,R04,SR022,C070,137,44.22,6058.14
TXN08173,2024-07-24,P008,R04,SR016,C065,25,33.4,835.0
TXN08174,2025-12-12,P008,R04,SR004,C039,62,32.67,2025.54
TXN08175,2025-04-21,P001,R06,SR018,C110,94,41.22,3874.68
TXN08176,2024-03-18,P008,R05,SR023,C117,78,33.11,2582.58
TXN08177,2025-03-27,P003,R02,SR002,C033,185,36.25,6706.25
TXN08178,2024-05-10,P001,R01,SR025,C017,65,38.37,2494.05
TXN08179,2024-05-15,P006,R06,SR018,C016,80,28.99,2319.2
TXN08180,2025-01-28,P002,R01,SR013,C060,117,56.76,6640.92
TXN08181,2025-11-02,P001,R05,SR005,C093,74,37.53,2777.22
TXN08182,2024-05-06,P003,R05,SR023,C112,89,32.72,2912.08
TXN08183,2025-09-27,P005,R06,SR030,C076,50,70.6,3530.0
TXN08184,2024-10-18,P006,R03,SR015,C006,51,28.59,1458.09
TXN08185,2024-08-31,P006,R01,SR025,C022,71,29.25,2076.75
TXN08186,2025-12-16,P007,R01,SR001,C012,49,44.32,2171.68
TXN08187,2024-07-14,P001,R02,SR008,C105,48,42.0,2016.0
TXN08188,2025-07-19,P005,R01,SR013,C022,113,68.6,7751.8
TXN08189,2025-06-16,P003,R06,SR012,C015,150,33.4,5010.0
TXN08190,2025-10-19,P006,R01,SR025,C012,51,29.42,1500.42
TXN08191,2025-02-04,P005,R05,SR029,C032,75,66.26,4969.5
TXN08192,2025-03-30,P005,R03,SR027,C030,61,73.24,4467.64
TXN08193,2024-01-13,P003,R06,SR030,C050,28,33.13,927.64
TXN08194,2025-03-08,P007,R05,SR005,C068,45,45.12,2030.4
TXN08195,2024-05-08,P001,R03,SR027,C053,116,40.96,4751.36
TXN08196,2025-03-28,P006,R02,SR002,C071,79,30.16,2382.64
TXN08197,2025-06-03,P003,R04,SR016,C095,70,34.71,2429.7
TXN08198,2025-12-10,P007,R06,SR006,C051,64,41.7,2668.8
TXN08199,2025-01-21,P001,R01,SR007,C057,79,40.57,3205.03
TXN08200,2024-07-22,P006,R01,SR013,C027,42,27.57,1157.94
TXN08201,2024-11-02,P005,R05,SR023,C056,54,65.91,3559.14
TXN08202,2025-08-14,P004,R02,SR002,C108,87,48.57,4225.59
TXN08203,2024-03-21,P004,R02,SR008,C033,111,49.16,5456.76
TXN08204,2024-03-26,P005,R01,SR007,C043,30,70.22,2106.6
TXN08205,2025-02-26,P008,R02,SR008,C108,52,30.2,1570.4
TXN08206,2024-04-25,P002,R04,SR028,C095,68,55.58,3779.44
TXN08207,2024-07-17,P005,R01,SR025,C017,40,69.34,2773.6
TXN08208,2024-04-08,P006,R02,SR020,C026,62,27.14,1682.68
TXN08209,2024-10-02,P006,R06,SR030,C062,28,29.96,838.88
TXN08210,2025-02-12,P002,R01,SR025,C067,143,53.92,7710.56
TXN08211,2025-07-17,P007,R05,SR023,C096,68,41.96,2853.28
TXN08212,2025-07-26,P004,R05,SR029,C081,105,49.43,5190.15
TXN08213,2024-06-09,P004,R03,SR021,C011,57,46.79,2667.03
TXN08214,2024-02-05,P006,R01,SR025,C111,114,28.02,3194.28
TXN08215,2024-11-18,P006,R01,SR025,C031,64,28.51,1824.64
TXN08216,2025-04-02,P008,R05,SR005,C117,37,29.73,1100.01
TXN08217,2024-09-03,P003,R03,SR027,C109,55,32.55,1790.25
TXN08218,2024-11-30,P001,R06,SR012,C087,92,38.58,3549.36
TXN08219,2025-04-12,P003,R06,SR018,C061,68,33.94,2307.92
TXN08220,2024-02-10,P002,R06,SR006,C079,132,54.9,7246.8
TXN08221,2024-06-29,P006,R06,SR006,C059,135,28.11,3794.85
TXN08222,2025-11-07,P005,R02,SR008,C049,54,69.69,3763.26
TXN08223,2024-10-08,P001,R03,SR009,C041,57,41.82,2383.74
TXN08224,2025-09-09,P007,R01,SR013,C031,93,43.98,4090.14
TXN08225,2024-09-14,P007,R04,SR022,C010,118,42.79,5049.22
TXN08226,2024-10-03,P002,R06,SR006,C016,117,53.24,6229.08
TXN08227,2025-09-12,P007,R02,SR008,C069,40,43.62,1744.8
TXN08228,2024-08-15,P005,R03,SR003,C009,57,72.25,4118.25
TXN08229,2025-01-08,P004,R06,SR012,C066,95,49.41,4693.95
TXN08230,2025-04-27,P003,R03,SR027,C018,76,31.05,2359.8
TXN08231,2024-11-26,P003,R05,SR005,C093,70,32.14,2249.8
TXN08232,2024-10-06,P003,R02,SR014,C097,25,32.82,820.5
TXN08233,2025-04-04,P005,R02,SR014,C105,46,65.22,3000.12
TXN08234,2025-04-23,P003,R03,SR027,C054,68,35.09,2386.12
TXN08235,2025-05-02,P005,R05,SR011,C056,45,65.54,2949.3
TXN08236,2024-11-08,P001,R02,SR026,C090,52,39.62,2060.24
TXN08237,2025-09-11,P005,R05,SR005,C114,36,70.11,2523.96
TXN08238,2024-04-28,P003,R01,SR007,C013,128,34.62,4431.36
TXN08239,2024-04-07,P001,R06,SR006,C085,157,40.1,6295.7
TXN08240,2024-08-29,P006,R01,SR013,C017,48,28.69,1377.12
TXN08241,2024-02-17,P003,R01,SR001,C119,31,32.67,1012.77
TXN08242,2024-04-10,P003,R02,SR020,C007,144,34.59,4980.96
TXN08243,2025-08-07,P003,R03,SR009,C030,50,34.26,1713.0
TXN08244,2025-09-28,P004,R01,SR019,C043,52,49.51,2574.52
TXN08245,2025-05-29,P002,R02,SR008,C058,106,55.43,5875.58
TXN08246,2024-11-18,P005,R03,SR021,C006,55,66.98,3683.9
TXN08247,2025-12-01,P005,R03,SR015,C109,36,68.05,2449.8
TXN08248,2024-04-16,P006,R02,SR026,C071,65,28.4,1846.0
TXN08249,2024-07-19,P001,R05,SR011,C068,68,40.99,2787.32
TXN08250,2025-08-26,P005,R05,SR029,C063,33,70.06,2311.98
TXN08251,2025-02-08,P002,R05,SR017,C112,82,55.53,4553.46
TXN08252,2024-04-27,P006,R01,SR013,C057,62,29.07,1802.34
TXN08253,2025-02-15,P007,R06,SR030,C086,94,42.55,3999.7
TXN08254,2024-03-08,P008,R01,SR019,C094,53,32.54,1724.62
TXN08255,2025-07-11,P002,R05,SR005,C056,50,55.69,2784.5
TXN08256,2025-09-21,P007,R06,SR012,C074,25,43.16,1079.0
TXN08257,2024-05-16,P003,R01,SR001,C031,88,33.62,2958.56
TXN08258,2024-03-20,P007,R03,SR015,C054,41,42.72,1751.52
TXN08259,2024-12-19,P006,R02,SR026,C049,80,28.13,2250.4
TXN08260,2025-06-24,P001,R02,SR014,C007,164,40.01,6561.64
TXN08261,2024-10-04,P005,R04,SR022,C023,113,71.62,8093.06
TXN08262,2025-10-14,P001,R05,SR023,C063,100,39.79,3979.0
TXN08263,2024-05-08,P004,R05,SR023,C081,156,51.39,8016.84
TXN08264,2024-04-25,P007,R06,SR024,C002,71,42.32,3004.72
TXN08265,2024-04-30,P007,R06,SR024,C087,64,42.07,2692.48
TXN08266,2025-11-14,P003,R06,SR012,C074,34,32.74,1113.16
TXN08267,2024-03-28,P001,R02,SR026,C049,126,39.83,5018.58
TXN08268,2024-08-09,P006,R01,SR013,C057,55,29.28,1610.4
TXN08269,2025-04-05,P008,R02,SR020,C101,97,31.58,3063.26
TXN08270,2025-04-16,P002,R02,SR008,C058,106,55.66,5899.96
TXN08271,2024-08-02,P001,R02,SR002,C078,212,39.66,8407.92
TXN08272,2025-05-13,P001,R03,SR003,C014,170,41.76,7099.2
TXN08273,2024-04-09,P003,R06,SR018,C074,36,33.5,1206.0
TXN08274,2024-10-08,P001,R01,SR019,C094,98,37.35,3660.3
TXN08275,2025-05-01,P002,R04,SR028,C046,31,54.09,1676.79
TXN08276,2024-07-22,P001,R06,SR018,C047,51,39.11,1994.61
TXN08277,2024-11-07,P005,R05,SR029,C112,36,70.24,2528.64
TXN08278,2025-06-25,P007,R01,SR001,C022,95,42.01,3990.95
TXN08279,2024-06-15,P007,R01,SR007,C027,48,41.66,1999.68
TXN08280,2024-05-03,P008,R02,SR002,C049,84,31.43,2640.12
TXN08281,2024-07-04,P004,R05,SR023,C068,48,51.36,2465.28
TXN08282,2024-03-11,P001,R04,SR010,C065,64,37.91,2426.24
TXN08283,2025-03-01,P007,R02,SR026,C058,86,40.36,3470.96
TXN08284,2025-04-12,P002,R02,SR008,C036,62,54.86,3401.32
TXN08285,2024-10-04,P001,R03,SR027,C006,98,41.84,4100.32
TXN08286,2025-08-25,P002,R01,SR019,C111,173,56.14,9712.22
TXN08287,2025-01-13,P006,R01,SR007,C064,71,28.34,2012.14
TXN08288,2025-06-14,P005,R02,SR020,C078,127,64.39,8177.53
TXN08289,2024-07-27,P001,R01,SR025,C064,113,41.92,4736.96
TXN08290,2025-08-23,P003,R05,SR005,C112,61,34.46,2102.06
TXN08291,2025-05-04,P002,R01,SR007,C022,83,56.9,4722.7
TXN08292,2025-12-22,P006,R02,SR002,C101,120,29.22,3506.4
TXN08293,2025-06-20,P002,R01,SR025,C043,48,51.28,2461.44
TXN08294,2024-01-21,P003,R01,SR019,C031,89,34.73,3090.97
TXN08295,2024-01-26,P006,R02,SR008,C075,105,28.88,3032.4
TXN08296,2025-04-10,P003,R03,SR003,C037,130,34.51,4486.3
TXN08297,2025-08-10,P005,R03,SR027,C054,61,66.19,4037.59
TXN08298,2024-08-25,P003,R03,SR027,C025,27,34.03,918.81
TXN08299,2024-08-31,P003,R02,SR020,C105,37,33.76,1249.12
TXN08300,2025-08-23,P007,R03,SR027,C041,58,45.62,2645.96
TXN08301,2024-02-15,P002,R01,SR025,C094,79,53.11,4195.69
TXN08302,2025-08-10,P002,R06,SR024,C079,97,52.45,5087.65
TXN08303,2024-02-04,P002,R04,SR010,C010,149,55.99,8342.51
TXN08304,2025-10-30,P003,R02,SR002,C108,66,34.52,2278.32
TXN08305,2025-05-14,P002,R01,SR001,C055,62,54.92,3405.04
TXN08306,2024-09-26,P007,R01,SR007,C088,50,40.92,2046.0
TXN08307,2025-07-29,P002,R06,SR006,C085,103,56.98,5868.94
TXN08308,2024-01-06,P008,R06,SR012,C061,64,31.93,2043.52
TXN08309,2024-05-14,P003,R06,SR024,C098,82,33.49,2746.18
TXN08310,2025-12-10,P006,R02,SR026,C071,65,29.74,1933.1
TXN08311,2025-10-21,P004,R02,SR008,C101,82,49.83,4086.06
TXN08312,2025-10-30,P007,R01,SR001,C060,76,40.98,3114.48
TXN08313,2024-07-28,P002,R06,SR024,C118,49,54.57,2673.93
TXN08314,2025-10-11,P004,R02,SR026,C042,110,49.75,5472.5
TXN08315,2025-05-20,P002,R04,SR028,C040,87,52.85,4597.95
TXN08316,2024-09-13,P003,R02,SR002,C058,80,32.77,2621.6
TXN08317,2025-01-09,P001,R03,SR009,C009,38,38.48,1462.24
TXN08318,2025-01-30,P004,R03,SR015,C019,44,47.97,2110.68
TXN08319,2024-02-01,P001,R05,SR005,C107,149,39.94,5951.06
TXN08320,2024-07-24,P003,R05,SR011,C020,112,33.66,3769.92
TXN08321,2024-11-22,P006,R02,SR002,C075,139,28.75,3996.25
TXN08322,2025-11-30,P005,R03,SR003,C109,46,67.81,3119.26
TXN08323,2024-09-02,P001,R05,SR011,C117,89,39.9,3551.1
TXN08324,2025-09-11,P004,R05,SR011,C063,89,49.95,4445.55
TXN08325,2025-07-05,P005,R01,SR019,C119,37,68.57,2537.09
TXN08326,2024-01-09,P002,R01,SR013,C013,193,53.83,10389.19
TXN08327,2024-10-23,P008,R03,SR003,C009,30,32.85,985.5
TXN08328,2024-06-29,P008,R01,SR013,C031,81,33.31,2698.11
TXN08329,2024-07-12,P003,R06,SR012,C044,70,35.39,2477.3
TXN08330,2024-06-02,P005,R03,SR003,C030,76,70.71,5373.96
TXN08331,2024-06-06,P002,R06,SR018,C066,104,54.1,5626.4
TXN08332,2024-11-22,P005,R02,SR020,C071,55,69.52,3823.6
TXN08333,2025-06-25,P002,R01,SR001,C094,56,55.43,3104.08
TXN08334,2025-05-22,P008,R01,SR025,C055,42,32.31,1357.02
TXN08335,2024-03-06,P001,R01,SR001,C055,84,41.69,3501.96
TXN08336,2025-04-05,P003,R02,SR026,C092,60,33.57,2014.2
TXN08337,2024-02-19,P005,R06,SR018,C059,103,67.1,6911.3
TXN08338,2025-07-06,P008,R04,SR016,C065,34,31.98,1087.32
TXN08339,2025-05-20,P007,R06,SR006,C077,98,40.13,3932.74
TXN08340,2024-08-18,P002,R05,SR011,C093,85,53.21,4522.85
TXN08341,2024-08-20,P005,R02,SR008,C078,101,65.78,6643.78
TXN08342,2024-12-28,P001,R02,SR002,C101,140,40.95,5733.0
TXN08343,2024-07-24,P002,R01,SR001,C055,78,59.86,4669.08
TXN08344,2024-01-22,P005,R06,SR018,C086,73,67.56,4931.88
TXN08345,2025-02-12,P001,R02,SR014,C026,98,38.64,3786.72
TXN08346,2025-12-10,P007,R03,SR027,C011,57,42.66,2431.62
TXN08347,2025-12-09,P001,R06,SR024,C074,57,41.25,2351.25
TXN08348,2025-04-01,P003,R02,SR026,C007,183,35.68,6529.44
TXN08349,2024-02-06,P001,R03,SR009,C025,44,37.63,1655.72
TXN08350,2024-12-25,P007,R06,SR030,C045,92,44.16,4062.72
TXN08351,2024-12-28,P007,R03,SR015,C011,51,41.92,2137.92
TXN08352,2024-09-28,P002,R01,SR019,C111,161,53.51,8615.11
TXN08353,2024-07-04,P004,R01,SR019,C043,51,51.29,2615.79
TXN08354,2024-08-10,P002,R04,SR004,C004,49,53.79,2635.71
TXN08355,2024-05-30,P002,R02,SR026,C097,41,57.67,2364.47
TXN08356,2024-06-18,P004,R02,SR002,C075,164,47.75,7831.0
TXN08357,2024-11-05,P005,R01,SR013,C055,56,71.81,4021.36
TXN08358,2025-05-09,P006,R04,SR028,C103,85,29.62,2517.7
TXN08359,2025-04-12,P001,R05,SR023,C112,114,41.78,4762.92
TXN08360,2025-10-28,P004,R02,SR014,C075,130,50.02,6502.6
TXN08361,2025-09-02,P002,R04,SR022,C104,93,54.41,5060.13
TXN08362,2024-09-23,P004,R03,SR003,C018,61,48.28,2945.08
TXN08363,2025-06-25,P005,R01,SR013,C088,61,66.31,4044.91
TXN08364,2024-11-11,P003,R02,SR020,C007,130,36.92,4799.6
TXN08365,2024-06-29,P007,R06,SR018,C047,42,43.18,1813.56
TXN08366,2024-12-09,P003,R01,SR025,C067,130,31.09,4041.7
TXN08367,2024-07-16,P001,R02,SR002,C007,227,38.45,8728.15
TXN08368,2024-05-04,P006,R04,SR010,C039,87,28.52,2481.24
TXN08369,2025-02-24,P006,R01,SR025,C111,112,28.83,3228.96
TXN08370,2024-01-04,P008,R01,SR019,C067,106,31.14,3300.84
TXN08371,2024-09-21,P005,R02,SR002,C101,116,66.86,7755.76
TXN08372,2024-06-01,P004,R03,SR009,C006,51,49.72,2535.72
TXN08373,2025-12-29,P002,R01,SR019,C027,56,54.03,3025.68
TXN08374,2025-11-07,P002,R02,SR014,C007,145,56.5,8192.5
TXN08375,2024-03-06,P007,R03,SR027,C054,71,45.14,3204.94
TXN08376,2025-07-10,P004,R04,SR016,C102,109,48.77,5315.93
TXN08377,2025-04-16,P006,R01,SR019,C031,94,28.45,2674.3
TXN08378,2025-01-02,P002,R06,SR030,C021,80,54.66,4372.8
TXN08379,2024-07-03,P001,R05,SR023,C008,79,41.99,3317.21
TXN08380,2024-07-17,P005,R01,SR025,C064,90,66.48,5983.2
TXN08381,2024-09-17,P008,R03,SR021,C053,35,33.77,1181.95
TXN08382,2025-02-17,P005,R01,SR007,C088,51,71.28,3635.28
TXN08383,2025-11-11,P007,R05,SR023,C008,49,41.03,2010.47
TXN08384,2025-07-03,P002,R01,SR007,C027,46,58.83,2706.18
TXN08385,2025-06-21,P008,R01,SR025,C022,78,33.76,2633.28
TXN08386,2025-07-05,P002,R03,SR015,C037,92,54.94,5054.48
TXN08387,2024-07-01,P006,R05,SR029,C068,26,27.69,719.94
TXN08388,2025-09-18,P004,R02,SR002,C033,174,45.43,7904.82
TXN08389,2024-09-17,P004,R01,SR025,C022,96,47.29,4539.84
TXN08390,2025-11-20,P005,R03,SR015,C006,51,68.02,3469.02
TXN08391,2025-12-29,P007,R04,SR010,C065,43,46.26,1989.18
TXN08392,2025-12-19,P004,R02,SR026,C026,73,49.14,3587.22
TXN08393,2025-04-12,P002,R03,SR015,C025,27,55.24,1491.48
TXN08394,2025-08-02,P006,R06,SR024,C113,45,29.37,1321.65
TXN08395,2025-01-25,P001,R05,SR011,C084,201,39.89,8017.89
TXN08396,2024-10-10,P001,R01,SR007,C060,86,40.47,3480.42
TXN08397,2025-11-24,P007,R01,SR001,C060,75,42.98,3223.5
TXN08398,2024-05-28,P003,R05,SR005,C038,46,34.1,1568.6
TXN08399,2025-08-23,P007,R03,SR003,C072,50,42.0,2100.0
TXN08400,2025-12-13,P008,R01,SR001,C017,35,31.47,1101.45
TXN08401,2025-08-06,P006,R02,SR020,C049,96,29.38,2820.48
TXN08402,2024-01-17,P002,R01,SR025,C067,163,54.47,8878.61
TXN08403,2025-05-19,P003,R01,SR001,C027,39,32.68,1274.52
TXN08404,2024-06-03,P003,R05,SR005,C081,160,33.42,5347.2
TXN08405,2025-06-22,P002,R01,SR001,C060,109,54.98,5992.82
TXN08406,2025-05-20,P001,R04,SR004,C023,192,42.4,8140.8
TXN08407,2025-03-06,P004,R04,SR004,C039,104,49.87,5186.48
TXN08408,2024-07-07,P006,R01,SR025,C017,36,29.84,1074.24
TXN08409,2025-09-11,P003,R01,SR013,C013,122,33.77,4119.94
TXN08410,2024-01-09,P006,R05,SR011,C083,49,28.59,1400.91
TXN08411,2024-08-31,P004,R02,SR002,C090,48,,2276.16
TXN08412,2025-11-03,P003,R03,SR015,C109,26,34.19,888.94
TXN08413,2024-06-09,P005,R02,SR020,C034,53,66.63,3531.39
TXN08414,2025-11-08,P006,R05,SR029,C083,22,28.26,621.72
TXN08415,2024-09-07,P003,R03,SR009,C024,32,35.68,1141.76
TXN08416,2025-11-07,P004,R01,SR001,C067,124,50.91,6312.84
TXN08417,2025-06-18,P006,R01,SR019,C094,50,29.42,1471.0
TXN08418,2024-09-26,P002,R01,SR001,C055,57,53.16,3030.12
TXN08419,2024-07-31,P005,R01,SR007,C064,68,65.34,4443.12
TXN08420,2024-04-25,P007,R01,SR013,C067,153,42.78,6545.34
TXN08421,2025-10-25,P008,R05,SR011,C056,27,30.06,811.62
TXN08422,2025-08-13,P004,R03,SR015,C014,73,48.98,3575.54
TXN08423,2024-03-14,P006,R02,SR008,C090,34,29.97,1018.98
TXN08424,2024-06-03,P002,R01,SR001,C064,115,53.32,6131.8
TXN08425,2025-12-20,P003,R06,SR030,C062,48,33.37,1601.76
TXN08426,2024-02-06,P006,R02,SR020,C071,63,29.0,1827.0
TXN08427,2025-06-11,P007,R02,SR026,C049,137,42.0,5754.0
TXN08428,2025-08-31,P003,R03,SR027,C009,46,33.02,1518.92
TXN08429,2025-06-17,P001,R04,SR028,C029,44,41.62,1831.28
TXN08430,2025-08-11,P003,R04,SR022,C104,71,35.19,2498.49
TXN08431,2024-05-08,P001,R03,SR009,C054,77,38.8,2987.6
TXN08432,2024-08-26,P006,R06,SR024,C061,63,28.46,1792.98
TXN08433,2025-12-02,P006,R02,SR026,C058,80,30.79,2463.2
TXN08434,2025-08-09,P008,R01,SR007,C057,46,31.41,1444.86
TXN08435,2025-12-05,P006,R01,SR007,C031,62,28.5,1767.0
TXN08436,2024-02-23,P008,R01,SR019,C119,12,32.5,390.0
TXN08437,2024-12-23,P006,R06,SR024,C015,106,28.05,2973.3
TXN08438,2024-06-29,P002,R04,SR004,C046,44,56.7,2494.8
TXN08439,2024-07-26,P008,R04,SR004,C095,36,32.06,1154.16
TXN08440,2024-07-26,P008,R06,SR018,C086,50,29.96,1498.0
TXN08441,2025-05-21,P002,R06,SR012,C035,124,55.05,6826.2
TXN08442,2024-01-12,P004,R05,SR029,C115,93,48.83,4541.19
TXN08443,2024-02-03,P002,R03,SR003,C037,154,54.96,8463.84
TXN08444,2024-10-26,P005,R04,SR028,C102,63,68.47,4313.61
TXN08445,2024-12-10,P006,R06,SR006,C118,61,27.99,1707.39
TXN08446,2024-07-03,P006,R01,SR019,C094,74,26.91,1991.34
TXN08447,2025-07-05,P007,R02,SR014,C075,129,43.27,5581.83
TXN08448,2025-10-12,P006,R01,SR007,C027,28,30.91,865.48
TXN08449,2024-06-09,P004,R02,SR002,C097,33,51.02,1683.66
TXN08450,2024-03-10,P008,R02,SR020,C042,69,30.86,2129.34
TXN08451,2024-02-12,P002,R04,SR016,C048,91,53.25,4845.75
TXN08452,2024-03-26,P007,R01,SR025,C094,53,43.19,2289.07
TXN08453,2025-11-21,P002,R02,SR014,C042,103,56.08,5776.24
TXN08454,2024-10-20,P008,R03,SR027,C019,55,32.42,1783.1
TXN08455,2024-08-12,P006,R01,SR007,C043,39,27.94,1089.66
TXN08456,2025-08-20,P003,R02,SR008,C042,99,33.88,3354.12
TXN08457,2025-09-20,P004,R03,SR009,C024,30,47.62,1428.6
TXN08458,2024-06-20,P005,R01,SR007,C064,76,72.32,5496.32
TXN08459,2024-07-01,P004,R01,SR025,C027,41,47.94,1965.54
TXN08460,2024-02-23,P001,R04,SR004,C102,121,37.55,4543.55
TXN08461,2024-09-13,P002,R01,SR001,C055,69,55.65,3839.85
TXN08462,2024-10-08,P001,R01,SR019,C064,119,39.53,4704.07
TXN08463,2025-10-05,P006,R03,SR009,C082,43,28.35,1219.05
TXN08464,2025-05-08,P002,R03,SR027,C030,97,56.8,5509.6
TXN08465,2024-10-03,P004,R03,SR021,C011,50,46.78,2339.0
TXN08466,2024-11-19,P007,R06,SR030,C120,46,37.84,1740.64
TXN08467,2024-05-22,P007,R06,SR006,C044,65,40.35,2622.75
TXN08468,2025-04-25,P005,R01,SR025,C043,41,67.85,2781.85
TXN08469,2025-04-09,P005,R04,SR016,C103,81,65.26,5286.06
TXN08470,2024-01-06,P004,R04,SR016,C065,43,47.0,2021.0
TXN08471,2024-01-07,P007,R02,SR008,C092,32,42.5,1360.0
TXN08472,2024-08-31,P005,R03,SR009,C018,37,68.05,2517.85
TXN08473,2025-06-19,P007,R05,SR023,C008,50,42.99,2149.5
TXN08474,2025-09-06,P005,R01,SR019,C060,91,67.78,6167.98
TXN08475,2025-03-25,P001,R04,SR022,C070,176,39.76,6997.76
TXN08476,2024-01-12,P001,R04,SR004,C080,172,38.84,6680.48
TXN08477,2024-02-25,P004,R04,SR010,C070,160,48.34,7734.4
TXN08478,2024-03-29,P006,R03,SR003,C006,58,28.15,1632.7
TXN08479,2024-05-20,P002,R02,SR026,C092,44,53.61,2358.84
TXN08480,2024-02-11,P006,R06,SR012,C113,73,28.46,2077.58
TXN08481,2024-12-31,P006,R04,SR028,C104,69,29.69,2048.61
TXN08482,2024-06-20,P008,R02,SR014,C092,27,31.63,854.01
TXN08483,2025-08-19,P001,R02,SR026,C036,48,38.1,1828.8
TXN08484,2025-08-24,P006,R06,SR030,C045,98,28.07,2750.86
TXN08485,2025-07-05,P007,R04,SR004,C039,94,43.23,4063.62
TXN08486,2025-01-16,P002,R04,SR022,C102,131,55.24,7236.44
TXN08487,2025-04-21,P006,R01,SR025,C057,67,29.85,1999.95
TXN08488,2025-08-12,P005,R02,SR014,C033,110,64.88,7136.8
TXN08489,2025-03-29,P002,R01,SR007,C067,138,56.15,7748.7
TXN08490,2024-08-05,P002,R05,SR011,C056,58,51.25,2972.5
TXN08491,2024-12-18,P001,R02,SR002,C007,199,40.77,8113.23
TXN08492,2025-07-07,P007,R01,SR007,C055,40,46.36,1854.4
TXN08493,2025-07-09,P004,R04,SR028,C100,64,47.67,3050.88
TXN08494,2024-09-19,P008,R01,SR019,C055,53,31.12,1649.36
TXN08495,2024-07-28,P004,R04,SR004,C095,70,49.97,3497.9
TXN08496,2025-03-27,P008,R02,SR020,C007,134,31.53,4225.02
TXN08497,2025-04-15,P004,R01,SR007,C017,35,49.11,1718.85
TXN08498,2025-10-25,P004,R02,SR008,C105,43,48.94,2104.42
TXN08499,2025-03-11,P003,R05,SR017,C081,130,35.96,4674.8
TXN08500,2024-02-02,P007,R06,SR024,C099,38,40.49,1538.62
TXN08501,2025-02-18,P005,R06,SR030,C061,67,67.88,4547.96
TXN08502,2024-07-25,P002,R04,SR010,C065,60,54.23,3253.8
TXN08503,2025-02-10,P004,R02,SR002,C069,66,47.59,3140.94
TXN08504,2024-04-26,P008,R02,SR026,C078,115,30.99,3563.85
TXN08505,2024-05-14,P004,R05,SR017,C112,76,52.43,3984.68
TXN08506,2025-04-27,P001,R05,SR005,C107,153,40.89,6256.17
TXN08507,2024-02-06,P006,R02,SR008,C049,94,28.86,2712.84
TXN08508,2025-04-20,P002,R05,SR029,C117,61,54.7,3336.7
TXN08509,2025-09-20,P002,R06,SR018,C086,94,53.36,5015.84
TXN08510,2025-08-08,P003,R04,SR022,C046,33,35.29,1164.57
TXN08511,2025-07-28,P008,R02,SR026,C097,29,31.0,899.0
TXN08512,2025-07-06,P006,R06,SR012,C035,94,30.26,2844.44
TXN08513,2024-02-13,P002,R06,SR018,C113,76,57.0,4332.0
TXN08514,2024-08-14,P007,R01,SR007,C031,69,41.99,2897.31
TXN08515,2025-12-15,P002,R05,SR023,C028,161,54.61,8792.21
TXN08516,2025-02-16,P004,R01,SR019,C111,159,47.95,7624.05
TXN08517,2025-04-01,P007,R06,SR006,C113,79,44.05,3479.95
TXN08518,2025-02-14,P006,R04,SR022,C103,100,28.25,2825.0
TXN08519,2025-10-04,P005,R01,SR013,C088,45,65.96,2968.2
TXN08520,2025-04-16,P005,R02,SR026,C058,86,66.94,5756.84
TXN08521,2024-08-07,P004,R04,SR004,C095,61,49.13,2996.93
TXN08522,2025-12-01,P007,R01,SR013,C111,124,43.36,5376.64
TXN08523,2025-06-17,P001,R06,SR006,C074,67,43.0,2881.0
TXN08524,2024-12-23,P004,R01,SR019,C094,68,46.18,3140.24
TXN08525,2025-04-06,P001,R01,SR013,C088,98,42.3,4145.4
TXN08526,2025-03-12,P001,R01,SR013,C088,78,39.52,3082.56
TXN08527,2024-04-09,P008,R05,SR005,C081,97,32.41,3143.77
TXN08528,2024-06-21,P006,R01,SR007,C057,63,27.37,1724.31
TXN08529,2025-08-23,P004,R02,SR008,C026,70,46.8,3276.0
TXN08530,2025-06-30,P003,R03,SR021,C024,44,33.57,1477.08
TXN08531,2025-07-29,P006,R01,SR025,C017,41,28.35,1162.35
TXN08532,2024-06-12,P006,R05,SR029,C056,45,27.3,1228.5
TXN08533,2024-08-11,P003,R03,SR003,C030,70,33.72,2360.4
TXN08534,2025-07-04,P006,R05,SR005,C112,57,30.33,1728.81
TXN08535,2025-06-12,P008,R02,SR008,C108,40,31.98,1279.2
TXN08536,2025-01-05,P002,R03,SR003,C009,55,56.66,3116.3
TXN08537,2025-06-19,P005,R01,SR001,C064,81,72.12,5841.72
TXN08538,2024-08-28,P005,R02,SR020,C007,106,,7238.74
TXN08539,2024-12-26,P007,R01,SR007,C088,61,43.24,2637.64
TXN08540,2024-11-22,P001,R01,SR007,C067,135,42.82,5780.7
TXN08541,2024-07-07,P001,R06,SR006,C120,106,39.91,4230.46
TXN08542,2024-08-06,P004,R06,SR024,C044,49,47.66,2335.34
TXN08543,2024-01-01,P007,R04,SR010,C103,76,43.31,3291.56
TXN08544,2025-09-12,P005,R02,SR020,C069,45,68.14,3066.3
TXN08545,2024-12-02,P008,R06,SR006,C035,73,32.1,2343.3
TXN08546,2024-08-18,P003,R01,SR013,C111,129,30.9,3986.1
TXN08547,2025-04-03,P003,R01,SR019,C067,166,33.89,5625.74
TXN08548,2025-04-12,P004,R01,SR001,C067,120,46.26,5551.2
TXN08549,2024-04-28,P002,R01,SR007,C027,44,53.98,2375.12
TXN08550,2025-05-23,P002,R06,SR030,C110,71,54.14,3843.94
TXN08551,2025-12-08,P002,R06,SR012,C061,116,54.99,6378.84
TXN08552,2025-10-28,P004,R02,SR026,C058,85,49.14,4176.9
TXN08553,2025-06-16,P007,R06,SR006,C113,72,44.55,3207.6
TXN08554,2024-03-17,P001,R02,SR014,C042,122,40.05,4886.1
TXN08555,2025-12-12,P004,R06,SR012,C077,93,47.08,4378.44
TXN08556,2025-04-17,P002,R02,SR020,C036,80,52.63,4210.4
TXN08557,2024-07-20,P005,R01,SR001,C017,41,73.54,3015.14
TXN08558,2024-08-12,P006,R03,SR021,C014,96,30.07,2886.72
TXN08559,2024-08-28,P004,R04,SR028,C005,56,45.06,2523.36
TXN08560,2025-08-07,P001,R05,SR023,C084,188,39.49,7424.12
TXN08561,2025-05-06,P004,R01,SR019,C043,48,49.48,2375.04
TXN08562,2024-09-27,P005,R05,SR023,C096,65,71.77,4665.05
TXN08563,2024-01-07,P008,R04,SR022,C048,50,32.79,1639.5
TXN08564,2025-11-15,P008,R01,SR019,C031,57,32.68,1862.76
TXN08565,2024-07-27,P008,R01,SR001,C043,26,34.25,890.5
TXN08566,2025-02-05,P003,R03,SR015,C019,58,34.4,1995.2
TXN08567,2024-03-14,P008,R01,SR025,C012,36,31.14,1121.04
TXN08568,2025-07-02,P008,R04,SR016,C048,42,31.93,1341.06
TXN08569,2025-11-08,P008,R01,SR025,C111,65,33.96,2207.4
TXN08570,2025-03-17,P005,R02,SR026,C058,102,63.27,6453.54
TXN08571,2025-09-04,P006,R01,SR019,C027,40,29.89,1195.6
TXN08572,2024-03-20,P003,R04,SR022,C010,134,32.42,4344.28
TXN08573,2025-10-22,P003,R01,SR007,C017,43,32.77,1409.11
TXN08574,2025-08-30,P008,R03,SR003,C052,32,33.57,1074.24
TXN08575,2025-05-05,P006,R02,SR008,C036,39,28.44,1109.16
TXN08576,2024-12-15,P008,R04,SR028,C004,31,31.07,963.17
TXN08577,2025-06-02,P004,R05,SR011,C115,145,50.96,7389.2
TXN08578,2025-10-05,P002,R02,SR014,C092,56,57.42,3215.52
TXN08579,2025-11-02,P006,R01,SR001,C031,95,27.54,2616.3
TXN08580,2024-11-16,P001,R02,SR014,C108,65,39.24,2550.6
TXN08581,2024-04-06,P001,R06,SR030,C047,55,40.64,2235.2
TXN08582,2024-08-30,P001,R01,SR007,C055,76,42.08,3198.08
TXN08583,2024-06-29,P001,R02,SR014,C075,160,40.71,6513.6
TXN08584,2025-07-09,P002,R06,SR030,C035,119,54.88,6530.72
TXN08585,2025-10-28,P001,R05,SR029,C093,59,39.86,2351.74
TXN08586,2025-08-10,P006,R05,SR017,C115,108,29.08,3140.64
TXN08587,2024-08-11,P006,R01,SR013,C067,101,29.39,2968.39
TXN08588,2025-06-18,P001,R01,SR019,C031,137,41.8,5726.6
TXN08589,2025-12-14,P002,R01,SR013,C022,107,53.89,5766.23
TXN08590,2024-06-08,P007,R01,SR013,C088,62,42.79,2652.98
TXN08591,2024-06-25,P003,R01,SR013,C027,52,34.48,1792.96
TXN08592,2024-10-12,P007,R02,SR020,C090,38,42.03,1597.14
TXN08593,2024-02-10,P002,R04,SR004,C095,91,56.25,5118.75
TXN08594,2025-01-31,P002,R01,SR019,C088,56,51.39,2877.84
TXN08595,2025-02-27,P005,R02,SR008,C092,36,71.32,2567.52
TXN08596,2025-07-19,P005,R01,SR019,C013,108,71.31,7701.48
TXN08597,2025-09-07,P005,R06,SR006,C079,98,67.92,6656.16
TXN08598,2025-09-04,P008,R04,SR016,C029,21,32.44,681.24
TXN08599,2024-07-23,P004,R01,SR013,C067,138,48.81,6735.78
TXN08600,2024-10-24,P006,R04,SR010,C004,37,29.71,1099.27
TXN08601,2024-07-29,P004,R03,SR009,C024,35,49.14,1719.9
TXN08602,2025-04-07,P002,R05,SR011,C063,124,55.2,6844.8
TXN08603,2025-01-04,P002,R01,SR013,C060,137,56.31,7714.47
TXN08604,2024-05-31,P006,R04,SR022,C080,128,29.03,3715.84
TXN08605,2025-05-08,P006,R06,SR024,C089,39,29.05,1132.95
TXN08606,2025-03-05,P003,R01,SR019,C111,153,33.95,5194.35
TXN08607,2024-10-04,P003,R01,SR007,C094,47,36.7,1724.9
TXN08608,2024-09-19,P001,R01,SR007,C111,134,42.08,5638.72
TXN08609,2025-04-20,P006,R06,SR024,C116,47,26.69,1254.43
TXN08610,2024-09-11,P003,R01,SR001,C013,121,32.69,3955.49
TXN08611,2025-06-14,P007,R06,SR006,C110,68,43.66,2968.88
TXN08612,2024-11-04,P004,R03,SR027,C072,45,47.92,2156.4
TXN08613,2025-04-28,P003,R04,SR022,C080,136,35.07,4769.52
TXN08614,2025-12-30,P008,R02,SR020,C101,74,31.12,2302.88
TXN08615,2024-03-22,P008,R01,SR019,C088,44,32.44,1427.36
TXN08616,2024-11-16,P007,R01,SR007,C043,41,43.12,1767.92
TXN08617,2025-11-07,P002,R02,SR020,C078,155,54.47,8442.85
TXN08618,2024-09-01,P006,R05,SR029,C063,39,29.4,1146.6
TXN08619,2024-03-22,P003,R01,SR013,C022,115,33.55,3858.25
TXN08620,2024-12-24,P003,R05,SR005,C096,55,34.31,1887.05
TXN08621,2025-03-26,P003,R02,SR008,C036,34,33.16,1127.44
TXN08622,2024-09-19,P002,R03,SR009,C109,44,57.81,2543.64
TXN08623,2024-05-03,P006,R01,SR013,C012,70,29.89,2092.3
TXN08624,2024-09-14,P004,R04,SR016,C070,117,46.37,5425.29
TXN08625,2025-08-06,P002,R01,SR019,C043,42,57.4,2410.8
TXN08626,2025-02-10,P004,R01,SR019,C031,100,47.59,4759.0
TXN08627,2024-10-29,P002,R03,SR015,C019,62,56.88,3526.56
TXN08628,2024-05-16,P002,R02,SR002,C036,56,53.08,2972.48
TXN08629,2024-04-29,P003,R06,SR018,C098,74,31.91,2361.34
TXN08630,2025-01-24,P005,R05,SR011,C032,107,74.16,7935.12
TXN08631,2025-06-10,P003,R02,SR002,C101,122,32.8,4001.6
TXN08632,2024-04-30,P004,R05,SR011,C117,85,48.23,4099.55
TXN08633,2025-09-18,P005,R04,SR016,C046,28,68.9,1929.2
TXN08634,2024-07-20,P005,R02,SR008,C078,102,66.34,6766.68
TXN08635,2024-11-25,P006,R06,SR024,C035,64,29.63,1896.32
TXN08636,2024-02-19,P006,R05,SR017,C008,39,28.77,1122.03
TXN08637,2025-03-11,P002,R01,SR007,C094,70,56.44,3950.8
TXN08638,2024-11-11,P002,R02,SR026,C097,28,53.44,1496.32
TXN08639,2025-11-27,P006,R01,SR025,C022,95,27.96,2656.2
TXN08640,2025-09-04,P002,R06,SR030,C001,45,53.35,2400.75
TXN08641,2025-06-09,P004,R05,SR005,C117,58,47.68,2765.44
TXN08642,2025-04-14,P001,R03,SR027,C018,109,41.35,4507.15
TXN08643,2024-05-13,P003,R02,SR026,C036,60,32.94,1976.4
TXN08644,2025-07-15,P007,R04,SR004,C102,87,43.65,3797.55
TXN08645,2025-03-18,P005,R06,SR006,C098,107,69.88,7477.16
TXN08646,2025-06-14,P005,R06,SR030,C066,82,66.16,5425.12
TXN08647,2025-10-21,P003,R03,SR003,C041,77,34.13,2628.01
TXN08648,2025-12-18,P001,R04,SR022,C039,118,39.61,4673.98
TXN08649,2024-10-17,P002,R01,SR001,C064,98,55.41,5430.18
TXN08650,2025-08-04,P002,R06,SR012,C116,47,54.43,2558.21
TXN08651,2025-08-25,P001,R03,SR009,C018,61,41.49,2530.89
TXN08652,2024-10-12,P001,R01,SR013,C027,53,38.93,2063.29
TXN08653,2024-02-22,P006,R05,SR029,C073,56,29.61,1658.16
TXN08654,2025-11-09,P004,R01,SR007,C017,37,48.05,1777.85
TXN08655,2024-04-02,P008,R01,SR025,C094,44,29.76,1309.44
TXN08656,2024-08-16,P004,R01,SR007,C043,42,48.57,2039.94
TXN08657,2024-03-05,P003,R03,SR021,C053,86,34.11,2933.46
TXN08658,2025-04-08,P002,R03,SR021,C009,61,56.62,3453.82
TXN08659,2024-01-24,P003,R02,SR026,C078,116,36.22,4201.52
TXN08660,2024-06-16,P003,R04,SR010,C100,58,32.81,1902.98
TXN08661,2024-11-29,P006,R03,SR027,C052,45,28.47,1281.15
TXN08662,2024-01-29,P005,R03,SR027,C054,59,68.85,4062.15
TXN08663,2024-02-29,P006,R01,SR001,C067,106,28.69,3041.14
TXN08664,2024-12-13,P001,R04,SR004,C100,66,38.62,2548.92
TXN08665,2024-03-01,P002,R03,SR027,C037,128,53.77,6882.56
TXN08666,2024-04-01,P001,R04,SR004,C103,112,39.97,4476.64
TXN08667,2024-06-18,P007,R06,SR024,C087,64,44.49,2847.36
TXN08668,2024-08-17,P004,R01,SR001,C088,56,51.14,2863.84
TXN08669,2025-09-09,P002,R01,SR013,C064,106,56.68,6008.08
TXN08670,2025-11-29,P001,R01,SR025,C111,157,37.87,5945.59
TXN08671,2024-09-15,P003,R06,SR024,C001,28,34.89,976.92
TXN08672,2025-02-23,P002,R05,SR029,C063,73,54.23,3958.79
TXN08673,2024-12-04,P005,R04,SR016,C070,92,65.16,5994.72
TXN08674,2024-04-04,P001,R04,SR022,C104,103,41.49,4273.47
TXN08675,2025-11-27,P006,R05,SR017,C112,55,30.19,1660.45
TXN08676,2024-02-01,P001,R02,SR008,C034,97,41.36,4011.92
TXN08677,2024-05-26,P001,R02,SR020,C071,85,41.18,3500.3
TXN08678,2024-10-23,P004,R05,SR005,C028,80,44.22,3537.6
TXN08679,2025-09-12,P001,R02,SR008,C108,63,40.38,2543.94
TXN08680,2024-10-07,P006,R01,SR025,C064,76,29.0,2204.0
TXN08681,2024-02-24,P007,R02,SR008,C092,38,41.92,1592.96
TXN08682,2024-05-02,P003,R05,SR017,C093,56,34.46,1929.76
TXN08683,2024-10-13,P004,R05,SR017,C115,109,47.07,5130.63
TXN08684,2024-05-26,P006,R06,SR024,C120,62,29.83,1849.46
TXN08685,2025-01-19,P003,R01,SR001,C094,59,32.56,1921.04
TXN08686,2024-10-15,P003,R05,SR029,C114,31,33.57,1040.67
TXN08687,2025-09-02,P005,R05,SR005,C107,77,69.43,5346.11
TXN08688,2024-12-14,P006,R03,SR027,C024,40,27.12,1084.8
TXN08689,2024-12-18,P005,R05,SR029,C008,34,67.99,2311.66
TXN08690,2024-01-18,P002,R02,SR008,C078,119,53.34,6347.46
TXN08691,2024-01-18,P003,R04,SR028,C102,109,36.27,3953.43
TXN08692,2024-01-28,P003,R03,SR021,C018,59,35.75,2109.25
TXN08693,2024-11-02,P002,R06,SR018,C066,87,56.82,4943.34
TXN08694,2024-10-23,P003,R04,SR010,C029,28,36.29,1016.12
TXN08695,2025-07-04,P006,R06,SR018,C089,27,30.67,828.09
TXN08696,2024-07-09,P004,R05,SR023,C073,69,49.14,3390.66
TXN08697,2025-06-03,P003,R02,SR014,C069,39,32.43,1264.77
TXN08698,2025-09-14,P004,R02,SR014,C058,78,48.15,3755.7
TXN08699,2024-09-08,P002,R01,SR007,C055,62,56.14,3480.68
TXN08700,2025-12-28,P006,R01,SR019,C043,40,29.85,1194.0
TXN08701,2025-08-22,P002,R01,SR013,C064,110,53.87,5925.7
TXN08702,2025-07-06,P002,R05,SR023,C114,66,56.96,3759.36
TXN08703,2024-04-20,P001,R06,SR030,C118,60,40.32,2419.2
TXN08704,2024-07-15,P002,R01,SR019,C094,91,52.35,4763.85
TXN08705,2024-01-24,P002,R01,SR007,C022,90,55.86,5027.4
TXN08706,2025-08-24,P008,R04,SR004,C005,50,29.57,1478.5
TXN08707,2025-02-22,P004,R04,SR016,C103,93,49.94,4644.42
TXN08708,2025-06-23,P007,R02,SR026,C105,56,42.88,2401.28
TXN08709,2025-08-03,P003,R01,SR019,C067,117,33.79,3953.43
TXN08710,2025-10-19,P002,R01,SR019,C064,102,54.15,5523.3
TXN08711,2024-04-01,P004,R01,SR001,C064,100,51.45,5145.0
TXN08712,2024-11-25,P005,R05,SR023,C081,127,67.58,8582.66
TXN08713,2025-10-07,P006,R02,SR020,C036,50,29.88,1494.0
TXN08714,2024-08-29,P006,R05,SR029,C081,100,30.08,3008.0
TXN08715,2024-02-20,P003,R01,SR019,C013,149,32.31,4814.19
TXN08716,2025-07-16,P007,R01,SR025,C111,102,45.38,4628.76
TXN08717,2024-08-20,P002,R04,SR022,C029,46,53.56,2463.76
TXN08718,2025-05-21,P007,R02,SR008,C049,109,43.65,4757.85
TXN08719,2025-10-22,P002,R05,SR005,C038,36,58.87,2119.32
TXN08720,2024-12-15,P003,R06,SR024,C120,75,33.86,2539.5
TXN08721,2024-06-15,P007,R05,SR011,C020,114,42.95,4896.3
TXN08722,2025-12-25,P003,R04,SR016,C010,134,32.57,4364.38
TXN08723,2025-09-13,P007,R01,SR019,C119,29,41.07,1191.03
TXN08724,2025-05-05,P007,R04,SR022,C102,100,44.67,4467.0
TXN08725,2024-05-01,P005,R01,SR013,C055,64,70.85,4534.4
TXN08726,2024-12-20,P002,R04,SR016,C091,119,54.75,6515.25
TXN08727,2025-06-03,P006,R03,SR021,C025,26,29.1,756.6
TXN08728,2024-11-15,P005,R01,SR013,C111,102,65.53,6684.06
TXN08729,2025-09-04,P001,R05,SR029,C096,62,43.03,2667.86
TXN08730,2025-01-02,P003,R05,SR011,C063,77,34.86,2684.22
TXN08731,2024-03-02,P002,R03,SR027,C053,95,57.81,5491.95
TXN08732,2025-03-18,P005,R01,SR019,C060,100,73.63,7363.0
TXN08733,2024-02-28,P006,R01,SR025,C017,45,29.46,1325.7
TXN08734,2024-08-12,P002,R02,SR026,C026,80,55.92,4473.6
TXN08735,2025-10-20,P006,R05,SR023,C056,48,29.35,1408.8
TXN08736,2025-12-08,P003,R04,SR016,C103,68,35.46,2411.28
TXN08737,2025-04-27,P007,R02,SR002,C033,175,43.11,7544.25
TXN08738,2025-05-06,P002,R02,SR008,C049,108,54.03,5835.24
TXN08739,2025-06-15,P001,R06,SR030,C118,57,41.8,2382.6
TXN08740,2025-09-22,P002,R05,SR029,C093,45,52.62,2367.9
TXN08741,2025-10-23,P004,R01,SR019,C119,36,51.27,1845.72
TXN08742,2025-02-11,P006,R01,SR019,C012,70,27.08,1895.6
TXN08743,2024-07-08,P004,R03,SR027,C014,120,47.71,5725.2
TXN08744,2025-06-15,P002,R06,SR018,C035,95,56.52,5369.4
TXN08745,2025-08-30,P003,R05,SR017,C068,46,35.92,1652.32
TXN08746,2024-08-30,P005,R01,SR019,C022,96,67.85,6513.6
TXN08747,2025-04-01,P006,R06,SR018,C120,55,28.95,1592.25
TXN08748,2024-03-07,P001,R01,SR001,C094,97,40.55,3933.35
TXN08749,2024-04-26,P007,R03,SR015,C041,36,47.35,1704.6
TXN08750,2024-08-19,P006,R05,SR005,C032,94,27.3,2566.2
TXN08751,2025-10-27,P003,R01,SR007,C057,48,33.78,1621.44
TXN08752,2025-05-23,P008,R01,SR001,C055,59,32.45,1914.55
TXN08753,2025-09-14,P004,R04,SR010,C095,51,50.1,2555.1
TXN08754,2024-01-20,P004,R04,SR010,C039,98,48.39,4742.22
TXN08755,2024-05-24,P006,R02,SR014,C078,112,29.1,3259.2
TXN08756,2024-12-16,P003,R01,SR007,C088,46,33.95,1561.7
TXN08757,2024-11-07,P007,R01,SR013,C088,64,43.16,2762.24
TXN08758,2025-10-20,P001,R06,SR018,C116,40,38.43,1537.2
TXN08759,2024-03-15,P001,R04,SR004,C039,145,39.57,5737.65
TXN08760,2024-09-13,P003,R01,SR007,C060,94,33.4,3139.6
TXN08761,2025-03-08,P003,R05,SR005,C028,111,35.72,3964.92
TXN08762,2024-09-01,P003,R02,SR026,C049,100,33.49,3349.0
TXN08763,2025-04-23,P002,R04,SR016,C104,96,54.92,5272.32
TXN08764,2025-11-29,P003,R01,SR001,C088,51,33.04,1685.04
TXN08765,2025-05-30,P006,R01,SR019,C057,84,30.92,2597.28
TXN08766,2024-06-20,P003,R02,SR008,C033,118,33.02,3896.36
TXN08767,2025-04-24,P002,R02,SR002,C075,240,52.48,12595.2
TXN08768,2025-08-09,P002,R01,SR019,C043,51,52.36,2670.36
TXN08769,2025-05-27,P005,R02,SR020,C058,93,73.09,6797.37
TXN08770,2024-08-09,P001,R02,SR014,C049,102,39.87,4066.74
TXN08771,2024-03-15,P001,R02,SR014,C092,56,39.87,2232.72
TXN08772,2024-08-28,P001,R05,SR017,C096,74,39.95,2956.3
TXN08773,2025-02-08,P004,R02,SR002,C105,76,47.09,3578.84
TXN08774,2025-01-05,P001,R06,SR018,C002,101,40.95,4135.95
TXN08775,2025-12-01,P003,R01,SR025,C111,142,34.53,4903.26
TXN08776,2025-10-20,P002,R03,SR015,C053,45,50.52,2273.4
TXN08777,2025-06-29,P005,R04,SR004,C048,55,65.28,3590.4
TXN08778,2024-03-15,P002,R06,SR006,C077,136,58.7,7983.2
TXN08779,2025-04-15,P001,R05,SR017,C056,74,41.86,3097.64
TXN08780,2024-07-06,P002,R05,SR017,C020,103,55.61,5727.83
TXN08781,2025-09-29,P003,R01,SR025,C017,45,34.83,1567.35
TXN08782,2024-05-10,P001,R05,SR023,C063,122,38.36,4679.92
TXN08783,2025-03-07,P002,R05,SR029,C028,92,54.45,5009.4
TXN08784,2024-06-27,P001,R05,SR005,C083,57,39.77,2266.89
TXN08785,2024-05-09,P005,R06,SR006,C002,77,72.62,5591.74
TXN08786,2025-01-16,P006,R02,SR020,C034,79,28.07,2217.53
TXN08787,2024-10-04,P006,R04,SR028,C046,23,28.76,661.48
TXN08788,2024-09-14,P002,R02,SR008,C092,38,53.99,2051.62
TXN08789,2024-04-29,P008,R04,SR004,C080,104,31.49,3274.96
TXN08790,2025-03-12,P003,R01,SR013,C057,74,35.63,2636.62
TXN08791,2025-12-04,P004,R01,SR013,C094,64,48.43,3099.52
TXN08792,2025-02-13,P007,R05,SR017,C028,87,41.21,3585.27
TXN08793,2025-04-20,P003,R06,SR012,C098,95,32.78,3114.1
TXN08794,2024-04-10,P002,R04,SR016,C080,152,57.85,8793.2
TXN08795,2024-03-19,P008,R02,SR008,C033,89,30.63,2726.07
TXN08796,2024-06-13,P007,R03,SR021,C019,76,43.62,3315.12
TXN08797,2024-11-12,P001,R02,SR020,C049,116,40.51,4699.16
TXN08798,2025-09-29,P006,R01,SR007,C012,41,28.67,1175.47
TXN08799,2025-02-23,P001,R06,SR024,C051,70,41.47,2902.9
TXN08800,2025-08-18,P005,R03,SR009,C011,41,68.52,2809.32
TXN08801,2025-09-08,P006,R02,SR014,C026,55,30.36,1669.8
TXN08802,2024-09-21,P006,R04,SR004,C095,49,30.62,1500.38
TXN08803,2024-03-19,P002,R02,SR014,C097,39,54.97,2143.83
TXN08804,2024-02-12,P005,R02,SR026,C033,139,69.23,9622.97
TXN08805,2024-05-14,P003,R01,SR025,C055,62,31.59,1958.58
TXN08806,2024-11-08,P008,R04,SR022,C091,73,32.54,2375.42
TXN08807,2024-12-09,P003,R03,SR003,C053,90,33.68,3031.2
TXN08808,2025-07-23,P005,R02,SR014,C090,27,68.98,1862.46
TXN08809,2025-01-07,P004,R06,SR018,C077,77,45.98,3540.46
TXN08810,2024-03-08,P007,R03,SR027,C072,42,42.37,1779.54
TXN08811,2024-03-24,P001,R01,SR025,C031,117,37.83,4426.11
TXN08812,2024-08-25,P006,R01,SR025,C027,30,28.76,862.8
TXN08813,2025-04-29,P002,R06,SR018,C079,116,55.21,6404.36
TXN08814,2024-01-29,P008,R01,SR001,C055,46,32.17,1479.82
TXN08815,2025-06-05,P003,R02,SR008,C034,69,37.28,2572.32
TXN08816,2025-08-05,P005,R02,SR014,C033,104,64.32,6689.28
TXN08817,2024-12-23,P005,R02,SR014,C049,63,71.81,4524.03
TXN08818,2025-12-17,P002,R02,SR014,C092,43,57.24,2461.32
TXN08819,2024-10-01,P001,R04,SR004,C048,97,42.75,4146.75
TXN08820,2025-09-23,P001,R06,SR030,C106,62,39.87,2471.94
TXN08821,2025-09-04,P006,R05,SR017,C056,24,28.6,686.4
TXN08822,2025-08-31,P002,R06,SR006,C098,140,55.3,7742.0
TXN08823,2025-07-02,P003,R05,SR017,C020,103,35.14,3619.42
TXN08824,2025-01-01,P003,R05,SR017,C008,35,33.74,1180.9
TXN08825,2024-09-06,P007,R03,SR027,C037,100,40.1,4010.0
TXN08826,2024-10-18,P005,R02,SR008,C026,41,65.18,2672.38
TXN08827,2024-11-27,P003,R05,SR023,C008,51,32.28,1646.28
TXN08828,2025-07-09,P001,R04,SR016,C040,109,38.89,4239.01
TXN08829,2025-04-08,P001,R01,SR025,C094,77,42.55,3276.35
TXN08830,2025-08-19,P004,R05,SR005,C038,43,52.09,2239.87
TXN08831,2025-03-16,P002,R04,SR028,C023,157,54.63,8576.91
TXN08832,2024-10-13,P008,R01,SR007,C012,33,29.15,961.95
TXN08833,2025-08-28,P001,R03,SR015,C109,47,43.12,2026.64
TXN08834,2025-01-30,P003,R03,SR027,C025,36,34.2,1231.2
TXN08835,2025-08-19,P003,R02,SR026,C007,126,33.33,4199.58
TXN08836,2024-07-24,P001,R01,SR001,C013,177,38.94,6892.38
TXN08837,2024-02-19,P002,R05,SR023,C115,192,51.92,9968.64
TXN08838,2025-09-15,P001,R04,SR022,C080,146,41.81,6104.26
TXN08839,2024-05-27,P004,R01,SR013,C111,131,46.38,6075.78
TXN08840,2025-08-28,P005,R06,SR024,C120,52,70.49,3665.48
TXN08841,2024-12-07,P004,R03,SR003,C025,33,51.43,1697.19
TXN08842,2024-01-26,P004,R04,SR022,C005,66,48.08,3173.28
TXN08843,2024-07-29,P001,R03,SR015,C018,59,39.48,2329.32
TXN08844,2025-09-08,P007,R04,SR022,C046,28,44.38,1242.64
TXN08845,2025-08-14,P004,R01,SR007,C067,108,50.53,5457.24
TXN08846,2025-02-17,P006,R05,SR005,C114,53,29.14,1544.42
TXN08847,2025-03-24,P004,R01,SR013,C119,34,49.39,1679.26
TXN08848,2024-06-17,P002,R05,SR023,C056,68,51.9,3529.2
TXN08849,2024-08-30,P006,R01,SR019,C043,39,28.98,1130.22
TXN08850,2024-03-18,P001,R04,SR028,C080,186,40.92,7611.12
TXN08851,2025-12-03,P003,R02,SR002,C026,99,33.41,3307.59
TXN08852,2025-08-10,P006,R02,SR026,C042,91,30.9,2811.9
TXN08853,2024-05-01,P007,R03,SR015,C082,58,41.95,2433.1
TXN08854,2025-11-26,P008,R01,SR013,C027,46,34.51,1587.46
TXN08855,2024-07-09,P007,R03,SR021,C024,48,42.53,2041.44
TXN08856,2025-02-16,P006,R03,SR027,C037,118,29.14,3438.52
TXN08857,2025-04-28,P003,R05,SR011,C084,173,33.56,5805.88
TXN08858,2025-05-22,P006,R02,SR014,C058,72,29.83,2147.76
TXN08859,2025-09-09,P005,R01,SR007,C064,66,66.45,4385.7
TXN08860,2024-01-09,P001,R01,SR007,C055,62,38.26,2372.12
TXN08861,2025-07-09,P002,R05,SR011,C096,79,53.97,4263.63
TXN08862,2024-09-02,P002,R04,SR022,C029,38,53.5,2033.0
TXN08863,2024-06-30,P003,R06,SR018,C050,23,35.24,810.52
TXN08864,2024-07-27,P001,R05,SR017,C073,99,39.22,3882.78
TXN08865,2025-05-14,P002,R04,SR028,C010,129,53.22,6865.38
TXN08866,2025-10-09,P001,R04,SR022,C023,165,40.14,6623.1
TXN08867,2025-04-07,P005,R02,SR008,C036,43,68.1,2928.3
TXN08868,2024-11-19,P002,R01,SR007,C111,132,53.9,7114.8
TXN08869,2025-07-03,P007,R02,SR020,C101,117,43.66,5108.22
TXN08870,2024-09-30,P008,R01,SR019,C067,127,32.61,4141.47
TXN08871,2025-10-23,P003,R04,SR004,C046,26,35.09,912.34
TXN08872,2025-04-13,P004,R01,SR007,C027,40,46.3,1852.0
TXN08873,2025-06-10,P002,R05,SR005,C073,68,57.51,3910.68
TXN08874,2024-09-24,P004,R01,SR007,C111,105,49.34,5180.7
TXN08875,2024-09-13,P001,R01,SR007,C043,36,39.29,1414.44
TXN08876,2025-10-19,P001,R02,SR002,C034,132,39.37,5196.84
TXN08877,2025-01-16,P006,R05,SR023,C083,50,27.4,1370.0
TXN08878,2024-07-13,P002,R02,SR020,C090,56,51.52,2885.12
TXN08879,2025-10-14,P005,R03,SR003,C018,58,64.88,3763.04
TXN08880,2025-09-17,P008,R01,SR001,C088,48,34.15,1639.2
TXN08881,2025-12-10,P001,R01,SR013,C057,92,38.47,3539.24
TXN08882,2024-02-02,P004,R01,SR025,C067,141,49.43,6969.63
TXN08883,2025-07-28,P002,R06,SR012,C061,93,53.2,4947.6
TXN08884,2025-11-06,P002,R04,SR010,C023,126,54.8,6904.8
TXN08885,2024-02-04,P001,R01,SR001,C017,54,40.61,2192.94
TXN08886,2024-02-16,P004,R01,SR013,C094,62,48.1,2982.2
TXN08887,2025-12-06,P001,R04,SR004,C080,148,40.94,6059.12
TXN08888,2025-04-27,P007,R01,SR025,C064,90,41.22,3709.8
TXN08889,2024-01-14,P001,R06,SR012,C044,108,38.84,4194.72
TXN08890,2024-10-21,P001,R04,SR022,C065,64,41.55,2659.2
TXN08891,2025-11-08,P003,R05,SR023,C114,64,34.79,2226.56
TXN08892,2024-11-29,P006,R04,SR016,C103,61,31.2,1903.2
TXN08893,2024-11-18,P006,R01,SR019,C055,45,30.09,1354.05
TXN08894,2025-11-03,P002,R04,SR022,C040,98,55.81,5469.38
TXN08895,2025-05-31,P002,R02,SR020,C097,44,54.64,2404.16
TXN08896,2024-01-16,P005,R04,SR016,C102,87,61.27,5330.49
TXN08897,2025-03-27,P005,R05,SR023,C008,63,64.39,4056.57
TXN08898,2024-02-02,P002,R02,SR008,C033,153,55.32,8463.96
TXN08899,2024-09-20,P001,R02,SR008,C058,86,40.12,3450.32
TXN08900,2024-09-05,P001,R02,SR002,C090,76,39.34,2989.84
TXN08901,2025-06-25,P002,R01,SR001,C067,151,55.2,8335.2
TXN08902,2025-09-11,P007,R04,SR016,C065,32,42.8,1369.6
TXN08903,2025-02-20,P002,R06,SR012,C061,100,55.67,5567.0
TXN08904,2025-02-19,P005,R01,SR007,C060,57,66.73,3803.61
TXN08905,2024-03-18,P004,R01,SR019,C027,50,46.95,2347.5
TXN08906,2025-08-03,P002,R05,SR017,C096,58,55.32,3208.56
TXN08907,2025-09-14,P004,R05,SR011,C093,67,48.94,3278.98
TXN08908,2025-12-18,P005,R01,SR013,C064,78,68.63,5353.14
TXN08909,2025-12-06,P004,R01,SR007,C111,108,48.58,5246.64
TXN08910,2025-10-30,P001,R01,SR019,C031,97,39.46,3827.62
TXN08911,2025-12-11,P006,R01,SR025,C055,58,28.15,1632.7
TXN08912,2024-02-05,P006,R05,SR011,C068,43,27.83,1196.69
TXN08913,2025-04-29,P003,R05,SR023,C056,60,31.37,1882.2
TXN08914,2024-05-11,P007,R01,SR001,C057,68,44.48,3024.64
TXN08915,2025-06-18,P001,R04,SR028,C048,81,39.64,3210.84
TXN08916,2024-05-15,P001,R02,SR014,C078,169,40.93,6917.17
TXN08917,2025-06-13,P005,R03,SR021,C072,56,68.08,3812.48
TXN08918,2024-05-07,P002,R02,SR014,C097,30,58.16,1744.8
TXN08919,2025-08-19,P004,R03,SR009,C003,55,49.17,2704.35
TXN08920,2024-08-09,P002,R01,SR007,C119,25,55.77,1394.25
TXN08921,2025-05-05,P002,R01,SR025,C064,123,52.43,6448.89
TXN08922,2024-12-16,P008,R03,SR021,C054,40,30.95,1238.0
TXN08923,2024-01-21,P001,R05,SR011,C083,70,38.23,2676.1
TXN08924,2025-07-15,P002,R03,SR003,C109,67,53.07,3555.69
TXN08925,2024-12-30,P006,R02,SR014,C092,36,30.01,1080.36
TXN08926,2024-06-17,P001,R02,SR008,C033,139,39.48,5487.72
TXN08927,2024-08-03,P003,R02,SR026,C105,45,34.54,1554.3
TXN08928,2025-11-11,P007,R02,SR014,C078,122,43.28,5280.16
TXN08929,2025-11-13,P004,R03,SR021,C009,44,50.0,2200.0
TXN08930,2025-10-08,P008,R02,SR020,C071,56,33.31,1865.36
TXN08931,2024-01-17,P002,R06,SR024,C021,57,53.47,3047.79
TXN08932,2024-10-29,P004,R03,SR003,C025,32,49.82,1594.24
TXN08933,2024-09-23,P006,R02,SR014,C026,42,28.39,1192.38
TXN08934,2025-04-20,P006,R05,SR029,C107,78,30.42,2372.76
TXN08935,2025-08-15,P006,R01,SR007,C094,47,30.06,1412.82
TXN08936,2024-12-20,P001,R06,SR006,C087,90,39.6,3564.0
TXN08937,2024-02-24,P007,R02,SR014,C026,49,43.39,2126.11
TXN08938,2025-05-22,P008,R04,SR016,C102,75,32.19,2414.25
TXN08939,2025-04-30,P003,R06,SR018,C099,51,33.78,1722.78
TXN08940,2024-03-07,P004,R04,SR022,C004,61,48.6,2964.6
TXN08941,2024-11-06,P001,R03,SR003,C037,160,38.1,6096.0
TXN08942,2025-05-15,P007,R02,SR020,C108,87,42.38,3687.06
TXN08943,2025-06-20,P002,R03,SR015,C030,55,56.23,3092.65
TXN08944,2024-07-14,P005,R05,SR005,C084,130,69.07,8979.1
TXN08945,2025-10-11,P003,R01,SR001,C027,44,35.31,1553.64
TXN08946,2024-12-13,P001,R03,SR009,C003,78,42.14,3286.92
TXN08947,2025-10-18,P001,R01,SR007,C094,49,39.38,1929.62
TXN08948,2024-03-11,P003,R02,SR008,C090,36,33.82,1217.52
TXN08949,2025-01-29,P002,R02,SR020,C078,175,52.67,9217.25
TXN08950,2025-11-30,P007,R04,SR016,C104,60,43.0,2580.0
TXN08951,2025-09-18,P006,R02,SR008,C049,79,28.21,2228.59
TXN08952,2024-10-25,P001,R01,SR019,C088,86,39.88,3429.68
TXN08953,2024-09-25,P006,R01,SR019,C055,47,28.86,1356.42
TXN08954,2025-01-19,P002,R01,SR013,C031,88,54.4,4787.2
TXN08955,2024-10-25,P005,R06,SR030,C087,59,68.62,4048.58
TXN08956,2025-11-26,P006,R02,SR020,C092,72,28.98,2086.56
TXN08957,2025-01-27,P001,R05,SR017,C096,90,39.13,3521.7
TXN08958,2025-06-14,P006,R05,SR005,C115,135,29.5,3982.5
TXN08959,2025-12-25,P002,R03,SR015,C011,43,53.0,2279.0
TXN08960,2024-06-03,P007,R01,SR025,C088,69,43.47,2999.43
TXN08961,2024-11-23,P001,R06,SR024,C015,156,39.13,6104.28
TXN08962,2024-05-25,P004,R02,SR020,C007,146,48.94,7145.24
TXN08963,2024-05-25,P002,R04,SR022,C048,95,55.01,5225.95
TXN08964,2024-06-21,P001,R01,SR013,C088,86,40.26,3462.36
TXN08965,2024-05-01,P008,R03,SR021,C006,62,30.2,1872.4
TXN08966,2024-04-26,P001,R01,SR013,C060,141,40.72,5741.52
TXN08967,2024-06-20,P005,R02,SR008,C058,77,69.54,5354.58
TXN08968,2025-08-09,P007,R03,SR015,C025,14,44.19,618.66
TXN08969,2024-05-04,P007,R02,SR020,C049,108,41.98,4533.84
TXN08970,2024-03-12,P001,R02,SR008,C078,185,40.58,7507.3
TXN08971,2025-11-12,P004,R02,SR002,C105,66,47.3,3121.8
TXN08972,2025-08-25,P001,R01,SR019,C067,187,41.87,7829.69
TXN08973,2025-02-21,P004,R01,SR019,C027,48,48.27,2316.96
TXN08974,2025-07-18,P008,R03,SR021,C014,83,32.14,2667.62
TXN08975,2025-11-27,P004,R03,SR021,C053,73,47.58,3473.34
TXN08976,2025-05-15,P004,R03,SR003,C025,48,49.51,2376.48
TXN08977,2024-06-10,P005,R05,SR029,C117,38,64.04,2433.52
TXN08978,2025-11-11,P001,R02,SR002,C033,228,41.91,9555.48
TXN08979,2025-06-17,P003,R03,SR021,C018,76,34.66,2634.16
TXN08980,2025-02-07,P002,R02,SR008,C097,39,52.85,2061.15
TXN08981,2024-04-07,P007,R04,SR028,C070,113,43.41,4905.33
TXN08982,2025-05-13,P003,R05,SR011,C114,47,33.17,1558.99
TXN08983,2024-11-25,P001,R01,SR007,C057,68,39.46,2683.28
TXN08984,2024-04-13,P006,R05,SR029,C063,51,28.5,1453.5
TXN08985,2024-08-29,P003,R04,SR022,C065,46,34.85,1603.1
TXN08986,2025-03-29,P006,R01,SR007,C055,59,30.03,1771.77
TXN08987,2025-03-28,P001,R01,SR019,C043,59,39.77,2346.43
TXN08988,2024-01-11,P008,R04,SR022,C029,25,33.65,841.25
TXN08989,2024-04-26,P005,R01,SR019,C027,45,69.47,3126.15
TXN08990,2024-01-18,P005,R04,SR028,C070,91,68.57,6239.87
TXN08991,2024-03-12,P005,R05,SR017,C096,64,69.36,4439.04
TXN08992,2024-03-27,P001,R04,SR028,C102,137,40.96,5611.52
TXN08993,2025-09-03,P006,R02,SR014,C049,67,29.09,1949.03
TXN08994,2025-02-21,P005,R01,SR025,C064,84,70.48,5920.32
TXN08995,2025-08-23,P005,R03,SR027,C018,70,68.31,4781.7
TXN08996,2025-12-24,P003,R01,SR019,C060,110,34.35,3778.5
TXN08997,2025-05-13,P002,R06,SR030,C035,133,60.08,7990.64
TXN08998,2025-11-11,P002,R03,SR021,C052,46,54.72,2517.12
TXN08999,2024-12-13,P002,R01,SR019,C064,107,55.38,5925.66
TXN09000,2024-05-26,P002,R02,SR014,C036,53,55.19,2925.07
TXN09001,2025-02-13,P004,R01,SR019,C060,117,47.13,5514.21
TXN09002,2025-10-24,P007,R03,SR027,C014,103,44.34,4567.02
TXN09003,2025-03-17,P008,R04,SR010,C080,94,30.91,2905.54
TXN09004,2024-07-29,P003,R02,SR026,C092,35,32.59,1140.65
TXN09005,2024-04-27,P004,R05,SR017,C073,56,48.64,2723.84
TXN09006,2025-03-02,P007,R05,SR005,C008,44,42.81,1883.64
TXN09007,2024-06-28,P008,R05,SR029,C081,75,34.15,2561.25
TXN09008,2024-11-01,P003,R01,SR025,C012,46,33.38,1535.48
TXN09009,2025-11-03,P006,R01,SR019,C088,60,29.18,1750.8
TXN09010,2024-03-07,P007,R05,SR017,C084,128,45.21,5786.88
TXN09011,2024-02-19,P008,R01,SR013,C055,49,31.52,1544.48
TXN09012,2024-12-10,P002,R03,SR021,C024,50,55.99,2799.5
TXN09013,2024-02-28,P003,R01,SR001,C094,59,34.04,2008.36
TXN09014,2025-11-19,P002,R04,SR016,C102,105,53.89,5658.45
TXN09015,2024-01-17,P008,R03,SR009,C019,41,32.62,1337.42
TXN09016,2025-04-16,P003,R01,SR013,C012,53,32.55,1725.15
TXN09017,2025-03-11,P005,R01,SR025,C055,62,66.37,4114.94
TXN09018,2025-05-22,P002,R02,SR020,C090,57,55.41,3158.37
TXN09019,2024-02-23,P008,R05,SR011,C107,125,32.65,4081.25
TXN09020,2025-04-11,P001,R01,SR013,C111,189,38.34,7246.26
TXN09021,2024-09-17,P008,R04,SR004,C070,78,31.78,2478.84
TXN09022,2025-01-13,P002,R04,SR022,C010,138,54.67,7544.46
TXN09023,2025-02-23,P005,R01,SR013,C013,113,66.62,7528.06
TXN09024,2025-11-03,P003,R02,SR002,C092,66,35.93,2371.38
TXN09025,2025-07-29,P008,R05,SR017,C081,83,33.63,2791.29
TXN09026,2025-06-27,P002,R01,SR001,C055,69,52.9,3650.1
TXN09027,2024-02-01,P008,R03,SR027,C041,48,31.92,1532.16
TXN09028,2024-08-13,P002,R04,SR028,C005,71,56.61,4019.31
TXN09029,2025-07-16,P006,R01,SR007,C057,70,29.13,2039.1
TXN09030,2025-12-31,P004,R04,SR016,C102,97,48.14,4669.58
TXN09031,2025-02-18,P004,R01,SR013,C043,55,52.11,2866.05
TXN09032,2025-08-02,P002,R04,SR010,C102,87,53.91,4690.17
TXN09033,2025-11-29,P006,R01,SR001,C013,92,30.14,2772.88
TXN09034,2024-07-27,P006,R03,SR015,C082,31,28.45,881.95
TXN09035,2025-11-30,P002,R06,SR030,C051,51,55.35,2822.85
TXN09036,2024-04-29,P002,R06,SR024,C076,62,53.65,3326.3
TXN09037,2025-05-07,P008,R01,SR025,C043,47,30.84,1449.48
TXN09038,2024-02-25,P006,R03,SR003,C018,61,29.57,1803.77
TXN09039,2024-09-04,P005,R02,SR002,C058,64,69.76,4464.64
TXN09040,2024-01-15,P002,R03,SR021,C037,120,54.05,6486.0
TXN09041,2024-12-08,P003,R05,SR029,C114,48,34.53,1657.44
TXN09042,2024-11-17,P001,R01,SR025,C027,42,40.27,1691.34
TXN09043,2024-05-19,P002,R04,SR022,C091,136,54.5,7412.0
TXN09044,2025-08-25,P001,R02,SR008,C108,74,42.06,3112.44
TXN09045,2025-10-22,P004,R01,SR007,C094,49,51.06,2501.94
TXN09046,2024-12-17,P008,R01,SR013,C031,62,30.84,1912.08
TXN09047,2025-01-31,P002,R05,SR029,C117,66,57.47,3793.02
TXN09048,2024-08-03,P006,R01,SR001,C055,64,28.68,1835.52
TXN09049,2025-01-02,P005,R05,SR023,C063,69,67.75,4674.75
TXN09050,2024-01-10,P001,R02,SR008,C108,82,37.79,3098.78
TXN09051,2024-10-29,P003,R06,SR030,C015,124,36.24,4493.76
TXN09052,2025-10-16,P004,R02,SR008,C097,25,46.92,1173.0
TXN09053,2025-09-17,P003,R01,SR025,C060,81,33.3,2697.3
TXN09054,2025-10-13,P004,R02,SR020,C078,148,49.26,7290.48
TXN09055,2025-09-28,P005,R03,SR021,C025,25,72.68,1817.0
TXN09056,2024-04-14,P001,R01,SR001,C043,62,38.69,2398.78
TXN09057,2025-11-18,P004,R03,SR027,C019,63,48.22,3037.86
TXN09058,2024-02-12,P003,R01,SR025,C022,110,34.27,3769.7
TXN09059,2025-07-27,P006,R01,SR019,C094,58,29.0,1682.0
TXN09060,2024-02-25,P005,R03,SR021,C037,81,70.97,5748.57
TXN09061,2024-09-24,P002,R05,SR029,C084,116,52.19,6054.04
TXN09062,2024-05-16,P003,R01,SR001,C055,60,33.23,1993.8
TXN09063,2025-02-28,P003,R02,SR014,C034,75,35.44,2658.0
TXN09064,2025-06-11,P001,R03,SR015,C082,69,40.68,2806.92
TXN09065,2024-11-23,P001,R02,SR014,C007,137,40.94,5608.78
TXN09066,2024-08-15,P002,R05,SR005,C020,103,52.66,5423.98
TXN09067,2025-08-24,P002,R01,SR007,C119,29,55.69,1615.01
TXN09068,2024-11-17,P006,R01,SR007,C012,37,28.73,1063.01
TXN09069,2024-04-26,P003,R02,SR026,C090,50,33.96,1698.0
TXN09070,2024-08-10,P003,R04,SR010,C102,69,35.53,2451.57
TXN09071,2024-11-13,P002,R03,SR015,C009,32,52.15,1668.8
TXN09072,2025-08-24,P005,R01,SR001,C055,48,70.52,3384.96
TXN09073,2024-07-03,P004,R02,SR008,C075,111,46.81,5195.91
TXN09074,2024-08-19,P006,R04,SR010,C070,97,29.15,2827.55
TXN09075,2024-06-30,P001,R04,SR028,C080,175,39.37,6889.75
TXN09076,2024-07-29,P001,R02,SR026,C026,93,40.81,3795.33
TXN09077,2024-12-06,P001,R06,SR012,C061,111,39.46,4380.06
TXN09078,2024-08-11,P003,R05,SR017,C093,67,34.46,2308.82
TXN09079,2024-09-20,P004,R02,SR014,C033,93,48.41,4502.13
TXN09080,2024-10-25,P003,R05,SR029,C032,76,34.75,2641.0
TXN09081,2024-06-28,P006,R06,SR012,C021,71,28.66,2034.86
TXN09082,2024-03-20,P007,R03,SR027,C053,75,40.44,3033.0
TXN09083,2025-10-01,P002,R01,SR001,C017,61,57.52,3508.72
TXN09084,2025-10-11,P002,R05,SR023,C107,128,56.37,7215.36
TXN09085,2024-02-25,P005,R04,SR028,C095,60,71.31,4278.6
TXN09086,2024-12-08,P005,R03,SR027,C024,44,66.7,2934.8
TXN09087,2025-08-22,P006,R05,SR017,C081,110,28.83,3171.3
TXN09088,2024-01-12,P001,R06,SR030,C002,122,38.65,4715.3
TXN09089,2025-11-04,P001,R02,SR026,C033,220,40.2,8844.0
TXN09090,2025-08-14,P008,R03,SR009,C041,31,30.27,938.37
TXN09091,2024-08-10,P001,R04,SR028,C070,165,42.14,6953.1
TXN09092,2024-11-10,P002,R02,SR020,C026,71,53.67,3810.57
TXN09093,2024-05-29,P005,R05,SR005,C112,68,70.81,4815.08
TXN09094,2025-05-08,P001,R01,SR025,C055,100,39.61,3961.0
TXN09095,2024-01-14,P002,R06,SR018,C045,109,53.62,5844.58
TXN09096,2024-06-17,P008,R05,SR005,C114,23,32.06,737.38
TXN09097,2025-09-22,P001,R02,SR002,C033,232,40.96,9502.72
TXN09098,2025-10-23,P001,R05,SR017,C084,149,41.81,6229.69
TXN09099,2024-05-18,P007,R03,SR009,C072,57,42.74,2436.18
TXN09100,2024-11-04,P002,R05,SR023,C020,120,55.89,6706.8
TXN09101,2024-02-26,P001,R04,SR010,C029,38,39.54,1502.52
TXN09102,2025-05-23,P007,R01,SR001,C094,61,44.96,2742.56
TXN09103,2024-11-22,P003,R01,SR007,C060,77,36.49,2809.73
TXN09104,2025-06-15,P004,R01,SR007,C022,108,48.38,5225.04
TXN09105,2024-03-17,P005,R03,SR015,C011,45,66.18,2978.1
TXN09106,2025-07-17,P004,R05,SR005,C117,55,50.51,2778.05
TXN09107,2025-01-05,P008,R02,SR020,C033,101,32.14,3246.14
TXN09108,2025-10-05,P001,R02,SR002,C108,102,40.86,4167.72
TXN09109,2025-10-07,P003,R03,SR009,C009,38,34.78,1321.64
TXN09110,2025-08-11,P006,R02,SR020,C026,58,29.25,1696.5
TXN09111,2025-06-16,P001,R03,SR003,C003,138,39.4,5437.2
TXN09112,2024-07-26,P003,R03,SR003,C014,123,33.32,4098.36
TXN09113,2025-05-08,P001,R02,SR014,C108,73,37.85,2763.05
TXN09114,2025-10-08,P005,R04,SR004,C104,47,65.6,3083.2
TXN09115,2024-08-02,P001,R02,SR014,C078,162,37.8,6123.6
TXN09116,2025-01-08,P006,R01,SR007,C055,48,28.52,1368.96
TXN09117,2025-08-09,P003,R01,SR019,C013,132,35.02,4622.64
TXN09118,2024-02-18,P002,R03,SR021,C018,75,56.01,4200.75
TXN09119,2025-06-23,P003,R01,SR001,C119,38,33.34,1266.92
TXN09120,2025-07-25,P002,R02,SR020,C075,182,60.14,10945.48
TXN09121,2024-03-03,P004,R01,SR013,C043,54,46.39,2505.06
TXN09122,2024-03-07,P005,R03,SR009,C019,47,69.66,3274.02
TXN09123,2025-09-25,P008,R04,SR016,C065,21,33.16,696.36
TXN09124,2024-08-19,P001,R05,SR023,C028,146,40.28,5880.88
TXN09125,2024-10-31,P005,R02,SR026,C090,38,67.17,2552.46
TXN09126,2024-01-08,P007,R05,SR029,C028,78,44.0,3432.0
TXN09127,2024-10-10,P005,R05,SR029,C114,31,64.56,2001.36
TXN09128,2024-08-26,P004,R01,SR007,C031,68,48.68,3310.24
TXN09129,2024-12-17,P007,R04,SR028,C039,94,43.6,4098.4
TXN09130,2025-09-23,P008,R04,SR010,C029,22,33.28,732.16
TXN09131,2025-09-01,P003,R04,SR022,C029,25,32.01,800.25
TXN09132,2024-02-02,P001,R06,SR006,C118,67,38.44,2575.48
TXN09133,2025-03-20,P001,R03,SR015,C009,42,41.65,1749.3
TXN09134,2025-08-16,P006,R02,SR020,C034,67,28.65,1919.55
TXN09135,2025-06-13,P005,R04,SR010,C102,75,66.89,5016.75
TXN09136,2025-08-08,P007,R02,SR020,C097,43,42.2,1814.6
TXN09137,2025-05-03,P002,R03,SR027,C041,81,51.81,4196.61
TXN09138,2024-07-31,P006,R05,SR011,C073,71,28.33,2011.43
TXN09139,2024-09-14,P002,R05,SR029,C112,55,55.69,3062.95
TXN09140,2025-02-02,P002,R04,SR010,C100,68,52.88,3595.84
TXN09141,2024-02-19,P001,R01,SR013,C055,88,38.22,3363.36
TXN09142,2025-10-09,P002,R01,SR025,C064,99,57.7,5712.3
TXN09143,2024-07-14,P006,R04,SR028,C010,112,29.59,3314.08
TXN09144,2025-10-19,P001,R02,SR020,C026,82,41.75,3423.5
TXN09145,2024-04-17,P007,R01,SR001,C094,59,42.42,2502.78
TXN09146,2025-07-13,P003,R02,SR008,C026,62,33.4,2070.8
TXN09147,2025-05-26,P001,R01,SR013,C017,52,39.39,2048.28
TXN09148,2025-07-02,P007,R06,SR030,C086,91,44.2,4022.2
TXN09149,2024-03-10,P001,R01,SR019,C094,94,36.42,3423.48
TXN09150,2024-11-02,P004,R02,SR020,C033,107,46.62,4988.34
TXN09151,2025-12-01,P008,R03,SR021,C011,56,30.75,1722.0
TXN09152,2024-05-02,P002,R01,SR007,C055,60,53.63,3217.8
TXN09153,2024-06-01,P002,R01,SR019,C119,29,56.33,1633.57
TXN09154,2024-01-30,P007,R06,SR024,C076,57,41.74,2379.18
TXN09155,2025-10-15,P001,R02,SR020,C042,154,41.47,6386.38
TXN09156,2025-01-23,P008,R05,SR017,C020,71,30.68,2178.28
TXN09157,2024-04-01,P006,R01,SR013,C022,90,28.08,2527.2
TXN09158,2024-08-27,P002,R06,SR018,C074,51,56.95,2904.45
TXN09159,2025-09-01,P006,R02,SR014,C026,60,29.17,1750.2
TXN09160,2024-06-11,P002,R01,SR025,C057,79,53.52,4228.08
TXN09161,2024-06-01,P004,R04,SR004,C005,72,49.95,3596.4
TXN09162,2024-03-20,P002,R05,SR011,C114,82,55.53,4553.46
TXN09163,2025-12-20,P002,R05,SR023,C073,72,55.77,4015.44
TXN09164,2025-10-11,P001,R06,SR024,C047,55,38.6,2123.0
TXN09165,2024-07-21,P008,R01,SR019,C017,28,30.82,862.96
TXN09166,2025-07-26,P001,R03,SR015,C082,54,40.55,2189.7
TXN09167,2025-07-20,P002,R05,SR005,C107,118,55.15,6507.7
TXN09168,2024-02-22,P004,R04,SR028,C048,66,46.43,3064.38
TXN09169,2025-10-31,P005,R02,SR026,C034,60,74.11,4446.6
TXN09170,2025-07-10,P002,R03,SR021,C011,90,53.1,4779.0
TXN09171,2024-11-06,P001,R02,SR002,C075,211,38.56,8136.16
TXN09172,2024-07-11,P005,R05,SR023,C008,38,67.24,2555.12
TXN09173,2025-04-05,P005,R03,SR027,C052,38,71.95,2734.1
TXN09174,2025-07-18,P001,R01,SR007,C031,99,39.38,3898.62
TXN09175,2024-12-04,P003,R02,SR026,C069,36,33.07,1190.52
TXN09176,2025-02-12,P007,R04,SR022,C029,33,41.02,1353.66
TXN09177,2025-01-05,P002,R02,SR014,C071,73,55.01,4015.73
TXN09178,2024-03-24,P005,R06,SR018,C002,69,67.63,4666.47
TXN09179,2025-12-02,P002,R02,SR014,C078,142,55.05,7817.1
TXN09180,2024-04-16,P006,R01,SR001,C060,101,29.65,2994.65
TXN09181,2025-07-27,P005,R04,SR010,C023,108,69.15,7468.2
TXN09182,2024-07-29,P002,R01,SR007,C067,122,56.13,6847.86
TXN09183,2024-10-10,P004,R03,SR027,C052,43,52.49,2257.07
TXN09184,2024-09-21,P001,R06,SR006,C085,136,40.7,5535.2
TXN09185,2025-09-22,P007,R02,SR008,C092,35,39.32,1376.2
TXN09186,2025-11-05,P001,R06,SR006,C098,147,38.81,5705.07
TXN09187,2025-09-30,P001,R04,SR028,C029,44,40.61,1786.84
TXN09188,2025-10-29,P004,R05,SR017,C112,53,48.04,2546.12
TXN09189,2024-03-19,P007,R03,SR015,C011,53,42.55,2255.15
TXN09190,2024-02-04,P006,R01,SR019,C057,75,30.91,2318.25
TXN09191,2024-01-18,P003,R01,SR019,C057,77,33.49,2578.73
TXN09192,2024-01-21,P003,R06,SR030,C016,94,33.33,3133.02
TXN09193,2025-09-21,P002,R06,SR030,C061,76,56.96,4328.96
TXN09194,2024-08-30,P007,R03,SR009,C030,56,43.1,2413.6
TXN09195,2024-01-24,P007,R04,SR016,C103,71,44.1,3131.1
TXN09196,2025-05-27,P005,R04,SR016,C104,77,66.37,5110.49
TXN09197,2025-07-20,P006,R01,SR001,C057,62,27.03,1675.86
TXN09198,2025-10-24,P003,R04,SR028,C029,34,33.74,1147.16
TXN09199,2024-05-17,P002,R03,SR003,C030,96,57.82,5550.72
TXN09200,2025-06-07,P004,R02,SR002,C105,41,47.89,1963.49
TXN09201,2025-05-14,P007,R05,SR005,C032,97,43.76,4244.72
TXN09202,2025-12-22,P004,R02,SR026,C069,54,48.24,2604.96
TXN09203,2025-05-07,P007,R05,SR011,C096,79,43.98,3474.42
TXN09204,2025-10-13,P007,R06,SR018,C087,45,44.52,2003.4
TXN09205,2024-06-24,P003,R05,SR029,C093,52,35.21,1830.92
TXN09206,2025-07-11,P004,R01,SR013,C017,44,47.4,2085.6
TXN09207,2025-02-22,P003,R01,SR007,C031,82,33.64,2758.48
TXN09208,2024-12-08,P001,R01,SR013,C013,175,38.95,6816.25
TXN09209,2024-12-02,P002,R01,SR001,C043,50,54.49,2724.5
TXN09210,2025-03-23,P002,R01,SR025,C013,160,55.45,8872.0
TXN09211,2025-07-22,P007,R01,SR007,C012,51,43.42,2214.42
TXN09212,2025-12-17,P002,R05,SR005,C093,76,58.45,4442.2
TXN09213,2024-07-07,P007,R02,SR026,C058,80,44.78,3582.4
TXN09214,2025-11-02,P002,R03,SR003,C006,78,54.64,4261.92
TXN09215,2024-01-03,P008,R01,SR025,C043,33,32.25,1064.25
TXN09216,2024-03-13,P002,R02,SR020,C101,141,52.69,7429.29
TXN09217,2025-10-06,P007,R02,SR020,C108,87,44.19,3844.53
TXN09218,2025-09-02,P008,R04,SR028,C091,60,30.77,1846.2
TXN09219,2024-10-09,P002,R04,SR010,C029,16,52.64,842.24
TXN09220,2024-09-26,P003,R02,SR014,C007,98,33.36,3269.28
TXN09221,2024-09-08,P002,R04,SR004,C029,30,56.67,1700.1
TXN09222,2025-07-15,P008,R03,SR009,C024,16,32.32,517.12
TXN09223,2024-04-12,P007,R06,SR012,C059,137,44.55,6103.35
TXN09224,2025-01-19,P002,R02,SR008,C097,29,54.74,1587.46
TXN09225,2025-06-12,P006,R02,SR026,C034,77,30.31,2333.87
TXN09226,2024-07-28,P006,R04,SR010,C010,131,29.69,3889.39
TXN09227,2024-09-17,P008,R03,SR009,C037,46,33.01,1518.46
TXN09228,2025-04-18,P003,R01,SR025,C094,72,32.55,2343.6
TXN09229,2025-08-12,P007,R03,SR015,C052,40,40.02,1600.8
TXN09230,2025-09-16,P002,R02,SR008,C069,41,57.13,2342.33
TXN09231,2025-10-08,P005,R02,SR002,C071,64,65.14,4168.96
TXN09232,2024-05-08,P005,R03,SR021,C018,58,64.93,3765.94
TXN09233,2025-09-01,P006,R01,SR025,C094,54,29.24,1578.96
TXN09234,2025-12-23,P004,R01,SR001,C013,119,51.23,6096.37
TXN09235,2025-12-31,P001,R02,SR020,C026,82,38.04,3119.28
TXN09236,2025-08-06,P001,R03,SR015,C041,54,39.0,2106.0
TXN09237,2024-07-04,P005,R05,SR005,C063,68,69.71,4740.28
TXN09238,2024-03-18,P002,R01,SR019,C031,105,54.82,5756.1
TXN09239,2025-08-26,P001,R02,SR014,C108,81,42.85,3470.85
TXN09240,2024-01-06,P004,R04,SR022,C070,121,47.63,5763.23
TXN09241,2025-11-15,P006,R02,SR008,C090,36,28.81,1037.16
TXN09242,2024-05-20,P004,R02,SR020,C058,93,51.53,4792.29
TXN09243,2025-08-16,P002,R02,SR026,C092,54,54.14,2923.56
TXN09244,2025-09-01,P004,R03,SR015,C014,59,48.72,2874.48
TXN09245,2025-05-22,P001,R01,SR007,C067,160,38.53,6164.8
TXN09246,2024-04-02,P003,R05,SR017,C008,41,34.23,1403.43
TXN09247,2025-08-03,P001,R03,SR015,C030,57,41.06,2340.42
TXN09248,2025-04-12,P006,R04,SR022,C091,104,28.7,2984.8
TXN09249,2024-04-23,P001,R05,SR017,C068,61,41.53,2533.33
TXN09250,2024-12-07,P001,R04,SR022,C040,119,39.92,4750.48
TXN09251,2025-10-16,P001,R02,SR026,C075,185,39.41,7290.85
TXN09252,2024-09-01,P004,R01,SR001,C111,128,47.26,6049.28
TXN09253,2025-03-16,P006,R04,SR004,C046,30,27.43,822.9
TXN09254,2025-03-15,P003,R04,SR004,C040,77,33.16,2553.32
TXN09255,2025-07-27,P005,R02,SR008,C007,113,71.99,8134.87
TXN09256,2025-05-30,P001,R01,SR007,C060,125,42.29,5286.25
TXN09257,2024-02-07,P003,R05,SR011,C020,112,36.51,4089.12
TXN09258,2025-04-29,P004,R06,SR012,C086,123,46.13,5673.99
TXN09259,2025-07-24,P003,R05,SR029,C107,65,35.19,2287.35
TXN09260,2024-09-08,P004,R02,SR008,C071,41,46.65,1912.65
TXN09261,2025-06-12,P003,R04,SR016,C040,104,34.13,3549.52
TXN09262,2024-10-10,P002,R02,SR002,C034,109,56.72,6182.48
TXN09263,2025-08-23,P005,R01,SR001,C119,24,69.57,1669.68
TXN09264,2025-06-19,P007,R05,SR005,C096,57,41.92,2389.44
TXN09265,2024-04-22,P003,R04,SR028,C103,99,35.25,3489.75
TXN09266,2024-02-05,P002,R05,SR029,C032,95,54.35,5163.25
TXN09267,2025-08-22,P008,R01,SR007,C088,40,31.78,1271.2
TXN09268,2024-06-21,P003,R06,SR030,C098,88,33.63,2959.44
TXN09269,2025-05-09,P002,R01,SR007,C013,131,56.22,7364.82
TXN09270,2024-06-29,P006,R06,SR006,C016,96,29.41,2823.36
TXN09271,2024-02-12,P005,R01,SR025,C043,43,69.38,2983.34
TXN09272,2024-06-08,P005,R04,SR010,C104,62,66.12,4099.44
TXN09273,2024-11-17,P003,R03,SR009,C041,49,34.58,1694.42
TXN09274,2025-03-11,P006,R01,SR019,C119,39,28.38,1106.82
TXN09275,2025-04-08,P003,R05,SR029,C056,42,33.49,1406.58
TXN09276,2025-03-03,P005,R02,SR020,C097,43,66.15,2844.45
TXN09277,2024-09-04,P002,R04,SR022,C004,57,53.99,3077.43
TXN09278,2025-04-29,P003,R02,SR014,C092,50,33.5,1675.0
TXN09279,2025-08-03,P002,R01,SR025,C031,106,55.16,5846.96
TXN09280,2024-02-14,P006,R06,SR012,C086,82,31.47,2580.54
TXN09281,2024-07-17,P004,R01,SR001,C031,72,49.73,3580.56
TXN09282,2025-02-18,P007,R01,SR025,C119,26,39.33,1022.58
TXN09283,2024-01-18,P003,R05,SR005,C020,92,32.96,3032.32
TXN09284,2024-03-11,P001,R05,SR017,C008,53,40.33,2137.49
TXN09285,2024-10-22,P001,R06,SR006,C051,61,39.83,2429.63
TXN09286,2024-08-11,P007,R06,SR018,C035,74,42.3,3130.2
TXN09287,2024-06-29,P004,R01,SR001,C064,109,50.33,5485.97
TXN09288,2024-10-22,P001,R02,SR014,C092,47,40.19,1888.93
TXN09289,2025-01-11,P003,R02,SR014,C108,71,35.33,2508.43
TXN09290,2025-12-21,P001,R05,SR011,C117,97,40.89,3966.33
TXN09291,2025-01-05,P003,R06,SR030,C118,44,33.95,1493.8
TXN09292,2025-05-19,P001,R01,SR001,C031,121,39.44,4772.24
TXN09293,2025-06-07,P008,R01,SR001,C017,27,30.37,819.99
TXN09294,2025-12-08,P002,R05,SR017,C073,80,54.64,4371.2
TXN09295,2025-12-13,P001,R01,SR019,C012,92,40.61,3736.12
TXN09296,2024-11-21,P004,R04,SR022,C046,30,48.41,1452.3
TXN09297,2024-10-06,P003,R01,SR013,C064,109,34.8,3793.2
TXN09298,2024-12-18,P002,R01,SR013,C060,129,55.21,7122.09
TXN09299,2024-08-16,P006,R05,SR005,C084,117,28.87,3377.79
TXN09300,2025-10-14,P005,R01,SR001,C022,83,74.34,6170.22
TXN09301,2024-04-08,P001,R01,SR013,C064,165,42.27,6974.55
TXN09302,2025-11-03,P006,R04,SR016,C102,83,28.3,2348.9
TXN09303,2025-09-07,P006,R02,SR020,C092,41,29.76,1220.16
TXN09304,2025-06-12,P002,R02,SR002,C058,138,58.42,8061.96
TXN09305,2024-10-22,P005,R01,SR019,C057,61,72.5,4422.5
TXN09306,2025-02-17,P004,R06,SR018,C001,38,49.31,1873.78
TXN09307,2024-03-10,P001,R04,SR028,C102,125,41.0,5125.0
TXN09308,2024-07-18,P002,R05,SR005,C117,72,56.7,4082.4
TXN09309,2025-04-23,P002,R04,SR022,C040,118,54.56,6438.08
TXN09310,2025-07-14,P007,R01,SR013,C064,82,38.75,3177.5
TXN09311,2024-03-03,P006,R02,SR008,C058,72,29.58,2129.76
TXN09312,2025-04-28,P001,R03,SR027,C009,71,39.39,2796.69
TXN09313,2025-06-17,P008,R02,SR026,C069,28,33.84,947.52
TXN09314,2025-07-02,P008,R05,SR029,C083,17,33.08,562.36
TXN09315,2024-02-10,P005,R06,SR012,C116,35,64.13,2244.55
TXN09316,2025-05-22,P005,R05,SR023,C083,50,65.25,3262.5
TXN09317,2025-07-17,P006,R02,SR008,C058,79,29.59,2337.61
TXN09318,2025-10-31,P002,R03,SR009,C030,53,55.92,2963.76
TXN09319,2025-12-02,P002,R05,SR017,C081,156,53.07,8278.92
TXN09320,2024-08-19,P006,R04,SR010,C005,66,27.19,1794.54
TXN09321,2024-10-21,P001,R01,SR013,C088,56,38.72,2168.32
TXN09322,2024-01-10,P002,R03,SR003,C054,71,53.44,3794.24
TXN09323,2024-05-11,P003,R05,SR029,C081,133,34.66,4609.78
TXN09324,2024-10-26,P001,R02,SR026,C090,54,40.69,2197.26
TXN09325,2025-02-22,P002,R02,SR002,C075,208,56.61,11774.88
TXN09326,2024-10-15,P008,R04,SR022,C080,92,32.33,2974.36
TXN09327,2024-03-31,P005,R01,SR013,C027,40,68.4,2736.0
TXN09328,2024-07-23,P007,R02,SR020,C033,147,43.29,6363.63
TXN09329,2025-04-09,P007,R02,SR026,C097,38,42.73,1623.74
TXN09330,2024-03-09,P005,R01,SR007,C022,69,67.59,4663.71
TXN09331,2025-02-10,P003,R06,SR012,C051,61,34.02,2075.22
TXN09332,2024-02-16,P004,R05,SR023,C028,145,46.83,6790.35
TXN09333,2025-07-01,P003,R01,SR007,C119,22,32.93,724.46
TXN09334,2024-09-13,P003,R05,SR005,C068,51,33.59,1713.09
TXN09335,2025-09-28,P002,R06,SR012,C059,171,54.85,9379.35
TXN09336,2024-12-22,P007,R02,SR002,C108,66,45.14,2979.24
TXN09337,2024-09-30,P003,R04,SR022,C023,128,34.75,4448.0
TXN09338,2025-11-01,P008,R04,SR028,C104,46,33.23,1528.58
TXN09339,2024-12-23,P007,R01,SR019,C067,127,43.86,5570.22
TXN09340,2024-05-12,P006,R06,SR012,C086,104,27.4,2849.6
TXN09341,2024-04-28,P007,R03,SR009,C024,49,43.58,2135.42
TXN09342,2025-11-25,P001,R06,SR018,C098,104,40.46,4207.84
TXN09343,2024-12-29,P006,R06,SR024,C001,35,28.87,1010.45
TXN09344,2024-01-11,P002,R03,SR021,C024,58,54.87,3182.46
TXN09345,2024-01-14,P002,R03,SR015,C003,63,55.86,3519.18
TXN09346,2024-01-03,P003,R01,SR007,C067,112,32.84,3678.08
TXN09347,2025-09-09,P004,R02,SR020,C071,63,46.56,2933.28
TXN09348,2024-01-16,P006,R02,SR008,C090,39,30.18,1177.02
TXN09349,2024-12-07,P003,R03,SR003,C003,95,35.44,3366.8
TXN09350,2025-11-23,P007,R05,SR023,C032,93,43.51,4046.43
TXN09351,2024-02-14,P002,R02,SR014,C075,117,55.23,6461.91
TXN09352,2025-09-11,P001,R02,SR002,C105,81,38.53,3120.93
TXN09353,2024-04-09,P004,R01,SR019,C094,90,51.43,4628.7
TXN09354,2024-02-29,P001,R05,SR011,C117,88,40.45,3559.6
TXN09355,2024-04-21,P007,R06,SR030,C079,107,41.5,4440.5
TXN09356,2024-08-22,P008,R06,SR024,C113,42,31.21,1310.82
TXN09357,2024-09-19,P003,R05,SR005,C056,46,34.11,1569.06
TXN09358,2024-06-07,P001,R02,SR020,C026,78,39.09,3049.02
TXN09359,2024-03-03,P002,R01,SR001,C088,73,56.71,4139.83
TXN09360,2025-06-12,P002,R01,SR013,C022,135,54.98,7422.3
TXN09361,2025-09-25,P002,R02,SR014,C069,43,56.07,2411.01
TXN09362,2025-12-12,P005,R05,SR023,C117,65,67.79,4406.35
TXN09363,2024-08-20,P007,R03,SR021,C030,55,42.07,2313.85
TXN09364,2025-07-06,P004,R05,SR017,C063,73,49.03,3579.19
TXN09365,2024-05-13,P002,R01,SR013,C022,134,54.15,7256.1
TXN09366,2025-12-04,P004,R01,SR001,C022,96,53.12,5099.52
TXN09367,2024-10-10,P004,R05,SR005,C107,91,49.42,4497.22
TXN09368,2025-10-06,P007,R05,SR023,C056,41,41.81,1714.21
TXN09369,2025-04-25,P002,R01,SR013,C012,86,54.5,4687.0
TXN09370,2024-03-15,P003,R02,SR008,C007,115,34.08,3919.2
TXN09371,2025-06-13,P006,R02,SR008,C090,44,28.26,1243.44
TXN09372,2025-03-17,P008,R05,SR023,C083,39,32.82,1279.98
TXN09373,2024-01-23,P001,R01,SR013,C060,131,38.63,5060.53
TXN09374,2024-04-23,P003,R05,SR005,C084,138,34.77,4798.26
TXN09375,2025-01-16,P001,R06,SR012,C066,140,40.87,5721.8
TXN09376,2025-06-26,P002,R06,SR024,C106,53,56.85,3013.05
TXN09377,2024-06-15,P004,R03,SR027,C024,63,48.62,3063.06
TXN09378,2024-08-24,P008,R02,SR002,C092,36,31.77,1143.72
TXN09379,2025-04-13,P008,R02,SR008,C007,114,31.59,3601.26
TXN09380,2025-05-10,P006,R05,SR017,C115,126,31.46,3963.96
TXN09381,2025-11-22,P005,R06,SR018,C098,55,67.93,3736.15
TXN09382,2025-02-07,P008,R02,SR026,C108,60,31.07,1864.2
TXN09383,2024-10-17,P002,R03,SR009,C011,53,54.63,2895.39
TXN09384,2024-07-30,P001,R01,SR025,C064,123,43.51,5351.73
TXN09385,2024-07-31,P004,R05,SR029,C068,45,48.33,2174.85
TXN09386,2024-05-30,P001,R02,SR026,C105,53,,2137.49
TXN09387,2025-03-04,P005,R04,SR010,C080,110,69.62,7658.2
TXN09388,2024-01-21,P002,R04,SR004,C091,120,53.15,6378.0
TXN09389,2025-11-27,P002,R01,SR013,C012,71,55.39,3932.69
TXN09390,2025-07-30,P004,R01,SR001,C119,25,46.91,1172.75
TXN09391,2024-11-09,P002,R03,SR015,C041,51,57.22,2918.22
TXN09392,2025-08-27,P008,R02,SR014,C034,63,31.83,2005.29
TXN09393,2024-12-24,P007,R03,SR027,C072,45,43.73,1967.85
TXN09394,2024-06-08,P001,R05,SR005,C114,60,39.86,2391.6
TXN09395,2025-02-23,P003,R03,SR027,C011,67,35.32,2366.44
TXN09396,2024-08-15,P002,R03,SR003,C052,72,55.98,4030.56
TXN09397,2024-08-10,P007,R02,SR002,C075,141,43.49,6132.09
TXN09398,2025-11-21,P001,R03,SR003,C014,158,39.29,6207.82
TXN09399,2024-10-26,P007,R03,SR015,C003,46,43.35,1994.1
TXN09400,2025-02-13,P007,R03,SR021,C037,121,44.23,5351.83
TXN09401,2025-06-04,P002,R03,SR015,C053,49,56.58,2772.42
TXN09402,2025-08-17,P008,R02,SR002,C033,140,31.74,4443.6
TXN09403,2025-11-05,P006,R06,SR006,C079,97,29.19,2831.43
TXN09404,2024-05-23,P006,R03,SR015,C052,36,27.81,1001.16
TXN09405,2025-02-02,P002,R03,SR021,C024,62,52.3,3242.6
TXN09406,2024-09-04,P006,R05,SR017,C114,28,27.82,778.96
TXN09407,2024-07-08,P002,R01,SR007,C017,43,52.63,2263.09
TXN09408,2025-01-13,P006,R04,SR022,C004,48,29.5,1416.0
TXN09409,2025-12-21,P006,R05,SR017,C068,34,29.08,988.72
TXN09410,2025-05-25,P002,R03,SR003,C052,61,55.07,3359.27
TXN09411,2024-11-29,P006,R02,SR014,C075,100,30.39,3039.0
TXN09412,2024-02-20,P007,R01,SR013,C022,121,41.87,5066.27
TXN09413,2025-09-06,P005,R01,SR019,C111,122,66.74,8142.28
TXN09414,2025-02-09,P004,R03,SR009,C054,48,48.47,2326.56
TXN09415,2025-12-01,P008,R02,SR020,C078,100,34.29,3429.0
TXN09416,2025-07-04,P003,R01,SR019,C057,78,33.65,2624.7
TXN09417,2025-08-22,P002,R06,SR006,C002,101,57.37,5794.37
TXN09418,2025-12-04,P002,R02,SR014,C042,109,55.93,6096.37
TXN09419,2024-11-03,P002,R01,SR025,C055,64,55.12,3527.68
TXN09420,2025-02-14,P001,R03,SR015,C037,86,38.81,3337.66
TXN09421,2025-12-03,P002,R02,SR014,C049,107,54.33,5813.31
TXN09422,2025-11-29,P007,R01,SR001,C013,113,43.54,4920.02
TXN09423,2024-01-25,P006,R06,SR006,C079,119,29.21,3475.99
TXN09424,2024-09-04,P001,R01,SR025,C012,83,42.28,3509.24
TXN09425,2024-06-19,P004,R05,SR011,C112,71,50.8,3606.8
TXN09426,2024-07-01,P003,R01,SR019,C088,63,33.25,2094.75
TXN09427,2025-04-19,P002,R04,SR004,C065,42,54.76,2299.92
TXN09428,2024-06-26,P001,R04,SR004,C046,43,38.9,1672.7
TXN09429,2025-10-07,P004,R03,SR015,C011,46,51.64,2375.44
TXN09430,2024-09-24,P008,R04,SR004,C046,27,30.7,828.9
TXN09431,2025-07-18,P001,R03,SR027,C014,167,39.59,6611.53
TXN09432,2025-11-16,P002,R01,SR007,C067,87,56.53,4918.11
TXN09433,2025-02-26,P003,R03,SR003,C014,129,34.35,4431.15
TXN09434,2025-01-24,P002,R06,SR006,C118,72,56.18,4044.96
TXN09435,2024-03-23,P002,R01,SR025,C094,70,54.78,3834.6
TXN09436,2025-03-03,P008,R04,SR028,C040,61,31.39,1914.79
TXN09437,2025-10-07,P002,R05,SR011,C084,163,54.88,8945.44
TXN09438,2024-08-31,P008,R06,SR006,C118,34,32.39,1101.26
TXN09439,2025-10-07,P003,R02,SR026,C097,35,33.64,1177.4
TXN09440,2024-06-24,P006,R03,SR009,C011,51,29.39,1498.89
TXN09441,2024-07-19,P004,R04,SR010,C004,47,50.01,2350.47
TXN09442,2024-01-16,P003,R01,SR019,C012,58,32.71,1897.18
TXN09443,2025-08-21,P001,R06,SR006,C079,124,41.95,5201.8
TXN09444,2024-10-22,P006,R01,SR025,C055,48,30.05,1442.4
TXN09445,2025-05-07,P006,R04,SR010,C104,61,26.72,1629.92
TXN09446,2025-05-17,P007,R03,SR003,C052,58,44.46,2578.68
TXN09447,2024-01-17,P002,R03,SR015,C025,26,54.53,1417.78
TXN09448,2025-05-07,P005,R06,SR006,C077,82,69.61,5708.02
TXN09449,2024-02-17,P008,R02,SR002,C078,125,31.85,3981.25
TXN09450,2024-06-11,P004,R02,SR014,C108,46,50.78,2335.88
TXN09451,2025-01-22,P001,R01,SR019,C043,72,40.31,2902.32
TXN09452,2025-03-03,P001,R03,SR015,C109,46,41.68,1917.28
TXN09453,2024-09-19,P006,R06,SR024,C079,76,27.52,2091.52
TXN09454,2024-12-20,P005,R02,SR002,C108,66,71.59,4724.94
TXN09455,2024-06-19,P006,R01,SR007,C057,67,27.5,1842.5
TXN09456,2025-06-25,P004,R01,SR013,C055,60,48.15,2889.0
TXN09457,2024-01-15,P006,R05,SR005,C083,41,27.11,1111.51
TXN09458,2024-06-04,P008,R05,SR017,C038,32,30.39,972.48
TXN09459,2025-07-14,P007,R01,SR025,C022,79,43.28,3419.12
TXN09460,2024-10-13,P001,R06,SR018,C099,48,41.19,1977.12
TXN09461,2024-09-06,P004,R06,SR024,C045,89,49.42,4398.38
TXN09462,2025-04-17,P004,R03,SR009,C037,81,47.81,3872.61
TXN09463,2024-12-10,P006,R02,SR026,C108,59,28.55,1684.45
TXN09464,2025-04-01,P001,R05,SR017,C068,59,39.13,2308.67
TXN09465,2025-07-20,P005,R05,SR029,C020,69,66.16,4565.04
TXN09466,2025-04-07,P004,R05,SR011,C063,90,50.51,4545.9
TXN09467,2024-04-02,P001,R03,SR015,C019,77,40.24,3098.48
TXN09468,2025-12-11,P007,R04,SR022,C091,92,42.95,3951.4
TXN09469,2024-11-06,P004,R02,SR008,C075,102,46.66,4759.32
TXN09470,2024-05-06,P002,R04,SR022,C046,36,54.97,1978.92
TXN09471,2024-05-16,P001,R04,SR028,C005,86,41.36,3556.96
TXN09472,2025-04-19,P005,R01,SR013,C055,53,69.02,3658.06
TXN09473,2025-12-24,P006,R06,SR018,C035,61,29.05,1772.05
TXN09474,2024-12-01,P003,R02,SR002,C075,162,32.34,5239.08
TXN09475,2025-10-13,P002,R01,SR013,C119,36,57.59,2073.24
TXN09476,2024-01-05,P005,R02,SR008,C007,88,66.76,5874.88
TXN09477,2025-08-10,P002,R02,SR008,C026,76,53.26,4047.76
TXN09478,2024-09-07,P002,R03,SR009,C014,102,57.7,5885.4
TXN09479,2024-11-05,P002,R02,SR020,C090,49,56.0,2744.0
TXN09480,2024-12-06,P007,R01,SR007,C060,73,41.24,3010.52
TXN09481,2024-03-09,P003,R06,SR012,C016,116,33.77,3917.32
TXN09482,2024-10-02,P004,R04,SR022,C091,90,50.76,4568.4
TXN09483,2024-09-20,P008,R02,SR026,C034,46,34.78,1599.88
TXN09484,2024-05-26,P006,R03,SR003,C019,82,29.77,2441.14
TXN09485,2025-09-09,P003,R05,SR029,C063,49,32.37,1586.13
TXN09486,2024-02-13,P002,R05,SR017,C093,72,57.27,4123.44
TXN09487,2024-07-04,P001,R05,SR005,C114,55,40.0,2200.0
TXN09488,2024-07-27,P004,R04,SR028,C080,137,50.42,6907.54
TXN09489,2025-12-20,P003,R04,SR016,C104,64,34.1,2182.4
TXN09490,2024-08-25,P008,R01,SR007,C094,36,31.78,1144.08
TXN09491,2024-07-19,P006,R01,SR007,C055,41,27.57,1130.37
TXN09492,2024-05-14,P001,R06,SR024,C116,60,37.91,2274.6
TXN09493,2024-05-13,P002,R05,SR029,C117,61,56.56,3450.16
TXN09494,2025-11-13,P007,R02,SR014,C078,112,42.19,4725.28
TXN09495,2025-05-03,P007,R05,SR005,C073,55,43.0,2365.0
TXN09496,2025-06-21,P002,R02,SR026,C078,208,53.92,11215.36
TXN09497,2025-12-13,P003,R01,SR001,C057,63,33.15,2088.45
TXN09498,2024-09-18,P002,R03,SR027,C018,74,54.46,4030.04
TXN09499,2025-02-18,P005,R01,SR013,C088,44,65.93,2900.92
TXN09500,2025-06-29,P002,R02,SR008,C097,34,53.94,1833.96
TXN09501,2024-08-13,P002,R01,SR007,C111,124,55.02,6822.48
TXN09502,2025-08-01,P005,R01,SR019,C012,57,70.73,4031.61
TXN09503,2024-01-30,P002,R02,SR020,C049,118,55.22,6515.96
TXN09504,2025-03-17,P001,R03,SR027,C006,97,38.86,3769.42
TXN09505,2024-05-18,P007,R01,SR001,C094,73,43.89,3203.97
TXN09506,2024-02-18,P001,R02,SR008,C078,171,40.36,6901.56
TXN09507,2025-07-27,P004,R03,SR009,C011,66,49.78,3285.48
TXN09508,2025-08-02,P004,R05,SR011,C083,48,50.6,2428.8
TXN09509,2024-09-10,P002,R01,SR007,C013,133,57.52,7650.16
TXN09510,2024-11-08,P001,R01,SR025,C017,58,40.5,2349.0
TXN09511,2024-09-07,P005,R06,SR030,C106,37,65.29,2415.73
TXN09512,2025-08-11,P005,R01,SR013,C119,26,69.52,1807.52
TXN09513,2025-08-18,P006,R05,SR005,C020,77,30.84,2374.68
TXN09514,2025-06-11,P002,R06,SR006,C059,175,55.18,9656.5
TXN09515,2025-03-02,P004,R03,SR027,C109,42,50.94,2139.48
TXN09516,2024-07-17,P005,R05,SR023,C028,95,67.94,6454.3
TXN09517,2024-04-23,P001,R01,SR001,C057,96,41.12,3947.52
TXN09518,2024-08-11,P003,R05,SR017,C107,96,33.15,3182.4
TXN09519,2024-11-13,P001,R01,SR007,C012,78,37.74,2943.72
TXN09520,2025-04-29,P002,R02,SR014,C108,74,54.72,4049.28
TXN09521,2025-05-31,P007,R01,SR013,C012,54,42.43,2291.22
TXN09522,2025-10-21,P003,R06,SR030,C016,98,33.35,3268.3
TXN09523,2024-02-17,P005,R03,SR021,C003,86,,5898.74
TXN09524,2024-03-30,P005,R03,SR003,C024,49,69.95,3427.55
TXN09525,2025-10-06,P008,R06,SR006,C066,70,31.85,2229.5
TXN09526,2025-12-21,P002,R05,SR011,C096,74,55.89,4135.86
TXN09527,2024-02-03,P003,R01,SR013,C022,97,34.51,3347.47
TXN09528,2024-05-08,P004,R01,SR013,C119,21,50.74,1065.54
TXN09529,2025-08-12,P004,R04,SR016,C070,120,49.82,5978.4
TXN09530,2025-07-18,P001,R01,SR013,C043,57,37.63,2144.91
TXN09531,2024-02-22,P007,R04,SR010,C039,97,45.29,4393.13
TXN09532,2025-10-14,P005,R02,SR002,C058,91,66.65,6065.15
TXN09533,2025-12-02,P002,R05,SR017,C107,123,51.72,6361.56
TXN09534,2025-05-30,P008,R05,SR023,C084,118,32.92,3884.56
TXN09535,2024-12-24,P004,R05,SR029,C112,55,46.45,2554.75
TXN09536,2024-07-17,P008,R04,SR028,C103,51,33.36,1701.36
TXN09537,2025-07-19,P007,R01,SR007,C013,109,44.56,4857.04
TXN09538,2024-12-17,P008,R01,SR013,C088,33,28.06,925.98
TXN09539,2024-02-11,P004,R01,SR001,C057,83,49.91,4142.53
TXN09540,2025-04-13,P004,R03,SR015,C053,47,46.11,2167.17
TXN09541,2025-05-29,P003,R06,SR024,C098,89,33.74,3002.86
TXN09542,2024-04-17,P002,R05,SR011,C056,82,56.16,4605.12
TXN09543,2024-03-19,P005,R06,SR006,C098,91,69.81,6352.71
TXN09544,2025-12-14,P001,R01,SR001,C017,45,36.5,1642.5
TXN09545,2024-11-17,P001,R06,SR030,C120,83,39.82,3305.06
TXN09546,2025-08-16,P002,R01,SR025,C064,109,56.3,6136.7
TXN09547,2024-10-12,P004,R01,SR025,C119,27,49.22,1328.94
TXN09548,2024-03-12,P007,R01,SR019,C057,70,45.99,3219.3
TXN09549,2024-01-07,P006,R05,SR029,C008,30,27.29,818.7
TXN09550,2024-07-19,P001,R02,SR014,C105,42,41.3,1734.6
TXN09551,2025-12-15,P006,R05,SR017,C056,36,27.93,1005.48
TXN09552,2025-12-12,P003,R01,SR013,C017,40,34.04,1361.6
TXN09553,2025-06-21,P002,R01,SR025,C031,98,57.95,5679.1
TXN09554,2025-10-21,P005,R03,SR021,C053,52,69.72,3625.44
TXN09555,2024-08-11,P005,R05,SR023,C114,51,69.08,3523.08
TXN09556,2024-05-30,P001,R01,SR025,C017,76,37.79,2872.04
TXN09557,2025-03-20,P003,R02,SR008,C075,122,33.7,4111.4
TXN09558,2025-10-03,P007,R01,SR001,C119,27,44.65,1205.55
TXN09559,2024-07-15,P001,R01,SR001,C060,134,41.11,5508.74
TXN09560,2025-02-18,P003,R05,SR011,C083,74,34.91,2583.34
TXN09561,2025-01-13,P008,R06,SR024,C045,62,32.48,2013.76
TXN09562,2024-03-01,P002,R03,SR009,C082,69,54.74,3777.06
TXN09563,2024-06-03,P006,R02,SR026,C049,82,27.76,2276.32
TXN09564,2024-01-08,P002,R01,SR007,C094,58,52.91,3068.78
TXN09565,2024-10-05,P003,R01,SR019,C012,69,33.56,2315.64
TXN09566,2025-05-18,P002,R02,SR008,C058,93,53.76,4999.68
TXN09567,2025-07-02,P001,R04,SR016,C103,97,38.68,3751.96
TXN09568,2024-03-15,P005,R01,SR001,C043,34,65.94,2241.96
TXN09569,2024-04-07,P008,R02,SR020,C026,52,33.12,1722.24
TXN09570,2024-10-14,P004,R05,SR011,C117,69,47.4,3270.6
TXN09571,2025-04-19,P005,R05,SR005,C107,98,67.31,6596.38
TXN09572,2025-05-22,P007,R03,SR027,C030,74,43.23,3199.02
TXN09573,2024-10-21,P005,R04,SR016,C029,32,66.35,2123.2
TXN09574,2025-07-04,P002,R01,SR025,C094,75,55.05,4128.75
TXN09575,2024-12-17,P002,R05,SR011,C081,180,54.88,9878.4
TXN09576,2024-08-12,P003,R03,SR003,C054,66,33.32,2199.12
TXN09577,2025-08-27,P005,R01,SR025,C094,55,67.33,3703.15
TXN09578,2025-05-22,P008,R06,SR018,C079,51,32.03,1633.53
TXN09579,2024-04-30,P004,R02,SR026,C101,114,48.64,5544.96
TXN09580,2025-04-22,P007,R02,SR008,C075,137,41.4,5671.8
TXN09581,2024-07-18,P002,R06,SR024,C002,81,57.17,4630.77
TXN09582,2024-05-29,P003,R05,SR029,C063,64,34.83,2229.12
TXN09583,2025-02-21,P008,R06,SR030,C077,58,31.63,1834.54
TXN09584,2024-08-25,P004,R01,SR013,C027,42,47.23,1983.66
TXN09585,2025-12-28,P002,R04,SR028,C103,76,52.88,4018.88
TXN09586,2024-01-11,P005,R05,SR011,C083,60,68.01,4080.6
TXN09587,2025-02-06,P008,R01,SR001,C027,30,31.42,942.6
TXN09588,2024-05-05,P001,R02,SR008,C108,92,39.36,3621.12
TXN09589,2025-04-24,P008,R01,SR001,C064,74,32.21,2383.54
TXN09590,2025-05-12,P002,R03,SR009,C014,107,53.68,5743.76
TXN09591,2024-09-24,P005,R01,SR007,C064,66,64.62,4264.92
TXN09592,2025-12-12,P001,R01,SR019,C111,157,37.94,5956.58
TXN09593,2024-07-05,P001,R06,SR018,C086,130,39.24,5101.2
TXN09594,2024-08-24,P005,R03,SR027,C109,49,62.11,3043.39
TXN09595,2024-04-15,P008,R01,SR019,C043,44,30.61,1346.84
TXN09596,2024-11-11,P002,R02,SR008,C033,122,54.38,6634.36
TXN09597,2024-12-29,P004,R05,SR005,C114,48,48.48,2327.04
TXN09598,2025-04-12,P001,R01,SR019,C022,131,43.36,5680.16
TXN09599,2025-02-06,P001,R01,SR001,C057,89,39.42,3508.38
TXN09600,2024-08-12,P002,R04,SR028,C046,44,57.0,2508.0
TXN09601,2025-05-12,P002,R03,SR027,C003,107,54.75,5858.25
TXN09602,2025-09-13,P006,R06,SR024,C118,39,29.0,1131.0
TXN09603,2024-07-26,P005,R03,SR003,C024,45,64.46,2900.7
TXN09604,2025-12-01,P006,R02,SR008,C105,35,29.23,1023.05
TXN09605,2024-01-03,P001,R02,SR002,C071,92,39.61,3644.12
TXN09606,2024-11-15,P006,R02,SR002,C075,128,29.82,3816.96
TXN09607,2024-11-22,P004,R02,SR020,C069,47,50.69,2382.43
TXN09608,2025-11-17,P001,R05,SR005,C112,81,39.88,3230.28
TXN09609,2024-07-13,P004,R05,SR011,C107,113,48.18,5444.34
TXN09610,2024-07-30,P002,R06,SR018,C079,86,52.44,4509.84
TXN09611,2024-03-03,P001,R02,SR002,C075,218,41.28,8999.04
TXN09612,2024-09-12,P004,R01,SR025,C064,95,47.37,4500.15
TXN09613,2024-02-07,P008,R06,SR030,C045,82,34.01,2788.82
TXN09614,2025-07-24,P003,R04,SR028,C048,72,33.39,2404.08
TXN09615,2024-03-08,P008,R02,SR014,C007,88,31.51,2772.88
TXN09616,2024-12-09,P001,R03,SR009,C018,68,40.69,2766.92
TXN09617,2024-10-17,P006,R02,SR026,C069,45,27.72,1247.4
TXN09618,2024-04-06,P001,R05,SR011,C114,78,38.07,2969.46
TXN09619,2024-07-18,P004,R05,SR005,C063,69,51.87,3579.03
TXN09620,2024-04-09,P002,R02,SR008,C042,104,56.98,5925.92
TXN09621,2024-12-30,P006,R04,SR010,C070,116,28.28,3280.48
TXN09622,2025-03-20,P005,R01,SR025,C067,119,67.99,8090.81
TXN09623,2024-12-30,P005,R06,SR030,C087,69,67.13,4631.97
TXN09624,2024-04-02,P005,R06,SR012,C098,95,66.15,6284.25
TXN09625,2024-08-19,P001,R04,SR004,C005,73,40.88,2984.24
TXN09626,2025-05-25,P005,R01,SR001,C017,50,68.2,3410.0
TXN09627,2024-09-19,P004,R01,SR001,C013,100,47.34,4734.0
TXN09628,2024-05-29,P008,R04,SR004,C023,99,32.47,3214.53
TXN09629,2024-05-06,P008,R04,SR010,C104,31,31.29,969.99
TXN09630,2025-11-02,P007,R01,SR007,C064,57,43.11,2457.27
TXN09631,2025-12-18,P006,R03,SR027,C053,63,28.24,1779.12
TXN09632,2025-12-13,P003,R02,SR026,C036,53,32.78,1737.34
TXN09633,2025-04-28,P001,R01,SR019,C012,98,39.46,3867.08
TXN09634,2024-12-02,P001,R01,SR013,C119,48,39.63,1902.24
TXN09635,2024-05-28,P005,R05,SR005,C063,71,65.91,4679.61
TXN09636,2025-03-22,P006,R05,SR005,C068,42,29.45,1236.9
TXN09637,2025-01-29,P007,R04,SR028,C048,60,44.23,2653.8
TXN09638,2025-01-03,P007,R01,SR001,C043,36,44.02,1584.72
TXN09639,2024-01-04,P002,R02,SR026,C036,56,54.65,3060.4
TXN09640,2024-06-03,P003,R03,SR003,C041,79,33.76,2667.04
TXN09641,2025-04-01,P002,R02,SR002,C036,91,57.78,5257.98
TXN09642,2025-10-26,P002,R02,SR002,C092,75,54.06,4054.5
TXN09643,2025-05-21,P003,R05,SR005,C032,95,32.63,3099.85
TXN09644,2025-09-09,P005,R01,SR001,C111,97,69.03,6695.91
TXN09645,2024-07-19,P003,R01,SR007,C013,101,35.79,3614.79
TXN09646,2024-04-21,P006,R04,SR028,C091,91,28.95,2634.45
TXN09647,2025-04-12,P005,R01,SR001,C060,96,65.32,6270.72
TXN09648,2024-06-11,P004,R02,SR020,C078,122,53.65,6545.3
TXN09649,2025-05-05,P006,R02,SR002,C078,169,29.55,4993.95
TXN09650,2024-08-31,P002,R02,SR002,C075,196,54.71,10723.16
TXN09651,2024-10-03,P003,R05,SR011,C115,170,35.15,5975.5
TXN09652,2024-03-20,P007,R02,SR008,C034,60,42.55,2553.0
TXN09653,2024-05-29,P001,R02,SR020,C105,80,42.41,3392.8
TXN09654,2025-06-06,P002,R04,SR022,C023,155,56.95,8827.25
TXN09655,2025-06-14,P004,R01,SR001,C088,76,49.32,3748.32
TXN09656,2025-08-27,P002,R02,SR020,C026,81,54.45,4410.45
TXN09657,2024-09-29,P003,R05,SR029,C063,59,32.21,1900.39
TXN09658,2025-01-22,P004,R02,SR020,C105,53,49.82,2640.46
TXN09659,2024-06-22,P003,R04,SR010,C010,108,33.64,3633.12
TXN09660,2025-09-25,P002,R01,SR025,C022,99,54.91,5436.09
TXN09661,2024-09-04,P002,R01,SR007,C111,141,54.89,7739.49
TXN09662,2025-12-21,P001,R03,SR003,C030,83,39.53,3280.99
TXN09663,2025-04-09,P001,R01,SR013,C067,177,39.75,7035.75
TXN09664,2025-03-06,P005,R04,SR010,C004,41,64.91,2661.31
TXN09665,2025-11-07,P004,R02,SR002,C042,114,47.9,5460.6
TXN09666,2025-07-22,P004,R02,SR008,C075,151,49.8,7519.8
TXN09667,2024-07-12,P006,R06,SR030,C113,57,29.18,1663.26
TXN09668,2025-06-13,P008,R01,SR019,C031,63,33.3,2097.9
TXN09669,2024-08-27,P004,R06,SR012,C001,56,48.37,2708.72
TXN09670,2024-10-09,P003,R05,SR023,C084,144,34.77,5006.88
TXN09671,2024-06-05,P003,R04,SR028,C104,68,34.31,2333.08
TXN09672,2024-08-26,P001,R01,SR013,C043,61,40.15,2449.15
TXN09673,2024-07-07,P004,R05,SR011,C117,59,49.41,2915.19
TXN09674,2025-02-26,P006,R01,SR013,C111,117,27.85,3258.45
TXN09675,2024-05-09,P003,R03,SR009,C054,65,34.0,2210.0
TXN09676,2024-06-07,P004,R03,SR003,C024,59,50.79,2996.61
TXN09677,2024-01-26,P003,R02,SR002,C075,162,35.18,5699.16
TXN09678,2024-10-02,P008,R02,SR014,C058,47,33.89,1592.83
TXN09679,2025-09-08,P008,R06,SR006,C116,25,31.77,794.25
TXN09680,2024-12-14,P001,R02,SR014,C033,138,39.63,5468.94
TXN09681,2024-07-18,P001,R03,SR015,C018,62,40.57,2515.34
TXN09682,2024-08-22,P006,R03,SR003,C006,70,28.15,1970.5
TXN09683,2024-02-08,P003,R03,SR027,C052,53,32.76,1736.28
TXN09684,2024-11-08,P006,R03,SR009,C009,29,29.75,862.75
TXN09685,2025-03-15,P002,R03,SR015,C082,58,56.07,3252.06
TXN09686,2024-02-26,P001,R05,SR005,C114,81,39.53,3201.93
TXN09687,2025-01-23,P006,R01,SR019,C088,62,29.93,1855.66
TXN09688,2025-06-18,P003,R02,SR008,C071,66,33.4,2204.4
TXN09689,2024-12-10,P001,R03,SR015,C018,58,39.46,2288.68
TXN09690,2025-08-07,P002,R01,SR007,C094,63,56.32,3548.16
TXN09691,2024-04-13,P001,R05,SR023,C083,67,39.99,2679.33
TXN09692,2025-03-15,P003,R01,SR007,C094,49,34.02,1666.98
TXN09693,2024-09-15,P002,R05,SR005,C084,155,55.8,8649.0
TXN09694,2024-03-17,P003,R01,SR025,C013,127,35.97,4568.19
TXN09695,2025-04-13,P005,R05,SR011,C063,71,66.73,4737.83
TXN09696,2024-09-16,P006,R06,SR012,C050,31,32.16,996.96
TXN09697,2024-11-29,P006,R01,SR001,C067,113,30.51,3447.63
TXN09698,2025-06-04,P004,R04,SR022,C080,148,46.88,6938.24
TXN09699,2024-05-31,P001,R01,SR007,C012,77,39.3,3026.1
TXN09700,2025-03-28,P006,R02,SR026,C034,93,27.94,2598.42
TXN09701,2025-08-14,P008,R04,SR022,C102,64,31.15,1993.6
TXN09702,2025-02-28,P007,R01,SR007,C055,42,42.2,1772.4
TXN09703,2024-10-18,P001,R04,SR022,C102,132,37.12,4899.84
TXN09704,2024-02-10,P003,R02,SR014,C036,32,35.0,1120.0
TXN09705,2024-10-04,P008,R04,SR022,C005,50,34.03,1701.5
TXN09706,2025-10-26,P002,R06,SR018,C106,36,56.74,2042.64
TXN09707,2025-10-04,P004,R06,SR030,C074,48,49.23,2363.04
TXN09708,2024-03-25,P004,R05,SR023,C032,124,49.17,6097.08
TXN09709,2024-05-21,P005,R04,SR010,C080,114,65.27,7440.78
TXN09710,2025-07-10,P006,R06,SR018,C116,42,29.08,1221.36
TXN09711,2025-06-29,P003,R01,SR019,C017,33,33.03,1089.99
TXN09712,2025-12-05,P004,R04,SR028,C065,43,47.69,2050.67
TXN09713,2025-04-24,P003,R01,SR007,C043,53,35.15,1862.95
TXN09714,2025-03-17,P003,R02,SR002,C049,149,34.47,5136.03
TXN09715,2025-01-23,P007,R03,SR003,C003,71,44.04,3126.84
TXN09716,2024-11-13,P002,R04,SR010,C005,83,55.94,4643.02
TXN09717,2025-04-20,P002,R03,SR021,C019,66,55.08,3635.28
TXN09718,2025-07-03,P005,R06,SR024,C002,59,65.43,3860.37
TXN09719,2024-08-03,P001,R05,SR011,C056,74,39.24,2903.76
TXN09720,2024-09-26,P007,R04,SR010,C004,37,44.29,1638.73
TXN09721,2025-11-07,P006,R06,SR024,C074,39,29.95,1168.05
TXN09722,2024-12-18,P002,R02,SR026,C033,167,56.5,9435.5
TXN09723,2025-11-04,P007,R02,SR002,C090,66,42.32,2793.12
TXN09724,2025-06-25,P002,R01,SR001,C022,116,57.83,6708.28
TXN09725,2025-04-16,P005,R02,SR014,C101,83,66.9,5552.7
TXN09726,2025-09-26,P006,R05,SR029,C093,51,29.19,1488.69
TXN09727,2025-10-28,P007,R02,SR026,C092,41,42.4,1738.4
TXN09728,2024-04-11,P004,R01,SR019,C027,45,47.77,2149.65
TXN09729,2025-03-05,P002,R04,SR016,C048,93,53.75,4998.75
TXN09730,2024-02-11,P007,R03,SR003,C011,62,41.41,2567.42
TXN09731,2024-02-21,P003,R05,SR011,C093,84,32.34,2716.56
TXN09732,2024-05-10,P003,R03,SR009,C009,36,34.18,1230.48
TXN09733,2025-05-16,P001,R02,SR026,C101,198,39.77,7874.46
TXN09734,2024-03-25,P003,R01,SR019,C088,67,36.75,2462.25
TXN09735,2024-04-05,P005,R01,SR013,C017,38,64.7,2458.6
TXN09736,2024-04-02,P001,R02,SR026,C092,60,40.75,2445.0
TXN09737,2024-05-31,P006,R01,SR025,C012,50,28.92,1446.0
TXN09738,2025-10-03,P006,R05,SR017,C093,61,28.21,1720.81
TXN09739,2025-09-05,P001,R06,SR018,C062,45,39.06,1757.7
TXN09740,2025-05-08,P005,R06,SR006,C059,125,64.26,8032.5
TXN09741,2024-05-27,P003,R06,SR024,C113,62,34.27,2124.74
TXN09742,2024-04-04,P001,R02,SR020,C007,192,39.45,7574.4
TXN09743,2025-07-14,P003,R02,SR026,C071,61,31.93,1947.73
TXN09744,2025-02-17,P006,R02,SR026,C034,76,29.08,2210.08
TXN09745,2024-02-10,P003,R06,SR018,C062,40,35.08,1403.2
TXN09746,2024-08-06,P005,R01,SR013,C013,117,69.02,8075.34
TXN09747,2024-06-09,P004,R01,SR001,C055,63,50.15,3159.45
TXN09748,2024-10-19,P005,R03,SR003,C003,76,72.88,5538.88
TXN09749,2024-09-03,P002,R01,SR025,C031,99,53.14,5260.86
TXN09750,2025-01-25,P001,R04,SR004,C091,119,41.81,4975.39
TXN09751,2024-03-26,P003,R03,SR009,C082,65,30.52,1983.8
TXN09752,2025-07-09,P002,R06,SR018,C089,29,55.78,1617.62
TXN09753,2024-09-20,P004,R01,SR025,C111,102,46.09,4701.18
TXN09754,2024-05-05,P001,R01,SR001,C017,59,40.15,2368.85
TXN09755,2025-12-07,P006,R03,SR027,C052,44,29.43,1294.92
TXN09756,2025-11-17,P001,R01,SR013,C057,76,41.95,3188.2
TXN09757,2025-04-15,P008,R01,SR019,C088,51,32.44,1654.44
TXN09758,2025-08-31,P005,R02,SR014,C042,72,67.37,4850.64
TXN09759,2025-07-14,P004,R01,SR013,C060,103,48.4,4985.2
TXN09760,2025-08-09,P003,R05,SR011,C073,62,33.96,2105.52
TXN09761,2025-09-15,P001,R05,SR029,C093,48,38.92,1868.16
TXN09762,2025-11-22,P001,R01,SR019,C013,153,39.97,6115.41
TXN09763,2025-07-29,P002,R04,SR004,C004,46,53.45,2458.7
TXN09764,2025-03-20,P005,R01,SR019,C094,69,65.03,4487.07
TXN09765,2024-07-28,P005,R01,SR001,C088,48,62.91,3019.68
TXN09766,2024-03-22,P008,R01,SR007,C013,92,32.32,2973.44
TXN09767,2024-03-24,P001,R06,SR018,C086,137,39.77,5448.49
TXN09768,2024-04-08,P001,R04,SR010,C004,44,39.36,1731.84
TXN09769,2025-12-03,P003,R01,SR001,C027,36,33.93,1221.48
TXN09770,2024-12-07,P003,R01,SR025,C094,72,33.26,2394.72
TXN09771,2025-01-18,P008,R01,SR025,C012,46,32.44,1492.24
TXN09772,2025-04-13,P002,R01,SR007,C027,37,54.75,2025.75
TXN09773,2025-07-15,P001,R04,SR028,C023,142,39.89,5664.38
TXN09774,2025-08-16,P008,R05,SR005,C073,49,31.46,1541.54
TXN09775,2024-12-19,P001,R04,SR010,C010,156,40.55,6325.8
TXN09776,2025-12-16,P001,R03,SR021,C011,70,40.79,2855.3
TXN09777,2024-12-05,P001,R02,SR002,C069,50,39.57,1978.5
TXN09778,2024-11-26,P001,R01,SR001,C064,116,38.74,4493.84
TXN09779,2024-08-10,P004,R04,SR010,C065,59,49.03,2892.77
TXN09780,2024-05-06,P003,R01,SR013,C055,54,33.58,1813.32
TXN09781,2024-01-03,P001,R04,SR010,C065,43,40.3,1732.9
TXN09782,2025-12-05,P001,R04,SR004,C095,78,42.63,3325.14
TXN09783,2025-08-26,P002,R02,SR014,C058,83,55.27,4587.41
TXN09784,2025-07-23,P001,R04,SR022,C065,64,43.09,2757.76
TXN09785,2025-07-30,P001,R02,SR002,C007,253,41.54,10509.62
TXN09786,2025-01-01,P007,R01,SR019,C012,62,40.64,2519.68
TXN09787,2025-01-09,P001,R01,SR001,C013,172,36.99,6362.28
TXN09788,2025-01-23,P002,R05,SR011,C115,180,55.66,10018.8
TXN09789,2025-03-17,P007,R01,SR001,C064,88,43.02,3785.76
TXN09790,2025-08-02,P007,R04,SR016,C039,97,41.25,4001.25
TXN09791,2024-02-08,P001,R01,SR001,C043,70,38.92,2724.4
TXN09792,2024-09-30,P004,R03,SR003,C037,95,50.57,4804.15
TXN09793,2024-01-23,P001,R05,SR023,C114,81,39.97,3237.57
TXN09794,2024-04-22,P001,R01,SR025,C022,144,39.97,5755.68
TXN09795,2025-10-03,P008,R01,SR019,C088,57,33.19,1891.83
TXN09796,2025-12-26,P003,R02,SR026,C049,119,35.58,4234.02
TXN09797,2024-04-14,P001,R04,SR028,C040,119,37.9,4510.1
TXN09798,2025-11-01,P004,R01,SR001,C013,104,47.66,4956.64
TXN09799,2024-06-27,P004,R05,SR029,C056,40,50.0,2000.0
TXN09800,2025-02-04,P005,R01,SR019,C031,83,66.64,5531.12
TXN09801,2024-10-25,P005,R04,SR022,C010,123,71.05,8739.15
TXN09802,2025-07-06,P004,R02,SR002,C026,85,50.19,4266.15
TXN09803,2025-02-10,P008,R04,SR022,C102,64,31.13,1992.32
TXN09804,2025-04-10,P001,R01,SR013,C027,61,39.47,2407.67
TXN09805,2024-11-18,P008,R05,SR017,C063,42,33.55,1409.1
TXN09806,2025-10-19,P003,R02,SR002,C108,88,35.39,3114.32
TXN09807,2025-04-29,P001,R02,SR026,C007,233,39.27,9149.91
TXN09808,2025-04-19,P005,R01,SR001,C064,86,68.09,5855.74
TXN09809,2025-06-06,P001,R02,SR014,C101,136,36.98,5029.28
TXN09810,2024-06-14,P007,R01,SR007,C055,68,41.47,2819.96
TXN09811,2025-05-22,P001,R02,SR008,C097,50,40.73,2036.5
TXN09812,2024-12-14,P002,R04,SR004,C102,123,57.93,7125.39
TXN09813,2025-06-18,P004,R01,SR013,C043,58,51.18,2968.44
TXN09814,2024-01-06,P004,R02,SR020,C069,38,50.91,1934.58
TXN09815,2025-11-14,P007,R01,SR025,C022,80,43.14,3451.2
TXN09816,2025-10-26,P004,R02,SR008,C071,49,49.43,2422.07
TXN09817,2024-10-10,P003,R04,SR004,C023,107,34.2,3659.4
TXN09818,2025-10-04,P002,R06,SR012,C087,78,50.1,3907.8
TXN09819,2025-02-09,P006,R05,SR005,C028,83,27.98,2322.34
TXN09820,2025-05-18,P007,R04,SR004,C103,74,44.97,3327.78
TXN09821,2025-03-20,P007,R04,SR004,C103,82,44.35,3636.7
TXN09822,2024-06-08,P001,R01,SR019,C055,116,39.77,4613.32
TXN09823,2024-10-31,P005,R01,SR007,C057,42,67.23,2823.66
TXN09824,2024-12-18,P006,R01,SR013,C022,98,28.83,2825.34
TXN09825,2024-07-09,P001,R02,SR002,C036,64,41.35,2646.4
TXN09826,2024-06-05,P003,R01,SR013,C043,44,34.72,1527.68
TXN09827,2025-03-05,P001,R06,SR018,C118,62,38.19,2367.78
TXN09828,2024-12-28,P008,R01,SR025,C111,96,30.84,2960.64
TXN09829,2024-05-22,P001,R01,SR019,C111,205,37.97,7783.85
TXN09830,2024-05-25,P002,R01,SR013,C111,188,56.65,10650.2
TXN09831,2024-04-13,P007,R03,SR027,C003,94,44.09,4144.46
TXN09832,2025-04-22,P008,R02,SR026,C101,94,29.67,2788.98
TXN09833,2025-02-23,P008,R02,SR026,C075,130,32.7,4251.0
TXN09834,2024-12-18,P003,R01,SR025,C031,88,34.68,3051.84
TXN09835,2024-02-28,P003,R02,SR002,C090,49,34.71,1700.79
TXN09836,2025-08-30,P002,R02,SR020,C090,70,54.9,3843.0
TXN09837,2025-06-29,P004,R01,SR025,C055,48,49.99,2399.52
TXN09838,2024-11-14,P004,R06,SR012,C066,99,48.67,4818.33
TXN09839,2024-08-17,P001,R04,SR016,C005,98,40.57,3975.86
TXN09840,2024-08-20,P004,R05,SR005,C107,112,54.28,6079.36
TXN09841,2025-02-04,P008,R01,SR019,C057,46,31.82,1463.72
TXN09842,2025-08-13,P003,R05,SR023,C093,82,30.39,2491.98
TXN09843,2024-05-29,P005,R02,SR008,C026,40,70.85,2834.0
TXN09844,2025-03-22,P002,R03,SR015,C014,98,57.14,5599.72
TXN09845,2025-11-24,P006,R06,SR018,C118,28,29.52,826.56
TXN09846,2025-07-11,P001,R06,SR024,C087,81,39.57,3205.17
TXN09847,2024-08-02,P002,R01,SR013,C013,150,54.75,8212.5
TXN09848,2025-06-15,P006,R04,SR016,C102,98,30.19,2958.62
TXN09849,2025-08-14,P001,R01,SR019,C119,31,41.14,1275.34
TXN09850,2025-04-26,P006,R04,SR004,C091,90,29.91,2691.9
TXN09851,2025-05-30,P003,R04,SR028,C065,49,34.42,1686.58
TXN09852,2024-08-08,P001,R04,SR004,C080,155,38.56,5976.8
TXN09853,2024-05-12,P008,R03,SR027,C054,49,31.84,1560.16
TXN09854,2024-10-24,P007,R03,SR021,C041,62,41.68,2584.16
TXN09855,2025-02-09,P004,R01,SR019,C043,52,49.5,2574.0
TXN09856,2024-08-06,P001,R06,SR012,C087,102,40.6,4141.2
TXN09857,2024-02-22,P004,R03,SR021,C030,70,50.83,3558.1
TXN09858,2025-11-22,P004,R02,SR020,C058,116,46.8,5428.8
TXN09859,2025-05-16,P001,R01,SR019,C022,133,40.08,5330.64
TXN09860,2024-10-13,P003,R04,SR028,C010,118,33.95,4006.1
TXN09861,2024-06-11,P003,R04,SR016,C100,60,31.94,1916.4
TXN09862,2024-12-13,P001,R01,SR001,C013,149,43.47,6477.03
TXN09863,2025-01-25,P004,R04,SR016,C046,29,50.44,1462.76
TXN09864,2024-11-30,P003,R02,SR014,C108,48,34.17,1640.16
TXN09865,2025-10-13,P007,R04,SR010,C040,78,40.59,3166.02
TXN09866,2025-05-05,P007,R05,SR029,C056,37,42.17,1560.29
TXN09867,2025-05-09,P006,R01,SR025,C119,29,29.49,855.21
TXN09868,2025-01-17,P003,R01,SR019,C119,37,33.09,1224.33
TXN09869,2025-10-20,P004,R04,SR010,C104,45,47.85,2153.25
TXN09870,2025-12-21,P007,R04,SR004,C029,24,43.62,1046.88
TXN09871,2024-09-15,P003,R01,SR007,C022,74,34.21,2531.54
TXN09872,2025-09-05,P005,R02,SR020,C007,116,68.71,7970.36
TXN09873,2024-06-25,P008,R01,SR013,C013,109,31.01,3380.09
TXN09874,2025-07-19,P001,R02,SR014,C026,81,39.46,3196.26
TXN09875,2025-03-21,P002,R02,SR026,C090,67,55.92,3746.64
TXN09876,2024-04-02,P005,R06,SR012,C116,37,66.3,2453.1
TXN09877,2024-09-12,P007,R05,SR023,C068,41,43.4,1779.4
TXN09878,2025-04-23,P005,R04,SR010,C004,47,71.73,3371.31
TXN09879,2025-12-06,P001,R04,SR004,C004,58,41.0,2378.0
TXN09880,2024-11-02,P001,R01,SR013,C013,174,40.89,7114.86
TXN09881,2025-08-26,P004,R01,SR007,C060,83,48.05,3988.15
TXN09882,2024-01-03,P008,R06,SR006,C116,40,31.98,1279.2
TXN09883,2024-10-28,P001,R02,SR008,C069,36,39.55,1423.8
TXN09884,2024-09-13,P004,R03,SR015,C011,41,49.57,2032.37
TXN09885,2025-07-31,P005,R04,SR010,C023,102,73.86,7533.72
TXN09886,2025-01-21,P002,R06,SR024,C035,96,52.56,5045.76
TXN09887,2024-03-19,P004,R05,SR005,C068,50,47.81,2390.5
TXN09888,2025-12-23,P002,R02,SR008,C101,106,50.03,5303.18
TXN09889,2025-12-19,P006,R02,SR014,C090,29,26.92,780.68
TXN09890,2025-12-04,P006,R01,SR019,C013,137,28.91,3960.67
TXN09891,2024-03-04,P008,R01,SR019,C031,68,32.71,2224.28
TXN09892,2025-05-13,P005,R02,SR008,C069,38,69.38,2636.44
TXN09893,2025-10-13,P008,R05,SR005,C032,73,31.72,2315.56
TXN09894,2025-05-15,P006,R02,SR020,C042,119,27.98,3329.62
TXN09895,2025-02-02,P002,R02,SR002,C069,64,53.54,3426.56
TXN09896,2025-03-16,P001,R01,SR019,C111,197,40.35,7948.95
TXN09897,2024-07-26,P006,R05,SR005,C115,106,29.88,3167.28
TXN09898,2025-11-02,P003,R06,SR018,C099,35,33.31,1165.85
TXN09899,2024-11-05,P003,R01,SR007,C017,44,35.2,1548.8
TXN09900,2025-10-29,P006,R01,SR007,C088,44,29.26,1287.44
TXN09901,2024-02-12,P007,R02,SR020,C108,71,42.67,3029.57
TXN09902,2024-04-05,P005,R01,SR001,C060,86,67.32,5789.52
TXN09903,2024-08-21,P004,R04,SR028,C040,75,48.5,3637.5
TXN09904,2025-07-01,P001,R05,SR005,C083,76,38.63,2935.88
TXN09905,2024-10-24,P003,R05,SR023,C068,42,33.52,1407.84
TXN09906,2025-04-11,P005,R03,SR009,C011,46,71.48,3288.08
TXN09907,2025-05-13,P008,R04,SR016,C039,60,30.34,1820.4
TXN09908,2024-06-11,P001,R03,SR003,C019,100,39.95,3995.0
TXN09909,2024-05-19,P001,R05,SR011,C056,67,39.74,2662.58
TXN09910,2024-12-04,P001,R04,SR010,C080,148,39.9,5905.2
TXN09911,2025-09-23,P004,R02,SR014,C078,110,47.44,5218.4
TXN09912,2024-01-07,P003,R03,SR021,C024,55,35.33,1943.15
TXN09913,2025-04-19,P006,R03,SR003,C006,75,27.42,2056.5
TXN09914,2024-02-11,P002,R03,SR015,C072,44,52.2,2296.8
TXN09915,2025-07-21,P001,R01,SR013,C013,180,42.51,7651.8
TXN09916,2024-10-05,P002,R04,SR028,C010,129,55.21,7122.09
TXN09917,2024-04-11,P004,R01,SR007,C064,85,49.48,4205.8
TXN09918,2025-05-19,P007,R02,SR020,C075,163,42.72,6963.36
TXN09919,2024-01-24,P001,R04,SR004,C005,86,37.48,3223.28
TXN09920,2024-09-16,P004,R01,SR019,C060,85,49.08,4171.8
TXN09921,2025-12-19,P006,R04,SR004,C004,32,28.92,925.44
TXN09922,2024-03-23,P003,R01,SR019,C119,36,33.25,1197.0
TXN09923,2024-05-18,P006,R02,SR026,C090,35,27.47,961.45
TXN09924,2024-12-24,P008,R05,SR011,C068,35,32.73,1145.55
TXN09925,2025-02-10,P002,R01,SR001,C055,72,55.84,4020.48
TXN09926,2024-12-18,P006,R02,SR014,C071,46,28.32,1302.72
TXN09927,2024-05-04,P004,R01,SR001,C088,58,48.97,2840.26
TXN09928,2025-03-25,P005,R06,SR018,C059,97,68.19,6614.43
TXN09929,2024-08-05,P007,R04,SR004,C004,30,43.3,1299.0
TXN09930,2024-08-25,P008,R02,SR026,C097,20,30.9,618.0
TXN09931,2024-11-16,P004,R06,SR024,C099,37,48.84,1807.08
TXN09932,2024-04-30,P007,R05,SR005,C107,117,42.7,4995.9
TXN09933,2024-03-08,P003,R03,SR015,C011,52,34.94,1816.88
TXN09934,2025-01-30,P007,R05,SR023,C083,1395,41.67,2333.52
TXN09935,2024-09-06,P007,R03,SR021,C054,72,42.63,3069.36
TXN09936,2024-11-11,P003,R05,SR011,C008,46,34.21,1573.66
TXN09937,2024-06-20,P006,R04,SR028,C040,81,30.19,2445.39
TXN09938,2024-11-14,P005,R03,SR009,C054,39,69.82,2722.98
TXN09939,2025-03-07,P006,R03,SR003,C018,66,26.08,1721.28
TXN09940,2025-10-21,P006,R05,SR029,C107,73,30.71,2241.83
TXN09941,2024-11-03,P003,R01,SR013,C067,125,36.18,4522.5
TXN09942,2024-02-13,P005,R04,SR004,C103,89,67.93,6045.77
TXN09943,2025-12-07,P002,R02,SR008,C026,71,50.65,3596.15
TXN09944,2025-08-08,P006,R06,SR030,C116,31,29.71,921.01
TXN09945,2025-03-09,P002,R01,SR007,C022,116,56.07,6504.12
TXN09946,2024-05-04,P002,R03,SR003,C109,73,52.38,3823.74
TXN09947,2025-05-04,P001,R05,SR017,C020,124,40.33,5000.92
TXN09948,2025-10-21,P006,R01,SR007,C055,38,29.52,1121.76
TXN09949,2025-04-25,P002,R02,SR014,C105,55,54.88,3018.4
TXN09950,2024-11-14,P002,R05,SR005,C068,47,56.83,2671.01
TXN09951,2025-11-27,P006,R05,SR029,C107,65,28.09,1825.85
TXN09952,2024-09-29,P001,R02,SR014,C071,69,40.82,2816.58
TXN09953,2025-04-13,P006,R04,SR016,C095,56,28.73,1608.88
TXN09954,2025-04-10,P005,R01,SR007,C012,50,67.6,3380.0
TXN09955,2024-12-15,P008,R02,SR014,C036,29,31.11,902.19
TXN09956,2024-10-11,P007,R03,SR015,C037,64,43.1,2758.4
TXN09957,2025-10-10,P003,R03,SR021,C041,65,34.57,2247.05
TXN09958,2025-02-17,P001,R03,SR027,C053,100,42.54,4254.0
TXN09959,2025-05-11,P003,R01,SR001,C017,44,33.23,1462.12
TXN09960,2024-10-22,P001,R04,SR010,C023,151,38.52,5816.52
TXN09961,2024-06-16,P005,R04,SR016,C104,76,69.96,5316.96
TXN09962,2025-05-03,P006,R06,SR030,C051,45,28.61,1287.45
TXN09963,2025-03-15,P008,R02,SR026,C058,74,31.42,2325.08
TXN09964,2024-08-02,P007,R06,SR006,C050,42,46.33,1945.86
TXN09965,2024-06-13,P001,R04,SR016,C023,167,40.12,6700.04
TXN09966,2024-11-15,P003,R04,SR016,C039,94,37.25,3501.5
TXN09967,2025-04-20,P006,R04,SR010,C100,70,30.93,2165.1
TXN09968,2024-09-09,P004,R01,SR007,C057,61,50.1,3056.1
TXN09969,2024-03-27,P008,R01,SR001,C031,68,29.43,2001.24
TXN09970,2025-01-01,P005,R05,SR005,C073,47,64.91,3050.77
TXN09971,2024-12-08,P005,R02,SR020,C026,51,63.49,3237.99
TXN09972,2025-01-06,P004,R02,SR008,C033,147,49.51,7277.97
TXN09973,2024-11-10,P002,R02,SR008,C036,35,56.1,1963.5
TXN09974,2024-12-11,P006,R03,SR003,C041,72,29.88,2151.36
TXN09975,2024-05-12,P007,R04,SR004,C023,129,43.09,5558.61
TXN09976,2025-11-02,P005,R02,SR014,C058,55,72.65,3995.75
TXN09977,2025-02-20,P003,R02,SR020,C058,87,33.12,2881.44
TXN09978,2025-06-28,P004,R04,SR010,C046,25,46.69,1167.25
TXN09979,2025-06-12,P006,R04,SR004,C048,60,29.02,1741.2
TXN09980,2025-03-09,P004,R02,SR026,C075,175,49.6,8680.0
TXN09981,2025-03-14,P006,R01,SR013,C017,45,29.82,1341.9
TXN09982,2025-02-26,P003,R04,SR010,C080,120,34.18,4101.6
TXN09983,2024-10-18,P003,R04,SR010,C010,96,35.75,3432.0
TXN09984,2024-10-30,P004,R05,SR017,C107,75,51.43,3857.25
TXN09985,2024-04-23,P002,R06,SR030,C044,88,54.72,4815.36
TXN09986,2025-12-01,P004,R01,SR001,C043,44,49.06,2158.64
TXN09987,2025-05-14,P007,R03,SR003,C041,74,39.93,2954.82
TXN09988,2025-10-29,P001,R04,SR028,C010,152,39.04,5934.08
TXN09989,2025-12-23,P008,R05,SR017,C081,77,33.17,2554.09
TXN09990,2024-10-11,P003,R03,SR003,C011,61,34.86,2126.46
TXN09991,2025-09-22,P007,R04,SR022,C010,122,42.03,5127.66
TXN09992,2025-08-28,P004,R05,SR005,C032,95,50.97,4842.15
TXN09993,2024-07-16,P004,R01,SR007,C060,73,49.34,3601.82
TXN09994,2025-11-12,P006,R01,SR007,C031,65,28.35,1842.75
TXN09995,2024-12-23,P006,R01,SR019,C060,94,30.62,2878.28
TXN09996,2024-04-21,P004,R05,SR023,C020,114,48.64,5544.96
TXN09997,2024-08-28,P004,R06,SR024,C098,73,46.32,3381.36
TXN09998,2024-09-24,P001,R06,SR018,C085,104,39.31,4088.24
TXN09999,2025-05-28,P002,R04,SR010,C100,61,55.93,3411.73
TXN10000,2025-02-20,P003,R06,SR030,C074,46,33.66,1548.36
TXN10001,2025-09-28,P003,R01,SR007,C094,46,34.14,1570.44
TXN10002,2024-04-10,P006,R04,SR022,C080,145,26.92,3903.4
TXN10003,2025-05-19,P004,R04,SR004,C103,98,50.15,4914.7
TXN10004,2025-02-20,P003,R04,SR010,C048,74,36.48,2699.52
TXN10005,2024-08-25,P004,R01,SR025,C043,40,48.85,1954.0
TXN10006,2025-03-09,P004,R01,SR001,C119,47,49.16,2310.52
TXN10007,2025-07-17,P002,R01,SR013,C027,52,52.73,2741.96
TXN10008,2025-06-14,P008,R04,SR010,C039,65,30.9,2008.5
TXN10009,2024-07-18,P004,R01,SR025,C088,51,49.45,2521.95
TXN10010,2024-10-06,P007,R04,SR010,C048,52,43.63,2268.76
TXN10011,2025-02-13,P002,R03,SR003,C082,95,54.8,5206.0
TXN10012,2024-12-23,P007,R04,SR016,C048,65,45.52,2958.8
TXN10013,2025-10-16,P002,R05,SR017,C032,99,54.44,5389.56
TXN10014,2024-11-25,P003,R03,SR015,C041,34,34.1,1159.4
TXN10015,2025-11-23,P004,R05,SR017,C020,89,46.92,4175.88
TXN10016,2024-02-08,P002,R05,SR029,C028,99,55.18,5462.82
TXN10017,2024-12-15,P008,R02,SR002,C097,22,31.31,688.82
TXN10018,2025-07-09,P003,R01,SR025,C060,88,33.85,2978.8
TXN10019,2025-08-13,P004,R02,SR014,C034,77,50.27,3870.79
TXN10020,2024-03-19,P006,R04,SR016,C046,16,28.68,458.88
TXN10021,2025-09-06,P001,R01,SR025,C057,82,39.07,3203.74
TXN10022,2025-08-15,P007,R01,SR007,C064,88,44.71,3934.48
TXN10023,2025-12-26,P003,R01,SR013,C031,77,34.61,2664.97
TXN10024,2025-11-09,P007,R03,SR027,C025,31,44.65,1384.15
TXN10025,2025-07-16,P003,R01,SR019,C057,54,32.55,1757.7
TXN10026,2025-04-30,P002,R02,SR002,C097,60,56.72,3403.2
TXN10027,2025-05-15,P004,R02,SR026,C105,49,48.54,2378.46
TXN10028,2025-01-07,P004,R01,SR001,C064,88,47.56,4185.28
TXN10029,2025-07-26,P004,R02,SR026,C026,78,46.73,3644.94
TXN10030,2024-12-01,P001,R01,SR019,C012,65,42.26,2746.9
TXN10031,2024-03-08,P007,R06,SR006,C061,106,40.25,4266.5
TXN10032,2024-04-08,P001,R06,SR012,C045,135,38.65,5217.75
TXN10033,2024-03-06,P004,R03,SR027,C025,25,50.64,1266.0
TXN10034,2025-11-08,P003,R06,SR012,C086,100,35.05,3505.0
TXN10035,2024-10-08,P002,R04,SR022,C029,33,53.27,1757.91
TXN10036,2024-10-20,P005,R04,SR010,C104,53,64.61,3424.33
TXN10037,2024-01-12,P005,R03,SR003,C009,56,65.75,3682.0
TXN10038,2025-03-04,P002,R03,SR027,C019,82,52.65,4317.3
TXN10039,2024-02-16,P006,R02,SR026,C069,42,29.67,1246.14
TXN10040,2025-05-28,P006,R01,SR025,C012,54,29.12,1572.48
TXN10041,2024-11-05,P001,R02,SR020,C097,37,39.34,1455.58
TXN10042,2024-03-30,P007,R02,SR014,C071,48,42.58,2043.84
TXN10043,2024-10-12,P001,R01,SR001,C012,71,41.22,2926.62
TXN10044,2025-10-21,P001,R02,SR002,C097,60,41.27,2476.2
TXN10045,2025-07-17,P004,R02,SR026,C071,65,49.87,3241.55
TXN10046,2024-11-30,P004,R02,SR008,C034,40,48.33,1933.2
TXN10047,2025-03-18,P001,R01,SR001,C057,104,41.13,4277.52
TXN10048,2025-05-16,P002,R01,SR007,C111,140,54.01,7561.4
TXN10049,2024-05-24,P007,R02,SR014,C007,120,42.58,5109.6
TXN10050,2025-03-05,P004,R04,SR028,C046,33,53.28,1758.24
TXN10051,2025-05-05,P007,R05,SR029,C032,79,43.86,3464.94
TXN10052,2025-10-30,P004,R06,SR012,C085,105,49.77,5225.85
TXN10053,2025-03-30,P001,R06,SR018,C045,95,40.61,3857.95
TXN10054,2025-06-01,P006,R05,SR011,C056,53,30.42,1612.26
TXN10055,2024-03-10,P005,R01,SR001,C119,39,69.68,2717.52
TXN10056,2024-04-20,P005,R03,SR015,C072,22,67.27,1479.94
TXN10057,2024-10-22,P005,R05,SR029,C093,50,62.94,3147.0
TXN10058,2025-06-19,P007,R01,SR007,C119,27,42.58,1149.66
TXN10059,2024-08-04,P006,R05,SR017,C083,40,29.39,1175.6
TXN10060,2024-10-09,P006,R01,SR007,C064,80,28.94,2315.2
TXN10061,2025-06-15,P001,R04,SR016,C100,95,38.56,3663.2
TXN10062,2025-05-15,P002,R01,SR007,C119,32,51.71,1654.72
TXN10063,2025-03-16,P006,R04,SR022,C010,132,29.64,3912.48
TXN10064,2024-09-25,P006,R04,SR028,C005,56,30.19,1690.64
TXN10065,2025-05-30,P001,R05,SR011,C117,116,40.3,4674.8
TXN10066,2025-03-16,P004,R05,SR029,C107,92,48.95,4503.4
TXN10067,2024-03-05,P003,R01,SR007,C057,69,32.78,2261.82
TXN10068,2024-12-02,P006,R04,SR022,C010,114,29.53,3366.42
TXN10069,2024-06-24,P003,R02,SR008,C026,63,33.34,2100.42
TXN10070,2024-11-13,P002,R05,SR023,C115,172,52.63,9052.36
TXN10071,2024-12-17,P001,R02,SR026,C078,159,41.47,6593.73
TXN10072,2024-12-21,P006,R01,SR019,C017,50,28.56,1428.0
TXN10073,2024-09-22,P001,R01,SR025,C064,103,41.12,4235.36
TXN10074,2025-08-30,P005,R02,SR014,C034,67,67.27,4507.09
TXN10075,2025-06-13,P001,R02,SR026,C105,93,38.02,3535.86
TXN10076,2025-10-18,P004,R05,SR029,C096,51,47.87,2441.37
TXN10077,2025-11-29,P002,R03,SR015,C052,30,54.21,1626.3
TXN10078,2024-04-06,P006,R01,SR025,C043,39,29.03,1132.17
TXN10079,2025-05-16,P003,R06,SR012,C106,42,34.56,1451.52
TXN10080,2025-08-12,P005,R02,SR026,C034,74,67.45,4991.3
TXN10081,2025-10-20,P008,R03,SR015,C018,26,,827.32
TXN10082,2024-11-30,P002,R04,SR010,C102,108,53.06,5730.48
TXN10083,2024-09-22,P006,R02,SR026,C075,120,29.5,3540.0
TXN10084,2025-08-05,P004,R05,SR011,C020,96,50.08,4807.68
TXN10085,2025-12-26,P006,R05,SR011,C115,127,29.64,3764.28
TXN10086,2024-12-22,P007,R05,SR005,C114,38,42.58,1618.04
TXN10087,2025-09-13,P001,R02,SR014,C049,123,38.03,4677.69
TXN10088,2024-10-28,P001,R04,SR022,C104,94,42.52,3996.88
TXN10089,2025-09-14,P005,R01,SR019,C094,53,67.32,3567.96
TXN10090,2024-08-22,P005,R03,SR027,C041,59,65.72,3877.48
TXN10091,2025-01-06,P001,R06,SR006,C116,87,38.91,3385.17
TXN10092,2024-01-13,P006,R02,SR020,C058,79,28.2,2227.8
TXN10093,2024-11-18,P002,R05,SR017,C008,37,54.66,2022.42
TXN10094,2025-02-02,P005,R06,SR030,C098,76,67.47,5127.72
TXN10095,2024-08-15,P004,R02,SR020,C105,41,49.4,2025.4
TXN10096,2024-12-15,P004,R01,SR025,C017,29,49.99,1449.71
TXN10097,2025-05-27,P001,R03,SR015,C053,66,40.29,2659.14
TXN10098,2025-06-13,P001,R02,SR020,C105,70,38.61,2702.7
TXN10099,2025-07-23,P007,R01,SR025,C055,74,44.03,3258.22
TXN10100,2025-07-06,P001,R02,SR002,C075,244,39.59,9659.96
TXN10101,2024-06-07,P001,R03,SR027,C037,156,39.62,6180.72
TXN10102,2025-09-14,P003,R05,SR029,C008,47,35.58,1672.26
TXN10103,2025-07-19,P001,R01,SR001,C013,176,38.99,6862.24
TXN10104,2025-04-11,P005,R03,SR027,C019,73,69.92,5104.16
TXN10105,2025-12-31,P004,R03,SR021,C024,43,53.88,2316.84
TXN10106,2024-08-22,P001,R01,SR025,C017,62,39.68,2460.16
TXN10107,2024-03-18,P007,R04,SR022,C046,24,44.65,1071.6
TXN10108,2024-02-26,P006,R02,SR020,C108,57,29.78,1697.46
TXN10109,2025-01-14,P004,R04,SR028,C004,46,51.08,2349.68
TXN10110,2024-08-29,P004,R02,SR026,C049,90,47.6,4284.0
TXN10111,2025-11-25,P002,R04,SR016,C029,29,52.83,1532.07
TXN10112,2024-07-05,P006,R06,SR024,C118,37,28.9,1069.3
TXN10113,2024-12-23,P005,R06,SR018,C015,95,65.93,6263.35
TXN10114,2025-02-26,P008,R02,SR026,C105,42,34.51,1449.42
TXN10115,2025-10-10,P008,R02,SR026,C033,104,30.79,3202.16
TXN10116,2025-06-20,P005,R04,SR022,C095,56,62.82,3517.92
TXN10117,2025-02-19,P005,R03,SR015,C054,28,68.44,1916.32
TXN10118,2025-07-12,P006,R01,SR013,C094,64,28.39,1816.96
TXN10119,2024-12-30,P002,R02,SR026,C033,140,53.95,7553.0
TXN10120,2025-02-12,P001,R04,SR022,C048,106,39.84,4223.04
TXN10121,2025-03-26,P001,R01,SR019,C111,196,40.19,7877.24
TXN10122,2025-10-02,P002,R05,SR017,C056,44,53.52,2354.88
TXN10123,2025-08-22,P004,R01,SR019,C022,100,49.47,4947.0
TXN10124,2024-01-22,P001,R02,SR014,C101,106,37.65,3990.9
TXN10125,2025-08-25,P003,R04,SR016,C040,88,33.9,2983.2
TXN10126,2024-03-26,P001,R01,SR007,C043,66,38.76,2558.16
TXN10127,2024-04-19,P001,R01,SR001,C064,149,38.83,5785.67
TXN10128,2025-02-01,P003,R05,SR017,C038,49,33.66,1649.34
TXN10129,2024-11-08,P008,R03,SR027,C025,32,31.98,1023.36
TXN10130,2024-07-16,P002,R05,SR017,C073,53,52.18,2765.54
TXN10131,2025-07-30,P005,R01,SR007,C119,14,66.72,934.08
TXN10132,2024-02-04,P007,R04,SR016,C040,84,43.59,3661.56
TXN10133,2024-05-10,P001,R02,SR014,C069,49,40.48,1983.52
TXN10134,2024-02-28,P003,R05,SR029,C117,54,33.66,1817.64
TXN10135,2024-06-15,P005,R04,SR028,C102,69,65.69,4532.61
TXN10136,2024-09-30,P004,R01,SR025,C043,34,49.06,1668.04
TXN10137,2025-11-25,P007,R02,SR008,C071,52,45.19,2349.88
TXN10138,2024-12-05,P005,R02,SR014,C075,83,65.03,5397.49
TXN10139,2025-09-30,P001,R02,SR026,C108,84,39.32,3302.88
TXN10140,2024-09-13,P001,R03,SR015,C009,39,40.74,1588.86
TXN10141,2024-09-12,P008,R06,SR030,C066,69,29.83,2058.27
TXN10142,2024-03-22,P002,R03,SR021,C009,67,56.01,3752.67
TXN10143,2024-07-03,P007,R03,SR027,C052,43,41.49,1784.07
TXN10144,2025-04-02,P006,R05,SR017,C020,100,29.37,2937.0
TXN10145,2025-01-22,P007,R04,SR004,C010,118,45.0,5310.0
TXN10146,2024-04-03,P005,R01,SR013,C111,117,70.54,8253.18
TXN10147,2025-02-24,P004,R01,SR013,C031,74,51.85,3836.9
TXN10148,2024-12-11,P003,R03,SR003,C041,76,35.53,2700.28
TXN10149,2024-03-20,P002,R01,SR001,C012,77,54.05,4161.85
TXN10150,2025-09-27,P002,R02,SR002,C049,138,57.9,7990.2
TXN10151,2025-01-05,P001,R01,SR007,C094,70,38.86,2720.2
TXN10152,2025-07-18,P002,R05,SR029,C115,125,57.24,7155.0
TXN10153,2024-09-02,P006,R03,SR009,C003,58,28.06,1627.48
TXN10154,2024-04-09,P002,R01,SR025,C057,83,56.47,4687.01
TXN10155,2024-01-07,P001,R05,SR011,C117,102,38.89,3966.78
TXN10156,2025-04-19,P002,R01,SR025,C060,111,56.82,6307.02
TXN10157,2024-11-24,P004,R02,SR020,C058,72,49.58,3569.76
TXN10158,2024-07-27,P002,R04,SR016,C100,81,56.18,4550.58
TXN10159,2024-06-20,P005,R02,SR008,C078,109,70.63,7698.67
TXN10160,2025-10-14,P006,R06,SR024,C076,51,27.51,1403.01
TXN10161,2024-07-28,P006,R06,SR024,C076,39,28.6,1115.4
TXN10162,2024-11-13,P003,R01,SR019,C064,100,33.41,3341.0
TXN10163,2024-09-27,P007,R04,SR004,C102,75,41.63,3122.25
TXN10164,2024-04-07,P008,R01,SR025,C027,32,33.18,1061.76
TXN10165,2025-05-25,P005,R01,SR001,C094,59,63.82,3765.38
TXN10166,2025-04-26,P007,R02,SR014,C042,93,45.89,4267.77
TXN10167,2025-08-18,P001,R06,SR024,C051,52,38.47,2000.44
TXN10168,2025-07-14,P004,R02,SR008,C034,75,47.95,3596.25
TXN10169,2025-07-04,P001,R04,SR022,C023,180,43.0,7740.0
TXN10170,2024-03-03,P005,R06,SR018,C120,74,67.96,5029.04
TXN10171,2024-06-02,P008,R01,SR019,C043,38,32.04,1217.52
TXN10172,2025-07-16,P007,R01,SR025,C022,97,38.31,3716.07
TXN10173,2024-07-20,P001,R04,SR004,C100,89,43.96,3912.44
TXN10174,2024-10-06,P003,R01,SR025,C017,30,36.57,1097.1
TXN10175,2024-06-09,P002,R05,SR011,C114,62,54.4,3372.8
TXN10176,2024-12-12,P002,R04,SR016,C039,120,54.04,6484.8
TXN10177,2025-01-30,P001,R05,SR029,C083,46,41.71,1918.66
TXN10178,2024-07-14,P006,R02,SR026,C075,114,31.32,3570.48
TXN10179,2025-05-22,P007,R02,SR020,C049,97,41.83,4057.51
TXN10180,2024-06-03,P005,R03,SR003,C109,52,71.42,3713.84
TXN10181,2024-11-27,P004,R01,SR013,C111,142,49.04,6963.68
TXN10182,2025-10-12,P006,R04,SR022,C104,59,28.63,1689.17
TXN10183,2025-09-17,P001,R01,SR001,C055,70,41.35,2894.5
TXN10184,2024-04-28,P003,R04,SR010,C104,63,35.2,2217.6
TXN10185,2025-08-18,P004,R02,SR008,C108,51,53.45,2725.95
TXN10186,2025-11-17,P003,R01,SR025,C022,103,34.48,3551.44
TXN10187,2025-06-17,P006,R01,SR019,C031,78,28.59,2230.02
TXN10188,2025-02-18,P003,R06,SR006,C120,84,33.71,2831.64
TXN10189,2024-02-15,P007,R04,SR016,C029,33,43.74,1443.42
TXN10190,2024-04-01,P008,R02,SR014,C049,62,31.88,1976.56
TXN10191,2024-08-19,P002,R06,SR030,C001,41,54.13,2219.33
TXN10192,2025-05-21,P004,R06,SR018,C120,41,49.35,2023.35
TXN10193,2025-01-21,P001,R04,SR010,C091,131,40.52,5308.12
TXN10194,2025-12-18,P002,R02,SR020,C078,173,56.84,9833.32
TXN10195,2025-05-12,P004,R01,SR007,C031,57,47.07,2682.99
TXN10196,2025-03-09,P001,R04,SR022,C100,100,39.86,3986.0
TXN10197,2024-01-23,P004,R04,SR016,C070,120,49.48,5937.6
TXN10198,2025-06-04,P002,R02,SR026,C105,68,54.04,3674.72
TXN10199,2024-06-20,P004,R01,SR013,C017,43,47.42,2039.06
TXN10200,2024-06-23,P002,R04,SR016,C023,183,55.77,10205.91
TXN10201,2025-03-07,P002,R04,SR016,C091,115,54.73,6293.95
TXN10202,2024-02-03,P007,R01,SR001,C013,132,45.89,6057.48
TXN10203,2024-12-28,P002,R04,SR022,C046,33,54.42,1795.86
TXN10204,2024-01-06,P008,R03,SR003,C019,61,32.05,1955.05
TXN10205,2024-06-16,P001,R03,SR003,C019,127,39.17,4974.59
TXN10206,2024-07-23,P001,R03,SR009,C025,47,38.67,1817.49
TXN10207,2025-01-31,P003,R06,SR030,C120,69,33.64,2321.16
TXN10208,2024-03-20,P003,R03,SR003,C053,86,34.74,2987.64
TXN10209,2024-04-01,P005,R01,SR019,C060,83,64.58,5360.14
TXN10210,2024-08-16,P005,R01,SR013,C013,114,66.63,7595.82
TXN10211,2025-05-23,P005,R01,SR007,C111,103,66.86,6886.58
TXN10212,2024-02-27,P006,R06,SR006,C035,107,29.24,3128.68
TXN10213,2024-02-23,P005,R02,SR026,C007,127,66.59,8456.93
TXN10214,2025-04-03,P006,R04,SR028,C095,71,27.61,1960.31
TXN10215,2024-07-15,P003,R03,SR021,C030,67,32.24,2160.08
TXN10216,2025-03-20,P006,R03,SR021,C009,52,29.14,1515.28
TXN10217,2025-09-24,P004,R05,SR023,C084,130,49.29,6407.7
TXN10218,2024-05-02,P008,R05,SR017,C081,112,32.8,3673.6
TXN10219,2024-08-21,P004,R04,SR004,C046,44,46.41,2042.04
TXN10220,2025-05-31,P007,R06,SR012,C085,95,42.72,4058.4
TXN10221,2025-02-26,P001,R01,SR007,C013,160,41.19,6590.4
TXN10222,2024-04-29,P008,R04,SR016,C091,82,31.91,2616.62
TXN10223,2024-05-02,P005,R04,SR004,C039,104,65.65,6827.6
TXN10224,2025-09-26,P001,R03,SR021,C025,56,41.9,2346.4
TXN10225,2025-09-28,P008,R02,SR020,C026,54,32.77,1769.58
TXN10226,2025-02-01,P001,R03,SR003,C003,134,42.85,5741.9
TXN10227,2024-09-18,P002,R03,SR009,C052,36,57.82,2081.52
TXN10228,2025-07-08,P005,R01,SR013,C064,85,70.82,6019.7
TXN10229,2025-01-01,P007,R04,SR004,C048,64,41.85,2678.4
TXN10230,2024-07-09,P003,R03,SR015,C082,32,33.39,1068.48
TXN10231,2025-04-23,P003,R03,SR021,C072,61,32.26,1967.86
TXN10232,2024-10-18,P002,R01,SR001,C012,72,55.89,4024.08
TXN10233,2025-12-01,P005,R01,SR001,C017,35,67.06,2347.1
TXN10234,2024-05-17,P004,R06,SR012,C077,90,53.14,4782.6
TXN10235,2025-03-25,P002,R02,SR008,C069,52,53.07,2759.64
TXN10236,2025-11-05,P006,R02,SR002,C092,51,28.13,1434.63
TXN10237,2025-06-15,P005,R02,SR026,C097,30,67.3,2019.0
TXN10238,2025-05-13,P006,R05,SR005,C038,37,29.75,1100.75
TXN10239,2025-10-03,P002,R01,SR001,C043,44,51.81,2279.64
TXN10240,2025-04-27,P002,R01,SR013,C064,132,54.8,7233.6
TXN10241,2024-03-04,P002,R05,SR017,C020,95,56.27,5345.65
TXN10242,2025-04-19,P002,R01,SR019,C088,85,54.72,4651.2
TXN10243,2025-05-01,P002,R05,SR011,C032,162,52.62,8524.44
TXN10244,2025-11-04,P001,R05,SR017,C038,52,41.32,2148.64
TXN10245,2025-01-06,P008,R06,SR024,C061,48,31.83,1527.84
TXN10246,2024-03-24,P001,R05,SR011,C114,81,39.93,3234.33
TXN10247,2025-11-28,P005,R03,SR015,C006,31,62.21,1928.51
TXN10248,2025-05-28,P002,R04,SR028,C048,94,54.03,5078.82
TXN10249,2025-12-31,P001,R04,SR016,C102,117,37.78,4420.26
TXN10250,2024-06-11,P001,R03,SR009,C054,85,40.71,3460.35
TXN10251,2025-03-16,P002,R02,SR014,C090,58,58.35,3384.3
TXN10252,2025-08-13,P003,R01,SR013,C060,92,34.38,3162.96
TXN10253,2024-09-28,P007,R01,SR013,C064,74,43.38,3210.12
TXN10254,2025-09-13,P002,R04,SR028,C070,138,54.42,7509.96
TXN10255,2025-11-05,P001,R04,SR010,C029,30,40.67,1220.1
TXN10256,2025-07-03,P005,R01,SR019,C088,61,69.36,4230.96
TXN10257,2024-04-21,P002,R02,SR008,C092,37,56.41,2087.17
TXN10258,2024-03-06,P007,R06,SR018,C087,56,40.64,2275.84
TXN10259,2025-08-16,P005,R02,SR014,C097,31,67.75,2100.25
TXN10260,2025-05-17,P003,R02,SR026,C026,72,33.51,2412.72
TXN10261,2025-07-25,P001,R04,SR016,C010,174,40.21,6996.54
TXN10262,2024-11-08,P007,R04,SR010,C065,41,42.02,1722.82
TXN10263,2024-08-11,P002,R06,SR018,C076,56,53.86,3016.16
TXN10264,2024-10-30,P002,R01,SR001,C088,79,54.61,4314.19
TXN10265,2024-11-11,P003,R01,SR019,C031,86,34.75,2988.5
TXN10266,2025-10-01,P002,R06,SR018,C076,42,55.75,2341.5
TXN10267,2024-11-05,P002,R01,SR025,C031,91,52.93,4816.63
TXN10268,2024-07-06,P006,R02,SR014,C075,105,29.75,3123.75
TXN10269,2025-06-10,P007,R04,SR016,C104,71,45.03,3197.13
TXN10270,2025-12-22,P007,R05,SR023,C020,108,42.53,4593.24
TXN10271,2024-04-24,P005,R06,SR012,C079,115,63.68,7323.2
TXN10272,2025-03-07,P006,R01,SR001,C060,91,29.73,2705.43
TXN10273,2024-05-29,P001,R03,SR003,C037,173,38.85,6721.05
TXN10274,2025-10-03,P007,R06,SR006,C113,62,45.04,2792.48
TXN10275,2024-01-19,P006,R01,SR019,C013,132,28.57,3771.24
TXN10276,2025-06-25,P001,R01,SR001,C017,73,41.06,2997.38
TXN10277,2024-12-12,P002,R03,SR003,C041,87,57.26,4981.62
TXN10278,2024-11-05,P008,R06,SR006,C050,31,33.6,1041.6
TXN10279,2025-05-08,P002,R04,SR010,C091,118,52.45,6189.1
TXN10280,2024-07-13,P005,R03,SR027,C053,77,61.22,4713.94
TXN10281,2025-06-06,P008,R02,SR020,C105,55,32.3,1776.5
TXN10282,2025-03-08,P004,R01,SR001,C088,72,44.63,3213.36
TXN10283,2025-02-20,P007,R03,SR015,C082,38,45.83,1741.54
TXN10284,2025-08-19,P007,R06,SR030,C061,82,42.84,3512.88
TXN10285,2024-03-04,P001,R02,SR014,C078,161,41.79,6728.19
TXN10286,2025-02-10,P006,R02,SR002,C105,49,29.21,1431.29
TXN10287,2024-03-09,P006,R02,SR002,C007,147,28.86,4242.42
TXN10288,2024-04-26,P006,R06,SR012,C110,67,29.02,1944.34
TXN10289,2025-09-12,P006,R01,SR013,C043,42,29.66,1245.72
TXN10290,2025-02-19,P004,R01,SR001,C027,38,45.67,1735.46
TXN10291,2025-11-14,P001,R02,SR020,C105,65,40.38,2624.7
TXN10292,2024-03-30,P007,R05,SR011,C038,69,42.97,2964.93
TXN10293,2025-07-03,P001,R06,SR024,C099,63,41.84,2635.92
TXN10294,2025-07-04,P006,R01,SR025,C057,59,29.81,1758.79
TXN10295,2024-09-26,P005,R03,SR003,C011,59,69.79,4117.61
TXN10296,2024-05-04,P003,R01,SR025,C027,43,34.86,1498.98
TXN10297,2024-07-08,P003,R02,SR008,C026,48,34.99,1679.52
TXN10298,2025-03-23,P002,R04,SR016,C102,135,57.22,7724.7
TXN10299,2024-04-07,P002,R03,SR027,C025,44,53.89,2371.16
TXN10300,2025-07-16,P007,R01,SR013,C055,68,40.73,2769.64
TXN10301,2025-03-15,P005,R02,SR014,C078,136,65.25,8874.0
TXN10302,2025-12-10,P007,R02,SR002,C069,50,44.67,2233.5
TXN10303,2025-04-01,P006,R04,SR016,C039,100,28.12,2812.0
TXN10304,2025-11-09,P003,R02,SR008,C097,27,35.05,946.35
TXN10305,2024-05-23,P006,R04,SR022,C100,70,29.3,2051.0
TXN10306,2024-09-22,P004,R01,SR025,C060,91,51.98,4730.18
TXN10307,2025-11-20,P006,R06,SR018,C098,62,28.27,1752.74
TXN10308,2025-03-24,P008,R06,SR006,C016,94,33.8,3177.2
TXN10309,2024-05-20,P007,R01,SR019,C022,107,43.7,4675.9
TXN10310,2025-06-03,P005,R03,SR003,C024,72,66.95,4820.4
TXN10311,2025-08-11,P003,R06,SR024,C066,110,33.08,3638.8
TXN10312,2024-12-31,P001,R02,SR026,C071,78,40.97,3195.66
TXN10313,2024-08-26,P003,R01,SR007,C013,106,34.48,3654.88
TXN10314,2025-10-31,P005,R03,SR003,C014,79,71.51,5649.29
TXN10315,2024-04-22,P001,R06,SR030,C066,117,39.2,4586.4
TXN10316,2025-04-30,P002,R05,SR011,C038,55,54.97,3023.35
TXN10317,2025-10-01,P005,R05,SR029,C056,25,67.54,1688.5
TXN10318,2025-08-09,P004,R03,SR015,C052,28,52.45,1468.6
TXN10319,2025-04-07,P007,R01,SR007,C017,42,44.04,1849.68
TXN10320,2024-02-18,P005,R02,SR020,C026,63,69.55,4381.65
TXN10321,2024-03-06,P008,R01,SR001,C055,42,31.9,1339.8
TXN10322,2025-12-10,P003,R03,SR003,C025,27,33.32,899.64
TXN10323,2025-09-26,P003,R04,SR010,C004,43,34.75,1494.25
TXN10324,2024-04-22,P004,R02,SR020,C007,131,49.46,6479.26
TXN10325,2025-07-12,P003,R02,SR014,C097,37,33.94,1255.78
TXN10326,2024-08-24,P005,R06,SR030,C002,73,70.68,5159.64
TXN10327,2025-04-17,P004,R04,SR022,C005,67,50.08,3355.36
TXN10328,2024-04-04,P008,R01,SR025,C012,57,32.51,1853.07
TXN10329,2025-12-15,P006,R01,SR007,C013,87,29.47,2563.89
TXN10330,2024-09-04,P001,R01,SR019,C057,96,43.08,4135.68
TXN10331,2025-01-29,P001,R06,SR018,C015,126,38.54,4856.04
TXN10332,2024-05-12,P005,R06,SR030,C079,91,65.2,5933.2
TXN10333,2024-02-13,P004,R01,SR025,C067,151,49.06,7408.06
TXN10334,2024-06-30,P008,R02,SR002,C058,83,31.75,2635.25
TXN10335,2024-07-26,P002,R05,SR011,C081,196,55.71,10919.16
TXN10336,2024-03-27,P007,R02,SR020,C026,56,44.1,2469.6
TXN10337,2024-02-28,P003,R05,SR017,C117,67,34.97,2342.99
TXN10338,2024-01-04,P001,R02,SR026,C075,181,40.87,7397.47
TXN10339,2025-10-31,P008,R04,SR028,C048,37,32.23,1192.51
TXN10340,2025-04-17,P004,R01,SR007,C088,47,45.24,2126.28
TXN10341,2024-02-24,P002,R05,SR005,C084,169,58.48,9883.12
TXN10342,2024-07-30,P001,R03,SR027,C041,104,37.89,3940.56
TXN10343,2024-12-27,P006,R06,SR006,C021,77,30.14,2320.78
TXN10344,2024-02-16,P005,R01,SR007,C119,36,69.97,2518.92
TXN10345,2024-11-15,P002,R01,SR025,C022,105,53.48,5615.4
TXN10346,2024-03-06,P008,R05,SR017,C020,81,32.22,2609.82
TXN10347,2024-08-01,P001,R03,SR009,C052,51,40.33,2056.83
TXN10348,2025-07-16,P001,R03,SR027,C006,82,41.46,3399.72
TXN10349,2024-11-14,P007,R01,SR019,C031,67,41.48,2779.16
TXN10350,2025-06-28,P003,R04,SR010,C005,57,35.13,2002.41
TXN10351,2025-04-20,P008,R06,SR030,C085,81,33.0,2673.0
TXN10352,2024-06-20,P006,R01,SR013,C012,58,28.02,1625.16
TXN10353,2025-11-21,P002,R05,SR023,C038,51,54.06,2757.06
TXN10354,2025-09-09,P005,R04,SR028,C005,46,66.26,3047.96
TXN10355,2025-07-18,P001,R01,SR013,C088,78,41.85,3264.3
TXN10356,2024-07-12,P003,R06,SR018,C089,34,36.52,1241.68
TXN10357,2024-05-21,P002,R05,SR005,C115,161,50.81,8180.41
TXN10358,2024-05-27,P003,R03,SR015,C082,51,34.29,1748.79
TXN10359,2025-05-16,P002,R01,SR013,C031,106,55.34,5866.04
TXN10360,2025-10-05,P007,R05,SR017,C112,39,42.45,1655.55
TXN10361,2025-08-08,P008,R04,SR010,C010,76,32.74,2488.24
TXN10362,2025-01-21,P004,R01,SR001,C055,46,48.22,2218.12
TXN10363,2024-09-27,P004,R04,SR022,C040,56,50.92,2851.52
TXN10364,2024-09-15,P008,R01,SR007,C055,37,31.17,1153.29
TXN10365,2025-06-19,P004,R02,SR014,C101,105,50.3,5281.5
TXN10366,2025-09-07,P006,R02,SR002,C092,50,28.13,1406.5
TXN10367,2024-02-06,P002,R04,SR016,C029,40,56.09,2243.6
TXN10368,2025-12-01,P001,R03,SR009,C009,41,40.91,1677.31
TXN10369,2025-03-07,P001,R04,SR022,C095,101,41.79,4220.79
TXN10370,2024-09-27,P004,R02,SR020,C069,37,49.97,1848.89
TXN10371,2024-07-30,P003,R02,SR002,C097,55,34.31,1887.05
TXN10372,2025-09-02,P002,R06,SR030,C035,112,51.58,5776.96
TXN10373,2024-08-08,P003,R05,SR005,C073,58,34.11,1978.38
TXN10374,2025-02-21,P002,R06,SR024,C050,35,54.44,1905.4
TXN10375,2025-09-03,P002,R01,SR007,C012,55,54.29,2985.95
TXN10376,2025-10-10,P007,R03,SR009,C019,57,42.05,2396.85
TXN10377,2024-04-29,P003,R01,SR013,C064,105,34.25,3596.25
TXN10378,2024-07-25,P006,R04,SR016,C080,101,28.08,2836.08
TXN10379,2024-01-08,P001,R01,SR013,C031,118,39.14,4618.52
TXN10380,2024-08-06,P006,R04,SR004,C029,21,31.66,664.86
TXN10381,2025-11-09,P005,R01,SR007,C043,32,62.04,1985.28
TXN10382,2024-03-19,P007,R01,SR025,C064,104,42.37,4406.48
TXN10383,2024-11-28,P002,R01,SR025,C088,60,55.49,3329.4
TXN10384,2025-06-02,P003,R01,SR013,C057,75,34.9,2617.5
TXN10385,2024-10-28,P003,R05,SR005,C112,62,33.1,2052.2
TXN10386,2024-08-23,P001,R02,SR008,C069,41,38.89,1594.49
TXN10387,2025-01-21,P004,R05,SR011,C083,48,49.8,2390.4
TXN10388,2025-08-12,P002,R05,SR005,C084,156,54.8,8548.8
TXN10389,2025-05-28,P001,R02,SR026,C036,73,38.29,2795.17
TXN10390,2025-05-11,P002,R01,SR007,C031,87,55.89,4862.43
TXN10391,2025-02-24,P008,R02,SR014,C069,26,31.8,826.8
TXN10392,2024-08-13,P001,R02,SR008,C090,62,37.26,2310.12
TXN10393,2025-12-30,P007,R06,SR030,C035,94,43.59,4097.46
TXN10394,2024-05-27,P003,R03,SR015,C030,51,31.74,1618.74
TXN10395,2025-09-15,P005,R06,SR024,C061,57,67.42,3842.94
TXN10396,2025-12-04,P008,R01,SR019,C067,100,31.59,3159.0
TXN10397,2025-11-29,P008,R04,SR016,C104,46,32.07,1475.22
TXN10398,2024-02-21,P005,R03,SR027,C109,29,69.38,2012.02
TXN10399,2025-11-05,P001,R02,SR026,C108,94,39.25,3689.5
TXN10400,2025-12-20,P003,R05,SR023,C115,169,33.74,5702.06
TXN10401,2024-07-05,P004,R01,SR007,C043,38,50.93,1935.34
TXN10402,2025-03-27,P006,R02,SR026,C092,54,29.13,1573.02
TXN10403,2025-08-13,P006,R02,SR020,C069,48,28.71,1378.08
TXN10404,2025-08-17,P004,R06,SR024,C077,65,48.64,3161.6
TXN10405,2024-08-15,P002,R01,SR007,C111,133,55.35,7361.55
TXN10406,2024-06-17,P008,R01,SR007,C067,79,31.84,2515.36
TXN10407,2025-09-19,P008,R01,SR007,C064,52,31.88,1657.76
TXN10408,2024-08-29,P007,R01,SR025,C111,110,42.04,4624.4
TXN10409,2025-03-15,P006,R04,SR016,C005,70,30.02,2101.4
TXN10410,2025-10-16,P007,R05,SR017,C115,95,41.61,3952.95
TXN10411,2025-01-28,P008,R02,SR008,C108,46,33.2,1527.2
TXN10412,2025-11-12,P002,R04,SR010,C005,72,53.86,3877.92
TXN10413,2025-12-23,P002,R05,SR029,C107,89,54.54,4854.06
TXN10414,2025-01-25,P005,R06,SR012,C116,44,68.62,3019.28
TXN10415,2025-10-20,P002,R06,SR012,C074,49,55.7,2729.3
TXN10416,2025-08-18,P008,R01,SR019,C017,32,32.31,1033.92
TXN10417,2024-09-07,P002,R02,SR020,C078,165,56.32,9292.8
TXN10418,2025-05-15,P008,R05,SR017,C114,34,32.95,1120.3
TXN10419,2024-07-17,P002,R04,SR028,C004,33,55.75,1839.75
TXN10420,2025-09-10,P005,R05,SR029,C038,31,64.64,2003.84
TXN10421,2025-08-05,P005,R05,SR011,C115,108,63.93,6904.44
TXN10422,2024-02-05,P003,R02,SR026,C108,65,34.49,2241.85
TXN10423,2025-09-28,P001,R04,SR016,C004,60,41.35,2481.0
TXN10424,2025-09-17,P006,R02,SR014,C097,30,29.42,882.6
TXN10425,2025-11-08,P003,R01,SR007,C031,61,33.22,2026.42
TXN10426,2024-11-03,P002,R05,SR017,C112,82,57.4,4706.8
TXN10427,2024-02-05,P003,R05,SR029,C093,56,34.85,1951.6
TXN10428,2025-02-13,P003,R02,SR014,C042,102,33.8,3447.6
TXN10429,2024-12-03,P002,R02,SR014,C042,83,55.04,4568.32
TXN10430,2025-06-22,P007,R01,SR025,C067,113,43.04,4863.52
TXN10431,2024-01-06,P003,R05,SR029,C093,43,34.78,1495.54
TXN10432,2024-05-16,P003,R03,SR015,C041,42,32.99,1385.58
TXN10433,2024-04-05,P007,R01,SR025,C027,39,43.25,1686.75
TXN10434,2024-02-02,P005,R01,SR025,C055,49,68.09,3336.41
TXN10435,2024-03-13,P002,R05,SR017,C083,57,52.74,3006.18
TXN10436,2024-03-26,P006,R03,SR003,C041,68,28.33,1926.44
TXN10437,2025-06-09,P006,R04,SR028,C040,91,29.9,2720.9
TXN10438,2025-01-28,P007,R01,SR025,C119,36,43.69,1572.84
TXN10439,2024-02-23,P004,R04,SR010,C102,91,45.59,4148.69
TXN10440,2025-04-27,P006,R05,SR011,C083,44,29.65,1304.6
TXN10441,2024-08-14,P002,R04,SR010,C029,35,54.36,1902.6
TXN10442,2025-06-06,P004,R03,SR027,C037,108,49.32,5326.56
TXN10443,2025-02-05,P003,R02,SR008,C078,118,32.61,3847.98
TXN10444,2025-08-28,P002,R03,SR021,C030,79,54.86,4333.94
TXN10445,2025-12-24,P003,R01,SR013,C094,60,35.48,2128.8
TXN10446,2024-04-26,P001,R05,SR017,C117,91,39.51,3595.41
TXN10447,2024-07-08,P002,R05,SR017,C068,51,52.51,2678.01
TXN10448,2025-05-15,P001,R04,SR022,C004,64,40.29,2578.56
TXN10449,2024-10-03,P007,R01,SR001,C043,34,40.86,1389.24
TXN10450,2025-09-20,P001,R01,SR025,C031,97,37.8,3666.6
TXN10451,2024-07-26,P002,R03,SR027,C025,29,56.76,1646.04
TXN10452,2024-04-16,P001,R04,SR010,C100,75,38.04,2853.0
TXN10453,2024-12-10,P005,R01,SR001,C064,91,65.06,5920.46
TXN10454,2025-11-01,P004,R02,SR020,C036,64,46.34,2965.76
TXN10455,2025-03-26,P002,R03,SR027,C052,65,53.53,3479.45
TXN10456,2024-11-03,P001,R06,SR012,C098,114,39.41,4492.74
TXN10457,2024-05-14,P001,R01,SR019,C060,165,39.26,6477.9
TXN10458,2024-06-18,P007,R02,SR002,C033,145,41.21,5975.45
TXN10459,2025-02-05,P006,R02,SR008,C033,116,28.53,3309.48
TXN10460,2025-09-20,P002,R01,SR001,C027,40,54.11,2164.4
TXN10461,2025-07-15,P004,R04,SR028,C010,114,49.83,5680.62
TXN10462,2024-02-18,P002,R01,SR013,C064,113,57.87,6539.31
TXN10463,2025-07-24,P003,R01,SR025,C022,123,32.99,4057.77
TXN10464,2025-12-22,P002,R06,SR018,C050,32,54.68,1749.76
TXN10465,2025-06-07,P007,R05,SR029,C114,41,44.18,1811.38
TXN10466,2025-08-04,P005,R02,SR014,C026,58,69.38,4024.04
TXN10467,2024-09-17,P006,R01,SR025,C060,67,28.54,1912.18
TXN10468,2025-02-05,P004,R01,SR019,C043,50,49.37,2468.5
TXN10469,2025-10-24,P006,R05,SR029,C093,51,29.2,1489.2
TXN10470,2025-01-14,P007,R03,SR027,C052,45,41.91,1885.95
TXN10471,2024-10-28,P002,R04,SR028,C070,140,55.55,7777.0
TXN10472,2024-12-17,P003,R01,SR019,C022,102,35.05,3575.1
TXN10473,2025-08-07,P001,R05,SR017,C056,49,40.18,1968.82
TXN10474,2024-04-11,P001,R05,SR005,C084,205,41.56,8519.8
TXN10475,2025-07-09,P001,R03,SR015,C024,42,39.94,1677.48
TXN10476,2025-06-28,P007,R05,SR005,C093,63,44.16,2782.08
TXN10477,2024-06-27,P001,R02,SR026,C007,189,40.0,7560.0
TXN10478,2024-04-10,P002,R05,SR029,C073,65,55.6,3614.0
TXN10479,2025-08-05,P005,R04,SR028,C046,24,68.09,1634.16
TXN10480,2025-12-04,P003,R01,SR013,C013,121,34.11,4127.31
TXN10481,2024-03-01,P004,R03,SR009,C024,37,47.77,1767.49
TXN10482,2025-11-14,P007,R01,SR025,C022,69,44.94,3100.86
TXN10483,2025-04-19,P001,R01,SR019,C119,50,41.21,2060.5
TXN10484,2025-08-03,P002,R03,SR021,C030,77,53.97,4155.69
TXN10485,2024-12-21,P004,R06,SR012,C016,91,51.13,4652.83
TXN10486,2024-07-18,P008,R05,SR011,C063,53,33.64,1782.92
TXN10487,2024-04-11,P007,R05,SR011,C093,68,42.5,2890.0
TXN10488,2024-12-11,P001,R02,SR026,C036,54,42.6,2300.4
TXN10489,2024-07-27,P002,R01,SR019,C067,174,56.1,9761.4
TXN10490,2025-11-26,P003,R02,SR020,C007,171,33.44,5718.24
TXN10491,2025-08-14,P005,R05,SR023,C032,81,64.17,5197.77
TXN10492,2024-05-23,P003,R01,SR007,C119,28,34.68,971.04
TXN10493,2025-03-26,P002,R04,SR028,C095,81,59.42,4813.02
TXN10494,2025-04-28,P006,R06,SR006,C074,55,29.82,1640.1
TXN10495,2025-01-20,P005,R06,SR024,C002,66,66.57,4393.62
TXN10496,2024-04-22,P003,R03,SR027,C003,98,30.98,3036.04
TXN10497,2025-07-15,P004,R06,SR024,C045,90,49.16,4424.4
TXN10498,2025-06-26,P006,R02,SR026,C034,75,28.16,2112.0
TXN10499,2024-11-29,P005,R01,SR013,C013,118,69.99,8258.82
TXN10500,2024-04-04,P001,R04,SR016,C095,84,38.01,3192.84
TXN10501,2025-08-23,P002,R05,SR005,C083,52,55.14,2867.28
TXN10502,2025-06-11,P001,R02,SR014,C036,49,39.86,1953.14
TXN10503,2025-08-19,P005,R01,SR007,C088,40,69.82,2792.8
TXN10504,2024-05-03,P006,R04,SR010,C104,67,29.34,1965.78
TXN10505,2025-12-09,P001,R05,SR005,C083,65,37.91,2464.15
TXN10506,2025-06-26,P007,R06,SR006,C015,136,42.95,5841.2
TXN10507,2025-04-05,P005,R04,SR010,C005,64,69.16,4426.24
TXN10508,2025-01-26,P006,R01,SR001,C017,34,29.34,997.56
TXN10509,2025-01-13,P003,R05,SR029,C038,39,32.63,1272.57
TXN10510,2024-06-09,P007,R05,SR011,C068,56,42.54,2382.24
TXN10511,2025-09-27,P006,R03,SR021,C037,89,30.85,2745.65
TXN10512,2024-03-03,P002,R05,SR023,C008,66,54.51,3597.66
TXN10513,2025-08-18,P002,R06,SR024,C061,90,51.39,4625.1
TXN10514,2025-11-19,P006,R03,SR021,C082,73,29.15,2127.95
TXN10515,2025-08-12,P005,R05,SR029,C084,75,69.56,5217.0
TXN10516,2025-10-15,P003,R03,SR027,C082,67,31.79,2129.93
TXN10517,2024-03-10,P005,R02,SR008,C101,71,66.42,4715.82
TXN10518,2025-07-12,P004,R02,SR026,C097,40,45.86,1834.4
TXN10519,2025-10-25,P008,R04,SR028,C004,32,32.05,1025.6
TXN10520,2025-06-27,P005,R03,SR009,C011,49,69.37,3399.13
TXN10521,2025-01-29,P006,R01,SR019,C055,59,29.38,1733.42
TXN10522,2024-04-26,P001,R03,SR003,C003,165,40.93,6753.45
TXN10523,2025-10-15,P001,R01,SR013,C055,76,38.92,2957.92
TXN10524,2024-02-15,P001,R01,SR001,C043,64,38.72,2478.08
TXN10525,2024-12-25,P005,R06,SR024,C045,69,65.25,4502.25
TXN10526,2024-06-10,P005,R06,SR030,C047,44,68.34,3006.96
TXN10527,2024-06-18,P001,R03,SR027,C054,105,40.18,4218.9
TXN10528,2024-07-22,P003,R01,SR001,C013,119,32.86,3910.34
TXN10529,2025-11-26,P007,R01,SR019,C027,39,44.53,1736.67
TXN10530,2025-12-07,P007,R02,SR020,C058,90,41.89,3770.1
TXN10531,2025-08-24,P005,R02,SR020,C101,86,66.95,5757.7
TXN10532,2025-06-26,P002,R03,SR027,C003,113,55.52,6273.76
TXN10533,2024-08-16,P004,R06,SR018,C062,44,52.1,2292.4
TXN10534,2025-09-24,P006,R02,SR002,C090,43,29.01,1247.43
TXN10535,2025-03-12,P008,R06,SR024,C074,37,30.38,1124.06
TXN10536,2024-08-02,P007,R03,SR021,C025,32,42.15,1348.8
TXN10537,2025-06-21,P006,R03,SR027,C037,95,30.41,2888.95
TXN10538,2024-12-30,P004,R01,SR007,C013,112,46.84,5246.08
TXN10539,2024-05-11,P004,R05,SR017,C028,105,49.95,5244.75
TXN10540,2024-03-31,P003,R05,SR005,C073,72,33.72,2427.84
TXN10541,2024-06-23,P005,R06,SR006,C015,152,69.86,10618.72
TXN10542,2025-01-30,P005,R01,SR025,C055,45,68.72,3092.4
TXN10543,2025-01-24,P003,R04,SR022,C010,138,32.95,4547.1
TXN10544,2025-09-24,P006,R04,SR010,C039,89,28.11,2501.79
TXN10545,2024-09-16,P006,R03,SR027,C006,56,27.43,1536.08
TXN10546,2024-11-03,P006,R02,SR002,C105,44,29.23,1286.12
TXN10547,2025-04-12,P003,R04,SR028,C039,119,34.58,4115.02
TXN10548,2025-02-03,P006,R05,SR005,C083,46,27.86,1281.56
TXN10549,2025-04-09,P004,R02,SR020,C034,77,44.99,3464.23
TXN10550,2025-10-15,P006,R04,SR004,C103,74,29.15,2157.1
TXN10551,2024-06-16,P006,R02,SR014,C108,38,28.84,1095.92
TXN10552,2025-03-15,P001,R03,SR015,C024,44,39.62,1743.28
TXN10553,2024-03-05,P005,R01,SR013,C088,71,71.19,5054.49
TXN10554,2024-10-19,P001,R04,SR010,C104,90,39.45,3550.5
TXN10555,2025-02-09,P002,R01,SR025,C012,67,54.89,3677.63
TXN10556,2025-02-13,P002,R02,SR002,C092,75,55.48,4161.0
TXN10557,2025-01-07,P003,R01,SR007,C013,115,33.4,3841.0
TXN10558,2024-09-14,P001,R01,SR001,C088,70,41.09,2876.3
TXN10559,2025-08-03,P007,R01,SR019,C055,63,45.16,2845.08
TXN10560,2025-05-08,P002,R03,SR021,C003,134,52.99,7100.66
TXN10561,2025-07-28,P005,R06,SR024,C050,26,63.89,1661.14
TXN10562,2025-05-05,P005,R02,SR002,C092,48,68.4,3283.2
TXN10563,2024-08-21,P004,R02,SR008,C075,85,47.19,4011.15
TXN10564,2024-08-31,P006,R02,SR014,C071,49,29.75,1457.75
TXN10565,2024-10-05,P004,R01,SR007,C013,95,50.68,4814.6
TXN10566,2024-07-20,P007,R04,SR016,C065,41,41.83,1715.03
TXN10567,2025-10-17,P008,R02,SR020,C105,40,32.21,1288.4
TXN10568,2024-07-04,P002,R06,SR018,C076,57,54.42,3101.94
TXN10569,2025-09-01,P004,R01,SR013,C022,85,49.53,4210.05
TXN10570,2024-11-26,P006,R01,SR013,C031,86,27.42,2358.12
TXN10571,2024-10-18,P003,R02,SR020,C026,46,33.59,1545.14
TXN10572,2025-06-28,P007,R04,SR028,C039,91,43.35,3944.85
TXN10573,2025-09-17,P006,R01,SR025,C022,84,29.21,2453.64
TXN10574,2025-06-28,P001,R02,SR020,C049,162,41.33,6695.46
TXN10575,2024-09-26,P004,R01,SR001,C064,97,48.36,4690.92
TXN10576,2024-08-03,P002,R04,SR010,C048,57,53.95,3075.15
TXN10577,2024-10-12,P007,R02,SR014,C042,62,43.81,2716.22
TXN10578,2025-02-12,P006,R04,SR028,C095,54,27.66,1493.64
TXN10579,2025-04-05,P006,R04,SR010,C010,111,29.05,3224.55
TXN10580,2024-06-22,P001,R02,SR014,C092,62,37.9,2349.8
TXN10581,2025-03-08,P001,R02,SR008,C090,70,39.99,2799.3
TXN10582,2025-03-06,P005,R01,SR025,C119,32,64.42,2061.44
TXN10583,2025-07-10,P005,R02,SR026,C078,154,67.28,10361.12
TXN10584,2024-07-11,P007,R01,SR007,C027,49,44.8,2195.2
TXN10585,2024-10-22,P008,R02,SR014,C036,35,34.85,1219.75
TXN10586,2025-02-03,P004,R05,SR011,C114,54,46.85,2529.9
TXN10587,2025-12-13,P004,R02,SR002,C108,75,46.06,3454.5
TXN10588,2024-04-03,P004,R02,SR026,C033,136,47.53,6464.08
TXN10589,2025-10-26,P006,R01,SR013,C027,43,30.49,1311.07
TXN10590,2025-12-07,P001,R04,SR022,C010,152,39.85,6057.2
TXN10591,2024-06-28,P003,R02,SR014,C033,111,31.66,3514.26
TXN10592,2024-09-23,P007,R02,SR002,C007,126,41.12,5181.12
TXN10593,2025-03-18,P006,R01,SR019,C094,54,26.52,1432.08
TXN10594,2024-07-30,P008,R05,SR011,C093,63,32.44,2043.72
TXN10595,2025-09-26,P005,R01,SR025,C013,97,65.46,6349.62
TXN10596,2024-10-31,P004,R02,SR014,C101,68,46.03,3130.04
TXN10597,2024-11-29,P006,R01,SR001,C031,82,28.53,2339.46
TXN10598,2024-01-25,P002,R01,SR013,C027,57,56.85,3240.45
TXN10599,2025-12-03,P001,R03,SR009,C082,56,43.23,2420.88
TXN10600,2024-11-19,P002,R03,SR015,C054,47,56.94,2676.18
TXN10601,2024-02-17,P003,R02,SR020,C036,42,34.87,1464.54
TXN10602,2025-03-28,P005,R01,SR013,C064,100,67.72,6772.0
TXN10603,2024-04-14,P004,R04,SR016,C039,118,50.16,5918.88
TXN10604,2025-12-16,P004,R06,SR024,C035,97,51.72,5016.84
TXN10605,2025-06-23,P003,R02,SR002,C108,96,34.94,3354.24
TXN10606,2025-04-27,P003,R01,SR001,C060,119,33.33,3966.27
TXN10607,2024-04-19,P001,R03,SR027,C041,86,37.4,3216.4
TXN10608,2024-07-31,P004,R01,SR019,C111,173,51.13,8845.49
TXN10609,2025-08-18,P003,R05,SR029,C032,74,33.65,2490.1
TXN10610,2024-06-03,P001,R01,SR001,C094,88,39.45,3471.6
TXN10611,2025-03-12,P003,R01,SR001,C067,133,33.5,4455.5
TXN10612,2025-01-01,P007,R03,SR015,C024,20,43.91,878.2
TXN10613,2024-01-12,P006,R01,SR007,C055,50,28.43,1421.5
TXN10614,2024-04-28,P002,R01,SR001,C043,61,55.16,3364.76
TXN10615,2024-10-19,P002,R02,SR026,C049,112,54.44,6097.28
TXN10616,2025-07-10,P001,R01,SR013,C012,78,39.89,3111.42
TXN10617,2025-06-07,P005,R04,SR010,C103,56,67.28,3767.68
TXN10618,2024-11-23,P004,R06,SR006,C086,105,49.78,5226.9
TXN10619,2024-05-09,P005,R06,SR030,C016,79,66.49,5252.71
TXN10620,2025-11-28,P005,R01,SR001,C012,52,66.34,3449.68
TXN10621,2025-10-15,P004,R01,SR001,C119,27,46.98,1268.46
TXN10622,2024-09-27,P007,R03,SR003,C030,77,43.16,3323.32
TXN10623,2024-06-17,P001,R05,SR029,C056,51,42.37,2160.87
TXN10624,2025-10-31,P006,R03,SR009,C109,31,28.96,897.76
TXN10625,2024-04-21,P003,R04,SR004,C102,96,33.99,3263.04
TXN10626,2024-02-26,P004,R05,SR011,C056,65,49.81,3237.65
TXN10627,2024-12-29,P005,R01,SR025,C031,66,70.45,4649.7
TXN10628,2024-08-29,P002,R05,SR023,C068,65,52.37,3404.05
TXN10629,2025-07-22,P002,R01,SR025,C027,45,55.64,2503.8
TXN10630,2025-07-08,P003,R01,SR013,C043,43,36.05,1550.15
TXN10631,2025-09-19,P006,R04,SR004,C039,68,28.49,1937.32
TXN10632,2025-10-29,P001,R02,SR002,C101,193,37.89,7312.77
TXN10633,2025-06-18,P001,R03,SR015,C037,88,40.0,3520.0
TXN10634,2025-04-03,P001,R03,SR021,C109,84,39.72,3336.48
TXN10635,2025-07-19,P007,R05,SR017,,44,40.0,1760.0
TXN10636,2025-12-20,P003,R02,SR002,C090,63,34.95,2201.85
TXN10637,2024-01-23,P005,R02,SR014,C097,34,66.67,2266.78
TXN10638,2024-10-28,P001,R04,SR022,C048,71,39.94,2835.74
TXN10639,2025-04-27,P005,R05,SR023,C117,68,65.79,4473.72
TXN10640,2024-09-06,P008,R04,SR016,C040,54,31.3,1690.2
TXN10641,2024-01-05,P006,R02,SR020,C033,104,27.89,2900.56
TXN10642,2024-01-24,P001,R04,SR010,C103,108,41.45,4476.6
TXN10643,2024-04-12,P001,R04,SR022,C091,134,41.54,5566.36
TXN10644,2025-08-30,P003,R06,SR024,C066,84,35.25,2961.0
TXN10645,2024-01-19,P006,R02,SR020,C033,125,27.77,3471.25
TXN10646,2025-07-24,P005,R01,SR001,C111,92,68.95,6343.4
TXN10647,2024-05-13,P008,R03,SR003,C024,35,31.79,1112.65
TXN10648,2024-09-06,P001,R01,SR019,C088,86,41.02,3527.72
TXN10649,2024-02-18,P003,R05,SR029,C008,39,34.7,1353.3
TXN10650,2024-11-10,P006,R03,SR009,C037,65,28.44,1848.6
TXN10651,2025-06-10,P001,R03,SR003,C003,135,42.3,5710.5
TXN10652,2025-01-07,P006,R03,SR015,C003,58,27.1,1571.8
TXN10653,2024-06-20,P001,R01,SR019,C027,82,40.81,3346.42
TXN10654,2024-12-06,P001,R04,SR010,C048,80,41.97,3357.6
TXN10655,2024-05-25,P008,R01,SR025,C067,106,31.3,3317.8
TXN10656,2025-05-01,P002,R02,SR020,C105,67,54.74,3667.58
TXN10657,2025-11-28,P001,R02,SR014,C090,57,38.54,2196.78
TXN10658,2025-03-06,P003,R01,SR013,C043,58,35.08,2034.64
TXN10659,2024-03-11,P001,R03,SR009,C014,128,41.46,5306.88
TXN10660,2025-08-19,P003,R02,SR002,C036,61,35.51,2166.11
TXN10661,2025-11-30,P007,R04,SR004,C100,52,41.75,2171.0
TXN10662,2025-02-04,P003,R06,SR006,C085,119,32.93,3918.67
TXN10663,2025-09-01,P006,R05,SR005,C096,66,28.52,1882.32
TXN10664,2024-05-02,P004,R05,SR023,C096,70,46.54,3257.8
TXN10665,2025-06-22,P002,R04,SR016,C104,63,57.05,3594.15
TXN10666,2025-10-11,P006,R02,SR008,C033,95,29.04,2758.8
TXN10667,2024-12-23,P004,R04,SR016,C070,123,50.09,6161.07
TXN10668,2024-01-11,P001,R04,SR022,C070,188,38.89,7311.32
TXN10669,2024-01-11,P007,R05,SR023,C083,48,40.51,1944.48
TXN10670,2024-11-21,P002,R06,SR030,C062,48,57.14,2742.72
TXN10671,2024-07-30,P002,R06,SR012,C085,98,55.4,5429.2
TXN10672,2024-07-26,P001,R04,SR028,C102,120,41.75,5010.0
TXN10673,2025-09-08,P007,R05,SR011,C038,53,44.54,2360.62
TXN10674,2024-01-26,P006,R01,SR007,C012,55,28.71,1579.05
TXN10675,2025-03-28,P002,R01,SR013,C119,49,52.42,2568.58
TXN10676,2024-07-30,P002,R02,SR014,C033,113,50.54,5711.02
TXN10677,2025-09-08,P004,R02,SR008,C078,107,47.89,5124.23
TXN10678,2024-05-13,P004,R03,SR009,C054,49,47.46,2325.54
TXN10679,2025-06-25,P002,R06,SR012,C062,57,54.58,3111.06
TXN10680,2025-12-20,P007,R01,SR025,C027,36,42.07,1514.52
TXN10681,2024-01-20,P002,R05,SR017,C112,76,55.99,4255.24
TXN10682,2024-10-30,P003,R02,SR026,C069,33,33.94,1120.02
TXN10683,2025-03-06,P003,R01,SR019,C013,162,33.38,5407.56
TXN10684,2024-11-21,P002,R01,SR013,C022,102,54.7,5579.4
TXN10685,2025-10-14,P003,R06,SR018,C116,40,35.03,1401.2
TXN10686,2025-08-26,P007,R06,SR006,C120,77,43.31,3334.87
TXN10687,2024-08-23,P002,R03,SR015,C082,54,55.09,2974.86
TXN10688,2025-03-10,P008,R02,SR026,C071,56,31.91,1786.96
TXN10689,2024-02-19,P003,R05,SR023,C112,82,35.87,2941.34
TXN10690,2024-07-22,P001,R05,SR023,C115,232,40.12,9307.84
TXN10691,2024-11-06,P004,R03,SR003,C053,85,44.81,3808.85
TXN10692,2025-07-29,P003,R04,SR010,C065,48,34.85,1672.8
TXN10693,2025-11-20,P003,R06,SR030,C001,29,34.21,992.09
TXN10694,2024-09-25,P001,R03,SR003,C109,85,38.88,3304.8
TXN10695,2025-12-08,P005,R02,SR002,C069,46,65.3,3003.8
TXN10696,2024-05-29,P006,R03,SR009,C030,52,29.23,1519.96
TXN10697,2024-04-24,P006,R06,SR030,C015,130,29.12,3785.6
TXN10698,2024-06-22,P004,R01,SR007,C027,40,52.06,2082.4
TXN10699,2024-02-29,P006,R05,SR029,C117,59,29.81,1758.79
TXN10700,2024-11-21,P005,R01,SR013,C031,84,69.41,5830.44
TXN10701,2025-04-20,P003,R02,SR020,C058,120,35.24,4228.8
TXN10702,2024-09-20,P007,R01,SR001,C057,49,43.01,2107.49
TXN10703,2024-05-13,P002,R01,SR013,C057,90,52.86,4757.4
TXN10704,2024-09-29,P006,R04,SR016,C039,70,29.69,2078.3
TXN10705,2024-12-29,P001,R06,SR006,C106,59,39.35,2321.65
TXN10706,2024-02-24,P004,R02,SR008,C033,117,49.02,5735.34
TXN10707,2025-05-24,P006,R05,SR029,C083,28,28.91,809.48
TXN10708,2024-04-18,P001,R06,SR030,C051,71,37.09,2633.39
TXN10709,2025-05-13,P002,R01,SR025,C067,173,51.3,8874.9
TXN10710,2025-01-28,P003,R04,SR022,C103,72,34.34,2472.48
TXN10711,2024-02-03,P003,R02,SR008,C101,93,34.47,3205.71
TXN10712,2024-12-06,P003,R02,SR002,C078,138,36.2,4995.6
TXN10713,2024-08-27,P006,R02,SR008,C033,102,29.45,3003.9
TXN10714,2025-10-18,P001,R01,SR007,C057,77,40.84,3144.68
TXN10715,2024-09-18,P001,R02,SR014,C071,67,42.28,2832.76
TXN10716,2025-12-03,P006,R05,SR011,C068,45,27.98,1259.1
TXN10717,2025-10-21,P004,R01,SR001,C060,63,48.42,3050.46
TXN10718,2025-10-22,P003,R03,SR027,C052,40,35.15,1406.0
TXN10719,2024-12-01,P006,R06,SR006,C077,78,29.13,2272.14
TXN10720,2025-09-28,P005,R04,SR028,C040,72,67.81,4882.32
TXN10721,2024-02-07,P005,R04,SR028,C046,27,64.93,1753.11
TXN10722,2024-05-25,P004,R01,SR013,C067,148,47.71,7061.08
TXN10723,2025-07-31,P005,R05,SR005,C093,56,68.52,3837.12
TXN10724,2024-07-24,P004,R01,SR001,C022,90,50.67,4560.3
TXN10725,2024-07-02,P005,R01,SR019,C119,36,68.36,2460.96
TXN10726,2025-03-27,P008,R01,SR001,C067,89,31.62,2814.18
TXN10727,2024-09-24,P004,R03,SR021,C003,79,48.98,3869.42
TXN10728,2024-06-15,P006,R01,SR013,C067,122,30.28,3694.16
TXN10729,2024-09-21,P006,R01,SR019,C111,134,28.01,3753.34
TXN10730,2025-12-04,P006,R05,SR029,C073,57,28.85,1644.45
TXN10731,2024-06-05,P001,R01,SR013,C067,173,38.74,6702.02
TXN10732,2024-12-01,P007,R01,SR013,C094,63,40.38,2543.94
TXN10733,2024-05-10,P006,R04,SR010,C102,97,29.34,2845.98
TXN10734,2025-08-06,P001,R01,SR019,C057,91,41.68,3792.88
TXN10735,2024-07-16,P001,R06,SR018,C062,43,38.34,1648.62
TXN10736,2025-01-08,P005,R04,SR004,C095,54,66.19,3574.26
TXN10737,2025-01-10,P003,R04,SR022,C010,129,34.19,4410.51
TXN10738,2024-10-16,P002,R01,SR025,C088,69,56.32,3886.08
TXN10739,2024-02-20,P006,R04,SR016,C046,32,30.85,987.2
TXN10740,2024-01-08,P001,R03,SR021,C054,86,40.38,3472.68
TXN10741,2025-11-01,P002,R04,SR004,C040,84,55.69,4677.96
TXN10742,2024-07-20,P008,R03,SR009,C019,44,32.94,1449.36
TXN10743,2024-03-18,P007,R04,SR010,C039,87,41.94,3648.78
TXN10744,2024-12-09,P006,R02,SR014,C058,67,28.68,1921.56
TXN10745,2025-11-27,P003,R02,SR002,C042,138,32.48,4482.24
TXN10746,2025-02-24,P005,R06,SR012,C086,101,67.4,6807.4
TXN10747,2025-08-26,P002,R06,SR024,C089,40,52.95,2118.0
TXN10748,2024-12-22,P007,R06,SR012,C059,145,43.23,6268.35
TXN10749,2025-01-20,P008,R02,SR020,C097,30,30.74,922.2
TXN10750,2024-12-05,P007,R05,SR017,C063,61,41.48,2530.28
TXN10751,2025-08-20,P007,R03,SR021,C072,53,45.22,2396.66
TXN10752,2025-09-26,P002,R04,SR028,C004,56,53.81,3013.36
TXN10753,2024-01-08,P001,R06,SR006,C016,139,42.41,5894.99
TXN10754,2025-05-01,P004,R01,SR001,C119,38,48.7,1850.6
TXN10755,2024-03-12,P003,R05,SR017,C081,119,34.16,4065.04
TXN10756,2025-04-05,P008,R01,SR007,C064,55,30.63,1684.65
TXN10757,2025-11-22,P006,R02,SR020,C007,135,29.27,3951.45
TXN10758,2024-04-19,P008,R06,SR018,C021,31,32.27,1000.37
TXN10759,2024-11-30,P008,R04,SR028,C004,23,32.09,738.07
TXN10760,2025-01-07,P002,R02,SR002,C007,200,56.03,11206.0
TXN10761,2024-08-20,P002,R04,SR004,C023,141,56.59,7979.19
TXN10762,2024-05-01,P002,R05,SR017,C093,76,55.87,4246.12
TXN10763,2024-03-16,P004,R05,SR029,C084,107,49.33,5278.31
TXN10764,2025-02-23,P003,R02,SR014,C042,103,32.97,3395.91
TXN10765,2025-11-24,P002,R01,SR013,C088,63,54.76,3449.88
TXN10766,2024-01-01,P008,R04,SR028,C048,51,33.11,1688.61
TXN10767,2025-12-30,P001,R06,SR030,C085,98,40.13,3932.74
TXN10768,2024-07-19,P001,R06,SR006,C015,185,41.02,7588.7
TXN10769,2024-05-02,P005,R02,SR020,C049,103,69.61,7169.83
TXN10770,2025-02-13,P006,R06,SR024,C035,104,27.77,2888.08
TXN10771,2024-09-11,P003,R04,SR016,C095,51,33.32,1699.32
TXN10772,2025-03-15,P002,R06,SR018,C106,43,56.12,2413.16
TXN10773,2025-02-09,P005,R01,SR001,C043,40,64.9,2596.0
TXN10774,2025-04-14,P001,R04,SR022,C029,48,37.73,1811.04
TXN10775,2025-01-14,P008,R02,SR008,C069,33,32.01,1056.33
TXN10776,2025-08-27,P001,R06,SR024,C098,112,39.63,4438.56
TXN10777,2025-09-19,P003,R05,SR023,C038,47,34.23,1608.81
TXN10778,2024-12-21,P004,R01,SR013,C119,24,46.56,1117.44
TXN10779,2025-04-07,P006,R03,SR027,C006,73,28.81,2103.13
TXN10780,2025-09-23,P002,R01,SR013,C012,68,54.25,3689.0
TXN10781,2024-04-18,P008,R02,SR026,C092,28,33.49,937.72
TXN10782,2025-02-03,P003,R01,SR019,C111,146,34.82,5083.72
TXN10783,2024-10-05,P003,R02,SR002,C058,81,31.49,2550.69
TXN10784,2024-08-01,P002,R05,SR023,C117,100,54.45,5445.0
TXN10785,2024-04-30,P005,R01,SR025,C067,103,66.29,6827.87
TXN10786,2025-07-27,P001,R01,SR019,C111,189,40.49,7652.61
TXN10787,2024-08-24,P002,R03,SR003,C030,68,52.98,3602.64
TXN10788,2025-11-04,P008,R03,SR003,C072,30,32.43,972.9
TXN10789,2024-02-24,P001,R05,SR023,C107,137,40.62,5564.94
TXN10790,2024-12-25,P005,R01,SR019,C067,117,66.84,7820.28
TXN10791,2025-02-23,P008,R02,SR020,C069,43,33.59,1444.37
TXN10792,2025-02-11,P006,R04,SR022,C100,68,31.3,2128.4
TXN10793,2024-08-01,P004,R03,SR015,C041,39,50.78,1980.42
TXN10794,2025-08-16,P005,R03,SR009,C030,51,69.23,3530.73
TXN10795,2024-12-24,P002,R06,SR024,C110,63,55.61,3503.43
TXN10796,2025-06-14,P002,R05,SR005,C063,86,55.35,4760.1
TXN10797,2024-03-14,P006,R01,SR019,C088,82,28.34,2323.88
TXN10798,2024-01-20,P003,R01,SR019,C012,76,34.34,2609.84
TXN10799,2025-05-05,P003,R05,SR023,C020,103,32.97,3395.91
TXN10800,2024-09-09,P003,R01,SR007,C043,25,34.67,866.75
TXN10801,2024-09-29,P004,R01,SR025,C017,45,50.61,2277.45
TXN10802,2025-09-19,P002,R02,SR026,C071,78,54.31,4236.18
TXN10803,2024-05-22,P005,R02,SR002,C075,143,72.06,10304.58
TXN10804,2024-03-15,P002,R01,SR001,C111,143,54.89,7849.27
TXN10805,2024-11-12,P002,R02,SR026,C026,80,55.76,4460.8
TXN10806,2024-07-31,P001,R02,SR002,C069,82,39.21,3215.22
TXN10807,2025-04-12,P002,R01,SR019,C060,120,51.7,6204.0
TXN10808,2025-02-18,P006,R04,SR028,C102,85,28.26,2402.1
TXN10809,2025-09-26,P006,R06,SR018,C074,38,28.67,1089.46
TXN10810,2025-12-19,P006,R01,SR013,C017,34,30.3,1030.2
TXN10811,2024-05-31,P001,R05,SR005,C112,93,40.0,3720.0
TXN10812,2025-09-10,P001,R01,SR007,C017,51,38.44,1960.44
TXN10813,2024-05-12,P002,R04,SR016,C103,113,54.18,6122.34
TXN10814,2025-05-30,P006,R05,SR005,C107,93,29.35,2729.55
TXN10815,2024-06-11,P002,R02,SR008,C092,34,55.87,1899.58
TXN10816,2025-06-12,P001,R02,SR014,C090,65,39.5,2567.5
TXN10817,2024-08-30,P002,R01,SR007,C017,49,54.94,2692.06
TXN10818,2025-09-21,P007,R01,SR025,C031,74,42.13,3117.62
TXN10819,2025-04-18,P001,R04,SR010,C080,174,36.51,6352.74
TXN10820,2025-02-27,P003,R02,SR014,C097,29,35.93,1041.97
TXN10821,2024-05-26,P004,R02,SR002,C007,154,,7656.88
TXN10822,2024-01-02,P002,R01,SR013,C094,71,57.31,4069.01
TXN10823,2025-08-21,P007,R01,SR001,C017,29,43.97,1275.13
TXN10824,2024-09-03,P003,R02,SR020,C101,93,33.16,3083.88
TXN10825,2025-02-15,P001,R04,SR004,C023,152,38.39,5835.28
TXN10826,2024-11-06,P005,R03,SR003,C019,60,64.05,3843.0
TXN10827,2024-07-24,P007,R02,SR020,C036,39,41.17,1605.63
TXN10828,2025-10-29,P001,R06,SR012,C077,98,39.32,3853.36
TXN10829,2024-01-23,P005,R02,SR020,C075,119,65.45,7788.55
TXN10830,2024-01-23,P001,R05,SR017,C028,139,39.16,5443.24
TXN10831,2024-10-18,P002,R05,SR017,C068,51,56.56,2884.56
TXN10832,2025-12-06,P002,R01,SR019,C013,146,56.42,8237.32
TXN10833,2024-11-06,P006,R01,SR007,C013,109,29.51,3216.59
TXN10834,2025-01-16,P006,R03,SR021,C072,38,27.31,1037.78
TXN10835,2025-09-26,P008,R04,SR004,C005,40,32.1,1284.0
TXN10836,2024-05-04,P006,R02,SR020,C026,57,29.01,1653.57
TXN10837,2024-07-13,P004,R05,SR005,C038,43,48.32,2077.76
TXN10838,2025-10-01,P003,R01,SR007,C043,35,36.36,1272.6
TXN10839,2025-06-13,P008,R02,SR014,C101,70,31.65,2215.5
TXN10840,2025-12-20,P001,R03,SR003,C053,107,40.01,4281.07
TXN10841,2024-12-06,P004,R03,SR009,C037,76,50.71,3853.96
TXN10842,2025-03-03,P004,R01,SR025,C012,73,47.69,3481.37
TXN10843,2025-05-19,P008,R06,SR024,C050,27,31.41,848.07
TXN10844,2025-12-08,P003,R01,SR013,C043,37,34.39,1272.43
TXN10845,2024-02-02,P002,R01,SR025,C031,99,56.68,5611.32
TXN10846,2025-01-09,P007,R04,SR028,C004,42,42.23,1773.66
TXN10847,2024-11-09,P001,R03,SR003,C024,71,40.25,2857.75
TXN10848,2024-09-27,P002,R06,SR024,C045,74,51.34,3799.16
TXN10849,2024-07-18,P005,R01,SR001,C064,74,65.47,4844.78
TXN10850,2025-06-28,P001,R01,SR007,C043,47,38.99,1832.53
TXN10851,2024-09-21,P008,R02,SR020,C042,68,33.35,2267.8
TXN10852,2024-10-28,P001,R03,SR027,C053,88,39.12,3442.56
TXN10853,2025-12-07,P006,R04,SR016,C102,78,30.06,2344.68
TXN10854,2025-01-21,P005,R03,SR027,C109,43,64.61,2778.23
TXN10855,2024-08-22,P003,R06,SR018,C076,57,34.69,1977.33
TXN10856,2025-05-12,P001,R05,SR017,C093,87,40.12,3490.44
TXN10857,2024-12-03,P002,R04,SR016,C010,166,54.01,8965.66
TXN10858,2024-05-23,P002,R01,SR019,C111,181,58.1,10516.1
TXN10859,2024-09-18,P003,R06,SR006,C045,95,31.98,3038.1
TXN10860,2024-07-30,P005,R04,SR022,C065,46,70.48,3242.08
TXN10861,2025-02-14,P003,R01,SR025,C088,51,33.68,1717.68
TXN10862,2024-02-23,P002,R02,SR002,C108,106,56.12,5948.72
TXN10863,2025-03-22,P002,R02,SR026,C108,93,57.3,5328.9
TXN10864,2024-01-15,P003,R04,SR022,C080,142,33.98,4825.16
TXN10865,2024-01-12,P004,R05,SR023,C020,102,49.91,5090.82
TXN10866,2024-04-20,P007,R02,SR026,C007,120,40.92,4910.4
TXN10867,2025-07-23,P001,R01,SR007,C017,42,39.58,1662.36
TXN10868,2024-07-04,P004,R01,SR013,C031,85,51.02,4336.7
TXN10869,2024-07-17,P001,R01,SR001,C013,176,39.4,6934.4
TXN10870,2024-12-14,P002,R02,SR020,C069,60,51.16,3069.6
TXN10871,2025-05-31,P007,R01,SR025,C064,98,43.38,4251.24
TXN10872,2025-09-19,P008,R03,SR021,C024,34,31.27,1063.18
TXN10873,2025-07-29,P006,R05,SR023,C084,143,29.54,4224.22
TXN10874,2024-01-10,P002,R02,SR026,C007,163,53.99,8800.37
TXN10875,2025-04-15,P002,R01,SR007,C043,33,55.4,1828.2
TXN10876,2025-10-06,P004,R02,SR020,C101,98,47.93,4697.14
TXN10877,2025-04-30,P003,R01,SR025,C111,133,33.94,4514.02
TXN10878,2025-09-29,P002,R02,SR002,C078,191,55.83,10663.53
TXN10879,2025-10-25,P001,R01,SR019,C119,47,41.45,1948.15
TXN10880,2024-01-23,P006,R01,SR013,C017,43,30.99,1332.57
TXN10881,2025-03-27,P003,R01,SR007,C013,104,33.52,3486.08
TXN10882,2025-04-10,P001,R02,SR008,C090,71,38.24,2715.04
TXN10883,2024-02-15,P007,R01,SR013,C111,150,43.9,6585.0
TXN10884,2024-01-16,P004,R05,SR011,C020,110,48.98,5387.8
TXN10885,2024-09-27,P005,R04,SR028,C004,33,72.49,2392.17
TXN10886,2025-04-01,P001,R02,SR020,C033,242,41.29,9992.18
TXN10887,2025-08-18,P006,R05,SR005,C028,69,29.66,2046.54
TXN10888,2024-09-19,P002,R02,SR002,C092,61,54.09,3299.49
TXN10889,2024-04-15,P004,R06,SR030,C099,50,50.72,2536.0
TXN10890,2025-05-22,P002,R02,SR026,C090,56,52.87,2960.72
TXN10891,2025-10-22,P005,R02,SR014,C092,25,66.15,1653.75
TXN10892,2024-07-05,P003,R04,SR016,C004,44,33.83,1488.52
TXN10893,2024-12-19,P002,R05,SR023,C114,60,54.17,3250.2
TXN10894,2025-07-08,P004,R06,SR006,C076,58,48.04,2786.32
TXN10895,2024-10-17,P001,R04,SR004,C010,157,39.65,6225.05
TXN10896,2024-05-10,P007,R03,SR021,C011,67,43.37,2905.79
TXN10897,2024-12-21,P003,R03,SR027,C109,52,34.46,1791.92
TXN10898,2025-11-22,P001,R03,SR027,C014,124,41.93,5199.32
TXN10899,2024-02-19,P008,R06,SR006,C076,52,33.54,1744.08
TXN10900,2024-07-28,P002,R02,SR020,C058,97,54.0,5238.0
TXN10901,2025-10-27,P006,R01,SR007,C119,20,29.26,585.2
TXN10902,2025-04-12,P001,R04,SR022,C039,150,40.53,6079.5
TXN10903,2025-10-02,P007,R03,SR021,C054,60,44.0,2640.0
TXN10904,2024-08-10,P005,R04,SR010,C039,71,67.37,4783.27
TXN10905,2025-01-07,P008,R02,SR002,C108,67,31.23,2092.41
TXN10906,2025-03-10,P007,R06,SR006,C061,107,42.81,4580.67
TXN10907,2025-12-01,P008,R06,SR024,C085,55,31.25,1718.75
TXN10908,2024-04-09,P001,R01,SR001,C012,85,39.46,3354.1
TXN10909,2024-10-24,P005,R02,SR014,C049,76,68.82,5230.32
TXN10910,2024-06-19,P004,R01,SR013,C088,49,50.78,2488.22
TXN10911,2024-12-15,P002,R04,SR010,C080,140,54.17,7583.8
TXN10912,2024-05-17,P008,R01,SR013,C057,55,31.85,1751.75
TXN10913,2024-04-08,P003,R01,SR001,C012,75,34.1,2557.5
TXN10914,2025-12-02,P002,R01,SR025,C088,73,56.07,4093.11
TXN10915,2025-01-21,P006,R03,SR009,C014,73,27.97,2041.81
TXN10916,2025-08-12,P001,R02,SR008,C033,164,39.93,6548.52
TXN10917,2025-10-22,P003,R05,SR017,C028,94,34.03,3198.82
TXN10918,2025-12-27,P007,R01,SR007,C012,48,42.71,2050.08
TXN10919,2025-05-15,P002,R01,SR001,C067,159,54.3,8633.7
TXN10920,2025-11-17,P004,R04,SR022,C103,73,48.29,3525.17
TXN10921,2024-12-31,P006,R05,SR029,C038,44,28.56,1256.64
TXN10922,2025-09-13,P005,R06,SR006,C021,63,67.25,4236.75
TXN10923,2025-06-12,P003,R01,SR001,C013,124,35.73,4430.52
TXN10924,2025-12-15,P002,R03,SR003,C014,113,56.43,6376.59
TXN10925,2024-08-22,P001,R02,SR008,C105,51,41.02,2092.02
TXN10926,2025-05-21,P008,R02,SR020,C069,45,32.27,1452.15
TXN10927,2024-12-12,P004,R01,SR013,C017,36,47.94,1725.84
TXN10928,2024-04-13,P005,R06,SR018,C002,67,70.68,4735.56
TXN10929,2025-07-19,P001,R05,SR005,C107,133,36.84,4899.72
TXN10930,2025-07-04,P004,R02,SR002,C007,163,49.01,7988.63
TXN10931,2024-06-24,P005,R04,SR004,C023,124,68.1,8444.4
TXN10932,2025-01-08,P004,R05,SR011,C063,83,48.46,4022.18
TXN10933,2025-11-06,P007,R01,SR007,C031,69,41.38,2855.22
TXN10934,2025-08-06,P007,R03,SR021,C109,52,42.94,2232.88
TXN10935,2025-09-29,P003,R03,SR015,C003,59,35.16,2074.44
TXN10936,2024-12-11,P006,R01,SR025,C017,47,28.57,1342.79
TXN10937,2024-05-06,P006,R01,SR013,C060,107,28.14,3010.98
TXN10938,2024-12-05,P004,R02,SR020,C026,71,47.61,3380.31
TXN10939,2024-07-27,P004,R02,SR014,C034,62,52.07,3228.34
TXN10940,2025-04-26,P001,R06,SR012,C099,78,42.45,3311.1
TXN10941,2025-05-02,P004,R05,SR005,C073,56,45.54,2550.24
TXN10942,2024-12-27,P001,R05,SR017,C038,58,41.42,2402.36
TXN10943,2024-01-15,P007,R06,SR024,C085,80,45.32,3625.6
TXN10944,2024-12-19,P005,R06,SR018,C002,64,67.24,4303.36
TXN10945,2024-05-19,P001,R05,SR029,C073,62,41.77,2589.74
TXN10946,2024-10-06,P006,R06,SR012,C098,79,29.55,2334.45
TXN10947,2024-10-23,P003,R02,SR002,C069,46,33.2,1527.2
TXN10948,2025-10-31,P002,R02,SR014,C092,37,53.21,1968.77
TXN10949,2025-05-01,P007,R06,SR030,C079,106,41.6,4409.6
TXN10950,2024-02-09,P003,R03,SR009,C011,45,32.41,1458.45
TXN10951,2024-01-05,P001,R03,SR015,C025,28,39.99,1119.72
TXN10952,2025-01-18,P006,R06,SR030,C085,97,29.92,2902.24
TXN10953,2025-04-13,P002,R02,SR026,C034,102,51.55,5258.1
TXN10954,2024-07-04,P008,R03,SR009,C037,54,32.38,1748.52
TXN10955,2025-11-21,P001,R02,SR002,C092,76,39.82,3026.32
TXN10956,2024-01-24,P003,R03,SR021,C025,36,32.12,1156.32
TXN10957,2025-09-09,P006,R01,SR007,C055,45,28.72,1292.4
TXN10958,2025-03-02,P002,R04,SR022,C048,90,54.63,4916.7
TXN10959,2025-07-03,P006,R04,SR022,C040,72,29.08,2093.76
TXN10960,2025-11-13,P001,R01,SR001,C119,46,39.94,1837.24
TXN10961,2024-03-07,P006,R05,SR017,C081,115,27.98,3217.7
TXN10962,2025-11-28,P003,R01,SR019,C111,121,32.67,3953.07
TXN10963,2025-11-26,P002,R01,SR025,C012,66,55.59,3668.94
TXN10964,2025-06-05,P006,R06,SR030,C066,88,28.77,2531.76
TXN10965,2024-11-05,P004,R01,SR013,C064,106,50.28,5329.68
TXN10966,2024-05-23,P006,R01,SR001,C067,121,29.8,3605.8
TXN10967,2025-02-21,P006,R03,SR027,C011,73,27.85,2033.05
TXN10968,2024-04-12,P007,R02,SR014,C049,88,42.74,3761.12
TXN10969,2024-11-15,P004,R01,SR025,C027,40,47.5,1900.0
TXN10970,2024-07-23,P002,R01,SR019,C022,136,54.83,7456.88
TXN10971,2025-03-15,P001,R01,SR019,C022,181,39.36,7124.16
TXN10972,2024-02-24,P005,R01,SR001,C094,76,69.43,5276.68
TXN10973,2025-03-22,P003,R01,SR019,C027,60,32.78,1966.8
TXN10974,2024-06-02,P001,R01,SR019,C088,113,41.33,4670.29
TXN10975,2024-08-20,P002,R02,SR026,C069,40,53.54,2141.6
TXN10976,2024-08-09,P002,R05,SR011,C117,66,56.99,3761.34
TXN10977,2024-08-09,P005,R05,SR023,C114,40,66.62,2664.8
TXN10978,2024-02-04,P001,R06,SR018,C079,108,42.88,4631.04
TXN10979,2024-07-21,P004,R03,SR027,C025,40,50.36,2014.4
TXN10980,2024-11-22,P001,R01,SR019,C012,86,41.02,3527.72
TXN10981,2025-02-22,P002,R04,SR016,C091,110,54.69,6015.9
TXN10982,2025-03-21,P005,R01,SR019,C055,63,69.65,4387.95
TXN10983,2024-04-19,P006,R01,SR013,C111,139,29.23,4062.97
TXN10984,2025-04-16,P005,R03,SR009,C082,37,69.21,2560.77
TXN10985,2025-09-18,P007,R02,SR008,C071,49,44.3,2170.7
TXN10986,2025-04-01,P004,R03,SR027,C003,118,49.57,5849.26
TXN10987,2025-05-27,P007,R06,SR024,C113,53,47.06,2494.18
TXN10988,2024-08-20,P002,R04,SR016,C029,38,53.74,2042.12
TXN10989,2025-11-05,P006,R01,SR007,C060,79,29.73,2348.67
TXN10990,2025-06-29,P008,R01,SR001,C055,49,30.47,1493.03
TXN10991,2024-09-16,P001,R04,SR004,C080,138,39.11,5397.18
TXN10992,2025-03-23,P006,R01,SR001,C094,52,28.8,1497.6
TXN10993,2024-01-15,P003,R05,SR011,C081,147,32.85,4828.95
TXN10994,2025-01-09,P002,R01,SR001,C119,33,53.39,1761.87
TXN10995,2024-06-25,P008,R01,SR007,C067,85,31.2,2652.0
TXN10996,2024-08-30,P006,R01,SR025,C119,33,29.75,981.75
TXN10997,2025-03-23,P006,R01,SR013,C012,62,30.29,1877.98
TXN10998,2024-05-21,P006,R01,SR013,C111,144,28.96,4170.24
TXN10999,2024-05-31,P004,R06,SR006,C077,84,46.34,3892.56
TXN11000,2024-10-11,P002,R02,SR026,C049,107,56.52,6047.64
TXN11001,2025-02-08,P004,R01,SR025,C088,51,46.47,2369.97
TXN11002,2024-10-27,P008,R01,SR013,C043,33,30.83,1017.39
TXN11003,2025-02-19,P008,R04,SR010,C100,33,31.91,1053.03
TXN11004,2025-10-09,P005,R02,SR002,C042,100,72.98,7298.0
TXN11005,2025-01-08,P008,R01,SR001,C027,33,32.05,1057.65
TXN11006,2024-05-22,P003,R05,SR023,C107,136,33.95,4617.2
TXN11007,2024-05-13,P001,R03,SR003,C025,51,40.12,2046.12
TXN11008,2025-11-20,P003,R01,SR001,C027,27,33.62,907.74
TXN11009,2024-12-15,P006,R01,SR019,C067,141,29.41,4146.81
TXN11010,2025-10-08,P002,R01,SR019,C031,97,55.21,5355.37
TXN11011,2024-05-19,P002,R05,SR017,C093,76,57.36,4359.36
TXN11012,2024-12-07,P002,R03,SR003,C011,97,55.87,5419.39
TXN11013,2024-02-29,P008,R06,SR012,C061,66,32.37,2136.42
TXN11014,2025-08-17,P005,R05,SR023,C032,111,69.87,7755.57
TXN11015,2024-08-09,P002,R03,SR009,C072,32,54.48,1743.36
TXN11016,2024-11-15,P005,R01,SR019,C111,123,71.52,8796.96
TXN11017,2024-03-13,P004,R04,SR004,C046,35,48.41,1694.35
TXN11018,2025-04-14,P007,R02,SR014,C042,103,43.42,4472.26
TXN11019,2025-01-29,P007,R01,SR007,C088,43,42.12,1811.16
TXN11020,2025-09-29,P001,R03,SR003,C053,104,40.19,4179.76
TXN11021,2024-09-01,P006,R05,SR011,C056,46,28.62,1316.52
TXN11022,2024-01-15,P003,R05,SR029,C084,128,31.05,3974.4
TXN11023,2025-04-29,P007,R06,SR018,C051,35,44.78,1567.3
TXN11024,2024-02-02,P002,R99,SR015,C014,87,58.8,5115.6
TXN11025,2024-07-31,P002,R01,SR007,C088,52,53.69,2791.88
TXN11026,2025-01-04,P006,R03,SR015,C003,47,30.67,1441.49
TXN11027,2024-08-25,P002,R04,SR010,C103,85,54.58,4639.3
TXN11028,2025-03-28,P004,R03,SR015,C109,32,50.44,1614.08
TXN11029,2025-11-18,P005,R02,SR002,C069,67,67.72,4537.24
TXN11030,2024-05-06,P003,R01,SR013,C043,56,34.02,1905.12
TXN11031,2025-07-21,P007,R01,SR001,C013,118,42.77,5046.86
TXN11032,2025-09-21,P005,R02,SR014,C036,45,71.77,3229.65
TXN11033,2024-08-16,P007,R05,SR011,C068,51,41.06,2094.06
TXN11034,2025-10-18,P003,R03,SR009,C014,83,34.48,2861.84
TXN11035,2025-03-18,P006,R03,SR027,C024,51,27.86,1420.86
TXN11036,2024-10-14,P006,R06,SR006,C015,133,28.54,3795.82
TXN11037,2024-08-25,P007,R01,SR007,C064,67,44.7,2994.9
TXN11038,2025-11-28,P001,R01,SR025,C057,93,40.1,3729.3
TXN11039,2025-07-16,P005,R05,SR011,C028,87,64.9,5646.3
TXN11040,2025-02-27,P001,R06,SR012,C098,142,40.51,5752.42
TXN11041,2024-03-02,P001,R05,SR017,C115,168,39.27,6597.36
TXN11042,2024-12-13,P008,R02,SR014,C105,19,31.55,599.45
TXN11043,2024-03-17,P002,R05,SR017,C115,181,56.22,10175.82
TXN11044,2024-06-12,P006,R02,SR002,C069,47,28.56,1342.32
TXN11045,2024-05-28,P008,R01,SR007,C067,79,32.4,2559.6
TXN11046,2025-08-31,P008,R05,SR023,C114,38,32.3,1227.4
TXN11047,2024-12-11,P001,R05,SR005,C107,141,40.17,5663.97
TXN11048,2025-12-30,P005,R02,SR002,C049,106,67.29,7132.74
TXN11049,2025-05-15,P001,R05,SR017,C032,139,38.5,5351.5
TXN11050,2025-09-22,P006,R01,SR007,C067,92,27.66,2544.72
TXN11051,2024-07-28,P001,R05,SR017,C081,152,39.56,6013.12
TXN11052,2024-08-06,P002,R04,SR016,C065,58,56.44,3273.52
TXN11053,2024-11-19,P004,R03,SR021,C054,55,49.7,2733.5
TXN11054,2024-01-07,P002,R03,SR003,C030,92,55.3,5087.6
TXN11055,2024-04-25,P001,R06,SR012,C118,64,40.06,2563.84
TXN11056,2025-08-08,P002,R01,SR013,C055,72,55.46,3993.12
TXN11057,2025-04-06,P004,R06,SR006,C021,68,49.07,3336.76
TXN11058,2024-05-11,P004,R01,SR007,C057,56,49.55,2774.8
TXN11059,2024-05-29,P001,R03,SR027,C072,62,44.47,2757.14
TXN11060,2024-06-27,P002,R06,SR030,C116,63,56.33,3548.79
TXN11061,2024-09-11,P006,R04,SR016,C004,39,27.05,1054.95
TXN11062,2024-07-08,P006,R06,SR012,C050,33,28.63,944.79
TXN11063,2024-01-04,P007,R05,SR023,C038,45,41.88,1884.6
TXN11064,2024-10-23,P003,R03,SR009,C003,59,32.13,1895.67
TXN11065,2024-05-27,P003,R05,SR011,C020,119,32.21,3832.99
TXN11066,2025-02-07,P001,R04,SR022,C023,194,38.15,7401.1
TXN11067,2025-07-13,P002,R01,SR019,C094,89,53.91,4797.99
TXN11068,2024-10-22,P006,R05,SR011,C008,29,31.65,917.85
TXN11069,2024-09-01,P005,R01,SR025,C043,45,73.38,3302.1
TXN11070,2024-08-10,P001,R02,SR014,C049,90,40.7,3663.0
TXN11071,2025-08-27,P004,R04,SR022,C095,62,49.77,3085.74
TXN11072,2024-01-03,P005,R05,SR011,C115,148,63.96,9466.08
TXN11073,2025-11-03,P001,R01,SR025,C022,121,39.87,4824.27
TXN11074,2025-04-13,P001,R01,SR013,C064,147,39.97,5875.59
TXN11075,2024-08-17,P003,R05,SR029,C073,51,33.57,1712.07
TXN11076,2024-09-17,P007,R01,SR019,C055,53,43.54,2307.62
TXN11077,2024-01-28,P006,R06,SR024,C021,58,29.79,1727.82
TXN11078,2024-05-11,P008,R01,SR007,C012,48,30.17,1448.16
TXN11079,2024-08-21,P008,R02,SR008,C101,56,32.8,1836.8
TXN11080,2025-10-16,P002,R05,SR023,C008,59,50.4,2973.6
TXN11081,2024-06-20,P002,R03,SR009,C041,51,54.16,2762.16
TXN11082,2024-06-05,P002,R01,SR001,C064,105,56.47,5929.35
TXN11083,2025-07-03,P005,R05,SR005,C084,109,69.57,7583.13
TXN11084,2024-05-06,P004,R01,SR001,C060,93,51.68,4806.24
TXN11085,2025-12-18,P005,R03,SR003,C109,44,66.72,2935.68
TXN11086,2025-08-24,P004,R01,SR007,C057,47,51.36,2413.92
TXN11087,2025-07-24,P006,R01,SR025,C094,37,30.15,1115.55
TXN11088,2025-03-12,P001,R04,SR016,C005,92,39.14,3600.88
TXN11089,2025-07-02,P007,R02,SR002,C090,56,41.99,2351.44
TXN11090,2024-06-19,P006,R04,SR028,C010,132,29.34,3872.88
TXN11091,2024-07-18,P003,R04,SR022,C065,43,31.86,1369.98
TXN11092,2025-02-03,P006,R02,SR008,C078,115,31.24,3592.6
TXN11093,2024-10-09,P004,R02,SR008,C049,71,48.56,3447.76
TXN11094,2024-08-26,P005,R05,SR011,C083,55,68.76,3781.8
TXN11095,2024-07-09,P006,R02,SR008,C007,100,28.29,2829.0
TXN11096,2025-12-20,P004,R05,SR017,C032,88,47.87,4212.56
TXN11097,2024-06-07,P005,R03,SR015,C014,72,71.71,5163.12
TXN11098,2024-06-10,P006,R01,SR013,C013,145,28.74,4167.3
TXN11099,2025-09-21,P007,R03,SR027,C019,60,41.76,2505.6
TXN11100,2024-07-04,P003,R02,SR020,C071,65,32.54,2115.1
TXN11101,2024-05-11,P002,R06,SR024,C076,69,50.02,3451.38
TXN11102,2025-10-06,P006,R02,SR014,C108,62,28.5,1767.0
TXN11103,2025-07-06,P006,R01,SR019,C111,122,28.42,3467.24
TXN11104,2024-08-23,P003,R03,SR009,C019,57,35.17,2004.69
TXN11105,2024-06-09,P004,R06,SR024,C061,87,49.48,4304.76
TXN11106,2025-02-23,P002,R02,SR008,C033,165,56.2,9273.0
TXN11107,2025-01-11,P001,R06,SR018,C098,104,39.47,4104.88
TXN11108,2024-05-25,P002,R01,SR013,C022,117,54.97,6431.49
TXN11109,2025-03-26,P004,R04,SR022,C103,90,50.7,4563.0
TXN11110,2025-06-06,P007,R01,SR001,C057,66,44.24,2919.84
TXN11111,2024-03-07,P007,R06,SR006,C061,121,42.3,5118.3
TXN11112,2024-08-27,P002,R02,SR002,C078,168,54.02,9075.36
TXN11113,2024-06-09,P003,R01,SR013,C043,54,36.07,1947.78
TXN11114,2025-07-26,P003,R01,SR007,C060,84,33.68,2829.12
TXN11115,2024-09-19,P006,R04,SR016,C065,45,29.1,1309.5
TXN11116,2024-07-06,P002,R05,SR011,C056,57,56.62,3227.34
TXN11117,2024-02-22,P007,R02,SR020,C071,53,40.39,2140.67
TXN11118,2024-10-09,P001,R02,SR002,C105,74,41.45,3067.3
TXN11119,2025-07-09,P008,R01,SR013,C094,48,31.41,1507.68
TXN11120,2025-02-16,P005,R01,SR025,C043,46,65.2,2999.2
TXN11121,2024-04-16,P004,R03,SR003,C006,61,50.56,3084.16
TXN11122,2025-04-19,P007,R03,SR021,C019,61,46.2,2818.2
TXN11123,2025-03-02,P002,R01,SR019,C060,130,60.13,7816.9
TXN11124,2025-08-13,P005,R04,SR016,C091,86,64.05,5508.3
TXN11125,2025-07-14,P002,R01,SR007,C094,83,55.66,4619.78
TXN11126,2024-09-21,P002,R02,SR020,C075,164,55.43,9090.52
TXN11127,2025-04-13,P002,R02,SR026,C034,92,53.72,4942.24
TXN11128,2024-07-02,P005,R01,SR025,C013,118,69.86,8243.48
TXN11129,2024-12-29,P007,R06,SR024,C099,34,44.59,1516.06
TXN11130,2025-12-15,P008,R02,SR008,C090,35,31.41,1099.35
TXN11131,2025-01-02,P003,R02,SR020,C026,88,33.87,2980.56
TXN11132,2024-07-22,P005,R03,SR015,C006,36,64.63,2326.68
TXN11133,2024-12-26,P002,R03,SR009,C014,110,57.63,6339.3
TXN11134,2025-02-19,P004,R02,SR008,C071,67,49.88,3341.96
TXN11135,2024-07-17,P002,R04,SR004,C039,104,53.77,5592.08
TXN11136,2025-01-19,P004,R02,SR026,C058,100,49.27,4927.0
TXN11137,2025-11-06,P002,R06,SR024,C001,44,58.14,2558.16
TXN11138,2024-08-28,P002,R04,SR010,C023,127,52.94,6723.38
TXN11139,2025-04-22,P006,R04,SR022,C029,31,28.45,881.95
TXN11140,2024-08-20,P001,R05,SR017,C093,74,41.25,3052.5
TXN11141,2025-12-15,P005,R01,SR025,C043,36,70.47,2536.92
TXN11142,2024-05-16,P006,R05,SR011,C117,75,28.92,2169.0
TXN11143,2025-11-09,P006,R05,SR023,C114,39,26.27,1024.53
TXN11144,2024-01-06,P002,R06,SR012,C002,85,56.5,4802.5
TXN11145,2025-09-08,P001,R01,SR001,C088,71,40.13,2849.23
TXN11146,2025-06-03,P007,R01,SR007,C022,85,44.51,3783.35
TXN11147,2025-04-08,P007,R03,SR003,C030,58,43.25,2508.5
TXN11148,2024-10-16,P001,R05,SR011,C056,66,37.28,2460.48
TXN11149,2024-07-08,P002,R01,SR013,C111,172,52.37,9007.64
TXN11150,2025-10-20,P005,R01,SR025,C027,40,62.57,2502.8
TXN11151,2025-03-26,P004,R01,SR019,C017,49,52.31,2563.19
TXN11152,2024-04-17,P007,R01,SR013,C067,135,40.8,5508.0
TXN11153,2024-07-03,P006,R03,SR009,C019,37,28.41,1051.17
TXN11154,2024-02-12,P005,R03,SR021,C030,75,67.42,5056.5
TXN11155,2024-03-30,P005,R05,SR005,C114,41,68.52,2809.32
TXN11156,2024-09-04,P005,R04,SR022,C065,33,69.4,2290.2
TXN11157,2024-04-14,P001,R01,SR013,C119,50,41.7,2085.0
TXN11158,2025-06-06,P008,R03,SR027,C072,31,33.64,1042.84
TXN11159,2025-07-11,P007,R02,SR002,C090,68,42.3,2876.4
TXN11160,2025-05-26,P008,R06,SR018,C077,52,33.07,1719.64
TXN11161,2025-05-12,P006,R02,SR026,C049,109,28.85,3144.65
TXN11162,2024-11-15,P001,R02,SR014,C071,81,43.39,3514.59
TXN11163,2025-04-06,P004,R05,SR029,C032,109,45.4,4948.6
TXN11164,2024-04-08,P007,R02,SR014,C075,114,45.23,5156.22
TXN11165,2025-09-05,P007,R01,SR007,C064,76,43.75,3325.0
TXN11166,2024-03-11,P001,R04,SR004,C102,115,38.75,4456.25
TXN11167,2025-02-15,P005,R05,SR005,C068,47,68.47,3218.09
TXN11168,2025-12-27,P001,R02,SR002,C097,48,36.31,1742.88
TXN11169,2024-12-20,P003,R05,SR011,C063,88,34.03,2994.64
TXN11170,2025-01-31,P002,R02,SR026,C042,148,59.37,8786.76
TXN11171,2024-08-07,P004,R01,SR013,C043,43,51.06,2195.58
TXN11172,2025-02-25,P004,R04,SR004,C004,35,48.2,1687.0
TXN11173,2025-10-09,P006,R06,SR030,C061,60,28.64,1718.4
TXN11174,2024-11-16,P007,R01,SR019,C043,46,43.19,1986.74
TXN11175,2024-10-04,P007,R01,SR013,C067,121,43.52,5265.92
TXN11176,2024-08-18,P007,R05,SR017,C032,89,45.27,4029.03
TXN11177,2024-03-13,P001,R01,SR013,C043,71,40.22,2855.62
TXN11178,2024-09-09,P003,R03,SR015,C025,21,33.61,705.81
TXN11179,2024-12-28,P001,R02,SR002,C078,203,41.26,8375.78
TXN11180,2024-10-06,P007,R03,SR003,C082,59,40.94,2415.46
TXN11181,2024-02-21,P005,R05,SR017,C081,119,72.27,8600.13
TXN11182,2024-06-27,P002,R01,SR007,C055,58,57.65,3343.7
TXN11183,2024-03-24,P002,R04,SR028,C004,74,56.85,4206.9
TXN11184,2025-07-16,P005,R02,SR002,C007,160,65.42,10467.2
TXN11185,2024-10-23,P008,R02,SR014,C034,50,30.14,1507.0
TXN11186,2024-02-01,P004,R06,SR024,C110,59,48.52,2862.68
TXN11187,2025-12-29,P001,R06,SR006,C074,76,39.04,2967.04
TXN11188,2024-12-25,P002,R01,SR001,C088,63,54.88,3457.44
TXN11189,2025-06-09,P001,R01,SR025,C119,50,40.13,2006.5
TXN11190,2024-01-19,P008,R05,SR017,C081,96,31.17,2992.32
TXN11191,2024-05-04,P003,R02,SR008,C071,64,31.53,2017.92
TXN11192,2025-07-27,P005,R01,SR019,C064,87,66.89,5819.43
TXN11193,2025-04-24,P007,R01,SR007,C067,120,42.06,5047.2
TXN11194,2025-01-12,P007,R04,SR022,C048,50,37.15,1857.5
TXN11195,2025-06-06,P002,R01,SR019,C057,87,53.27,4634.49
TXN11196,2025-12-25,P005,R01,SR001,C012,54,67.25,3631.5
TXN11197,2024-02-27,P005,R02,SR026,C069,50,67.88,3394.0
TXN11198,2024-09-21,P008,R04,SR010,C065,28,33.75,945.0
TXN11199,2024-10-19,P005,R01,SR007,C043,38,66.67,2533.46
TXN11200,2025-07-01,P002,R01,SR019,C067,165,55.88,9220.2
TXN11201,2024-10-26,P002,R04,SR004,C040,93,56.77,5279.61
TXN11202,2025-01-08,P006,R02,SR026,C034,80,27.8,2224.0
TXN11203,2025-02-01,P002,R06,SR012,C001,58,50.7,2940.6
TXN11204,2024-02-20,P003,R03,SR003,C037,137,33.93,4648.41
TXN11205,2024-12-16,P006,R01,SR001,C017,32,29.42,941.44
TXN11206,2025-10-20,P005,R03,SR003,C037,106,69.45,7361.7
TXN11207,2025-12-29,P004,R03,SR015,C025,26,49.38,1283.88
TXN11208,2024-03-23,P008,R04,SR010,C010,97,31.31,3037.07
TXN11209,2024-12-05,P006,R06,SR006,C001,38,29.54,1122.52
TXN11210,2024-02-11,P008,R02,SR026,C108,56,30.56,1711.36
TXN11211,2024-05-27,P005,R02,SR020,C036,49,66.1,3238.9
TXN11212,2025-09-14,P006,R03,SR015,C054,37,29.13,1077.81
TXN11213,2025-12-21,P002,R01,SR013,C043,48,59.4,2851.2
TXN11214,2025-03-18,P002,R04,SR022,C039,97,56.53,5483.41
TXN11215,2025-12-09,P008,R01,SR019,C111,103,31.45,3239.35
TXN11216,2024-02-29,P001,R06,SR024,C085,127,35.98,4569.46
TXN11217,2024-01-31,P008,R05,SR023,C107,84,32.26,2709.84
TXN11218,2024-02-07,P001,R02,SR026,C036,70,37.69,2638.3
TXN11219,2025-08-01,P003,R01,SR013,C027,39,35.44,1382.16
TXN11220,2025-02-05,P002,R01,SR007,C017,47,56.42,2651.74
TXN11221,2025-01-12,P001,R02,SR026,C049,161,42.19,6792.59
TXN11222,2025-12-31,P007,R03,SR027,C037,93,39.84,3705.12
TXN11223,2024-01-15,P007,R03,SR009,C006,52,44.0,2288.0
TXN11224,2025-06-02,P003,R01,SR001,C067,146,33.11,4834.06
TXN11225,2024-07-04,P002,R03,SR003,C024,61,54.4,3318.4
TXN11226,2024-06-12,P006,R06,SR018,C079,67,28.35,1899.45
TXN11227,2024-04-08,P003,R05,SR029,C063,64,33.31,2131.84
TXN11228,2024-07-13,P001,R04,SR016,C046,30,40.07,1202.1
TXN11229,2025-01-24,P006,R05,SR023,C084,145,27.58,3999.1
TXN11230,2025-07-19,P002,R01,SR025,C088,61,51.94,3168.34
TXN11231,2024-05-05,P001,R04,SR004,C004,83,40.58,3368.14
TXN11232,2024-06-15,P001,R01,SR007,C119,30,39.3,1179.0
TXN11233,2025-05-16,P006,R05,SR017,C083,49,26.13,1280.37
TXN11234,2024-11-04,P005,R01,SR025,C027,34,69.07,2348.38
TXN11235,2024-12-17,P005,R05,SR005,C117,48,66.11,3173.28
TXN11236,2025-02-16,P006,R05,SR029,C107,73,27.82,2030.86
TXN11237,2025-09-21,P006,R03,SR003,C006,59,30.24,1784.16
TXN11238,2024-01-02,P004,R04,SR028,C004,42,47.67,2002.14
TXN11239,2025-10-14,P007,R01,SR019,C027,39,44.26,1726.14
TXN11240,2025-02-13,P006,R01,SR019,C043,48,31.47,1510.56
TXN11241,2024-09-12,P003,R04,SR010,C100,53,32.96,1746.88
TXN11242,2025-03-27,P008,R01,SR019,C057,56,31.56,1767.36
TXN11243,2024-12-21,P001,R01,SR013,C031,103,41.41,4265.23
TXN11244,2024-10-01,P001,R01,SR007,C013,141,42.43,5982.63
TXN11245,2025-06-13,P003,R06,SR030,C066,105,35.41,3718.05
TXN11246,2024-01-27,P002,R02,SR002,C036,67,53.09,3557.03
TXN11247,2024-08-05,P007,R05,SR029,C068,802,43.21,1296.3
TXN11248,2024-11-03,P001,R06,SR018,C047,55,37.22,2047.1
TXN11249,2025-02-28,P001,R01,SR007,C017,53,39.36,2086.08
TXN11250,2024-05-26,P007,R03,SR021,C041,63,43.37,2732.31
TXN11251,2024-12-16,P005,R01,SR007,C111,73,69.78,5093.94
TXN11252,2024-08-31,P004,R02,SR002,C105,60,47.65,2859.0
TXN11253,2025-02-17,P002,R01,SR013,C119,48,55.94,2685.12
TXN11254,2024-01-11,P003,R01,SR025,C057,87,32.9,2862.3
TXN11255,2024-12-16,P004,R02,SR026,C007,129,48.89,6306.81
TXN11256,2025-03-26,P007,R02,SR014,C097,25,44.68,1117.0
TXN11257,2025-10-10,P008,R04,SR016,C065,32,30.58,978.56
TXN11258,2025-12-13,P003,R03,SR027,C009,39,35.37,1379.43
TXN11259,2025-10-18,P004,R02,SR008,C042,102,49.25,5023.5
TXN11260,2025-05-23,P008,R02,SR008,C034,40,33.02,1320.8
TXN11261,2025-06-26,P005,R04,SR028,C100,47,66.91,3144.77
TXN11262,2025-01-12,P002,R03,SR021,C082,74,53.02,3923.48
TXN11263,2025-04-10,P001,R01,SR019,C088,91,39.35,3580.85
TXN11264,2025-02-15,P004,R06,SR030,C086,101,46.69,4715.69
TXN11265,2024-06-28,P001,R04,SR004,C010,181,41.38,7489.78
TXN11266,2024-01-10,P005,R02,SR014,C033,95,72.55,6892.25
TXN11267,2025-11-12,P005,R01,SR013,C022,63,67.66,4262.58
TXN11268,2025-06-20,P001,R05,SR017,C073,87,41.52,3612.24
TXN11269,2025-01-31,P008,R01,SR001,C064,51,32.74,1669.74
TXN11270,2025-12-26,P004,R02,SR020,C101,120,47.82,5738.4
TXN11271,2025-07-19,P001,R06,SR012,C087,108,37.67,4068.36
TXN11272,2024-10-16,P005,R04,SR004,C100,42,68.53,2878.26
TXN11273,2025-10-08,P008,R01,SR019,C088,52,31.57,1641.64
TXN11274,2025-09-21,P007,R03,SR003,C037,115,44.78,5149.7
TXN11275,2025-01-05,P006,R01,SR013,C094,62,29.97,1858.14
TXN11276,2025-05-10,P006,R02,SR008,C058,78,29.79,2323.62
TXN11277,2024-10-24,P001,R06,SR030,C077,93,42.52,3954.36
TXN11278,2024-09-30,P006,R05,SR011,C084,141,28.73,4050.93
TXN11279,2024-03-06,P007,R04,SR022,C104,74,42.72,3161.28
TXN11280,2025-03-15,P005,R05,SR029,C115,98,67.09,6574.82
TXN11281,2025-02-15,P003,R06,SR006,C066,132,34.53,4557.96
TXN11282,2025-08-30,P003,R03,SR021,C052,45,35.14,1581.3
TXN11283,2025-04-18,P005,R06,SR006,C035,87,70.0,6090.0
TXN11284,2024-08-30,P005,R06,SR018,C087,49,69.48,3404.52
TXN11285,2024-05-15,P007,R05,SR011,C083,49,41.58,2037.42
TXN11286,2025-10-26,P001,R01,SR025,C031,91,38.28,3483.48
TXN11287,2025-05-13,P006,R02,SR014,C042,90,29.51,2655.9
TXN11288,2024-11-10,P001,R04,SR016,C065,73,41.03,2995.19
TXN11289,2025-07-27,P007,R04,SR004,C102,91,44.21,4023.11
TXN11290,2025-03-11,P001,R02,SR008,C105,63,40.15,2529.45
TXN11291,2025-12-24,P001,R05,SR011,C114,66,37.95,2504.7
TXN11292,2024-01-12,P007,R01,SR019,C060,102,43.87,4474.74
TXN11293,2025-02-07,P002,R02,SR026,C042,133,54.82,7291.06
TXN11294,2025-09-04,P006,R05,SR011,C117,70,28.46,1992.2
TXN11295,2024-11-27,P003,R01,SR019,C057,76,32.4,2462.4
TXN11296,2024-12-30,P002,R01,SR001,C012,65,54.22,3524.3
TXN11297,2025-03-25,P007,R01,SR019,C027,57,47.66,2716.62
TXN11298,2024-12-31,P001,R06,SR006,C016,153,39.86,6098.58
TXN11299,2024-10-13,P003,R01,SR025,C031,73,35.33,2579.09
TXN11300,2025-07-31,P004,R01,SR025,C067,120,47.65,5718.0
TXN11301,2025-04-26,P006,R01,SR007,C013,96,28.35,2721.6
TXN11302,2025-08-07,P002,R04,SR010,C070,142,54.56,7747.52
TXN11303,2025-02-10,P005,R02,SR002,C058,92,67.1,6173.2
TXN11304,2024-12-30,P006,R05,SR011,C038,52,30.3,1575.6
TXN11305,2024-10-11,P002,R02,SR002,C034,81,54.52,4416.12
TXN11306,2025-01-05,P005,R01,SR001,C022,80,71.85,5748.0
TXN11307,2024-07-09,P002,R02,SR026,C026,96,52.45,5035.2
TXN11308,2025-04-17,P004,R02,SR014,C042,85,49.33,4193.05
TXN11309,2025-03-20,P004,R01,SR007,C064,70,48.24,3376.8
TXN11310,2024-09-01,P002,R06,SR030,C118,51,54.33,2770.83
TXN11311,2024-12-29,P002,R01,SR001,C067,155,58.05,8997.75
TXN11312,2024-08-06,P001,R03,SR015,C030,56,40.12,2246.72
TXN11313,2025-09-26,P006,R03,SR021,C018,58,29.7,1722.6
TXN11314,2024-11-14,P008,R02,SR020,C026,50,34.45,1722.5
TXN11315,2025-11-30,P002,R03,SR015,C052,36,53.68,1932.48
TXN11316,2024-08-30,P002,R05,SR029,C068,51,54.73,2791.23
TXN11317,2024-04-09,P003,R01,SR013,C022,117,33.39,3906.63
TXN11318,2025-05-07,P004,R01,SR025,C055,61,49.76,3035.36
TXN11319,2025-04-20,P005,R01,SR019,C111,129,67.72,8735.88
TXN11320,2025-12-15,P005,R02,SR026,C036,31,65.96,2044.76
TXN11321,2024-08-23,P001,R05,SR023,C107,152,38.15,5798.8
TXN11322,2025-08-11,P003,R04,SR028,C091,93,34.47,3205.71
TXN11323,2024-01-14,P002,R06,SR030,C016,112,56.16,6289.92
TXN11324,2024-07-09,P001,R05,SR005,C020,144,39.98,5757.12
TXN11325,2025-07-25,P003,R03,SR015,C053,63,33.93,2137.59
TXN11326,2024-01-16,P006,R01,SR007,C017,35,27.69,969.15
TXN11327,2024-08-28,P006,R02,SR014,C007,94,27.67,2600.98
TXN11328,2024-02-16,P005,R01,SR001,C012,56,65.11,3646.16
TXN11329,2024-10-30,P003,R02,SR008,C092,42,33.51,1407.42
TXN11330,2024-08-12,P008,R03,SR015,C014,62,32.44,2011.28
TXN11331,2025-02-15,P007,R03,SR009,C054,47,43.03,2022.41
TXN11332,2024-11-10,P001,R05,SR005,C081,170,39.71,6750.7
TXN11333,2025-06-11,P005,R01,SR007,C119,26,65.68,1707.68
TXN11334,2024-04-06,P006,R04,SR028,C046,41,28.34,1161.94
TXN11335,2025-05-18,P007,R03,SR009,C053,55,45.16,2483.8
TXN11336,2025-10-01,P004,R04,SR010,C065,33,49.51,1633.83
TXN11337,2024-11-07,P007,R02,SR002,C108,63,47.68,3003.84
TXN11338,2024-12-29,P005,R01,SR013,C094,47,69.7,3275.9
TXN11339,2024-08-25,P001,R04,SR028,C029,39,40.61,1583.79
TXN11340,2024-06-01,P004,R03,SR009,C052,32,46.77,1496.64
TXN11341,2025-11-11,P004,R02,SR002,C097,36,50.21,1807.56
TXN11342,2024-06-16,P004,R03,SR021,C052,43,52.41,2253.63
TXN11343,2025-06-27,P007,R03,SR009,C053,55,43.32,2382.6
TXN11344,2024-04-08,P002,R04,SR028,C029,46,54.76,2518.96
TXN11345,2024-05-05,P003,R01,SR025,C094,55,32.61,1793.55
TXN11346,2024-12-07,P007,R01,SR001,C017,44,42.77,1881.88
TXN11347,2025-09-26,P001,R01,SR019,C067,181,39.73,7191.13
TXN11348,2024-10-31,P002,R02,SR014,C042,85,56.86,4833.1
TXN11349,2024-02-04,P001,R06,SR024,C098,128,38.69,4952.32
TXN11350,2024-01-26,P005,R03,SR003,C003,98,72.93,7147.14
TXN11351,2025-12-26,P006,R01,SR013,C027,41,29.51,1209.91
TXN11352,2025-10-18,P007,R01,SR019,C017,41,41.82,1714.62
TXN11353,2025-08-16,P007,R03,SR009,C018,38,43.59,1656.42
TXN11354,2024-11-22,P008,R06,SR012,C087,61,33.08,2017.88
TXN11355,2024-07-05,P002,R02,SR002,C071,75,55.82,4186.5
TXN11356,2024-08-09,P001,R05,SR005,C114,76,40.91,3109.16
TXN11357,2024-12-08,P008,R01,SR001,C012,47,31.27,1469.69
TXN11358,2024-07-17,P007,R03,SR009,C025,21,43.34,910.14
TXN11359,2025-02-28,P004,R03,SR021,C006,68,51.0,3468.0
TXN11360,2025-06-12,P002,R02,SR020,C007,176,54.98,9676.48
TXN11361,2025-10-02,P005,R01,SR001,C111,87,70.79,6158.73
TXN11362,2024-09-16,P005,R02,SR026,C042,75,68.26,5119.5
TXN11363,2025-04-15,P006,R03,SR027,C003,90,30.09,2708.1
TXN11364,2024-02-12,P002,R03,SR003,C019,98,54.16,5307.68
TXN11365,2025-07-01,P005,R04,SR004,C023,119,68.09,8102.71
TXN11366,2025-08-06,P004,R02,SR008,C026,56,48.3,2704.8
TXN11367,2024-04-03,P007,R06,SR024,C035,88,42.05,3700.4
TXN11368,2024-06-29,P005,R02,SR020,C042,95,67.19,6383.05
TXN11369,2024-02-01,P007,R04,SR022,C100,57,39.19,2233.83
TXN11370,2025-04-05,P006,R01,SR013,C031,82,29.39,2409.98
TXN11371,2025-10-22,P006,R02,SR014,C105,38,28.5,1083.0
TXN11372,2025-04-05,P001,R02,SR026,C026,123,38.01,4675.23
TXN11373,2025-12-10,P002,R06,SR018,C066,77,53.1,4088.7
TXN11374,2024-11-04,P005,R06,SR006,C035,92,66.64,6130.88
TXN11375,2025-09-16,P002,R01,SR025,C111,143,57.09,8163.87
TXN11376,2024-01-04,P006,R02,SR014,C097,20,29.72,594.4
TXN11377,2025-11-19,P004,R01,SR013,C013,123,50.0,6150.0
TXN11378,2025-03-10,P001,R05,SR023,C115,195,41.68,8127.6
TXN11379,2024-06-21,P003,R04,SR022,C104,70,34.6,2422.0
TXN11380,2025-05-07,P006,R01,SR001,C031,86,28.88,2483.68
TXN11381,2025-04-17,P008,R02,SR026,C071,43,30.19,1298.17
TXN11382,2025-10-19,P003,R02,SR008,C049,98,32.97,3231.06
TXN11383,2024-01-27,P001,R03,SR015,C109,51,40.46,2063.46
TXN11384,2024-08-01,P002,R02,SR002,C034,104,56.49,5874.96
TXN11385,2025-11-17,P002,R02,SR008,C049,118,55.92,6598.56
TXN11386,2024-02-04,P005,R06,SR006,C087,101,70.42,7112.42
TXN11387,2024-05-25,P007,R01,SR001,C067,123,43.23,5317.29
TXN11388,2024-12-06,P005,R02,SR002,C108,62,64.0,3968.0
TXN11389,2025-11-24,P003,R01,SR001,C017,49,34.37,1684.13
TXN11390,2024-08-06,P001,R04,SR010,C095,69,40.59,2800.71
TXN11391,2024-08-13,P003,R06,SR030,C015,123,34.47,4239.81
TXN11392,2025-03-08,P004,R05,SR017,C020,106,46.61,4940.66
TXN11393,2025-05-23,P006,R01,SR007,C064,92,30.38,2794.96
TXN11394,2025-10-05,P005,R03,SR021,C006,51,69.82,3560.82
TXN11395,2024-12-12,P006,R04,SR028,C102,91,29.82,2713.62
TXN11396,2025-03-30,P002,R01,SR019,C088,86,53.45,4596.7
TXN11397,2024-09-19,P004,R06,SR012,C051,41,51.78,2122.98
TXN11398,2024-12-30,P003,R01,SR013,C111,134,33.83,4533.22
TXN11399,2024-01-28,P008,R02,SR002,C097,20,30.86,617.2
TXN11400,2025-08-31,P003,R02,SR008,C105,41,35.13,1440.33
TXN11401,2024-05-16,P004,R01,SR013,C111,147,49.96,7344.12
TXN11402,2024-12-03,P004,R06,SR012,C113,67,45.25,3031.75
TXN11403,2024-11-17,P002,R03,SR021,C025,35,56.98,1994.3
TXN11404,2025-06-08,P002,R06,SR012,C089,36,56.35,2028.6
TXN11405,2025-02-15,P006,R06,SR012,C016,75,28.62,2146.5
TXN11406,2024-04-04,P007,R06,SR012,C110,83,41.11,3412.13
TXN11407,2025-11-07,P006,R02,SR026,C058,91,29.0,2639.0
TXN11408,2025-09-28,P008,R03,SR021,C006,40,32.51,1300.4
TXN11409,2024-01-06,P006,R03,SR021,C053,67,28.09,1882.03
TXN11410,2024-11-08,P006,R05,SR029,C107,67,28.82,1930.94
TXN11411,2024-11-11,P001,R03,SR009,C009,50,41.46,2073.0
TXN11412,2024-10-19,P007,R01,SR025,C060,89,39.61,3525.29
TXN11413,2025-07-01,P002,R01,SR019,C060,113,55.96,6323.48
TXN11414,2025-06-23,P005,R01,SR007,C027,31,69.2,2145.2
TXN11415,2025-09-28,P006,R02,SR026,C026,69,28.36,1956.84
TXN11416,2025-03-08,P002,R04,SR016,C091,133,53.06,7056.98
TXN11417,2024-02-14,P007,R02,SR002,C108,84,40.51,3402.84
TXN11418,2025-05-27,P004,R02,SR020,C034,110,48.31,5314.1
TXN11419,2025-12-07,P005,R01,SR025,C022,74,67.22,4974.28
TXN11420,2024-02-07,P003,R03,SR021,C109,49,32.88,1611.12
TXN11421,2024-06-12,P006,R02,SR020,C097,27,28.73,775.71
TXN11422,2025-06-18,P001,R02,SR008,C033,190,40.94,7778.6
TXN11423,2024-04-16,P002,R04,SR016,C004,55,55.67,3061.85
TXN11424,2025-03-07,P005,R06,SR012,C047,41,71.14,2916.74
TXN11425,2025-04-16,P005,R01,SR019,C057,73,69.9,5102.7
TXN11426,2025-02-04,P003,R03,SR009,C037,87,33.9,2949.3
TXN11427,2025-08-15,P003,R02,SR002,C071,101,31.17,3148.17
TXN11428,2025-10-13,P002,R02,SR002,C097,57,54.6,3112.2
TXN11429,2024-11-26,P007,R04,SR028,C004,39,41.09,1602.51
TXN11430,2025-05-16,P005,R03,SR015,C030,47,67.52,3173.44
TXN11431,2025-05-06,P005,R05,SR011,C081,145,66.69,9670.05
TXN11432,2024-12-05,P004,R06,SR018,C079,60,51.95,3117.0
TXN11433,2025-09-05,P008,R02,SR014,C092,27,31.13,840.51
TXN11434,2024-08-14,P006,R02,SR002,C049,97,28.93,2806.21
TXN11435,2024-06-13,P003,R02,SR014,C075,126,34.84,4389.84
TXN11436,2024-02-09,P002,R06,SR024,C110,68,57.01,3876.68
TXN11437,2025-08-17,P007,R06,SR024,C045,75,41.33,3099.75
TXN11438,2024-04-23,P001,R04,SR010,C040,123,38.89,4783.47
TXN11439,2025-06-18,P004,R03,SR003,C082,62,47.44,2941.28
TXN11440,2025-03-18,P004,R06,SR018,C059,122,46.2,5636.4
TXN11441,2025-05-11,P005,R03,SR021,C018,69,66.68,4600.92
TXN11442,2024-01-12,P003,R02,SR014,C049,86,35.48,3051.28
TXN11443,2024-04-07,P007,R03,SR021,C011,70,43.73,3061.1
TXN11444,2025-01-25,P005,R01,SR007,C022,73,67.86,4953.78
TXN11445,2024-03-20,P007,R05,SR017,C117,54,42.68,2304.72
TXN11446,2025-05-23,P001,R02,SR014,C036,60,37.73,2263.8
TXN11447,2025-08-31,P001,R02,SR020,C090,64,40.76,2608.64
TXN11448,2025-06-22,P002,R05,SR005,C073,84,55.41,4654.44
TXN11449,2025-04-20,P006,R06,SR024,C098,86,30.55,2627.3
TXN11450,2025-06-11,P002,R03,SR015,C014,82,60.15,4932.3
TXN11451,2025-02-24,P002,R01,SR007,C027,48,52.28,2509.44
TXN11452,2024-08-31,P001,R02,SR014,C075,143,39.62,5665.66
TXN11453,2024-08-27,P002,R03,SR027,C003,89,55.41,4931.49
TXN11454,2024-01-18,P001,R04,SR004,C080,152,41.19,6260.88
TXN11455,2024-04-09,P004,R06,SR012,C110,66,50.22,3314.52
TXN11456,2024-01-20,P008,R01,SR025,C057,52,31.42,1633.84
TXN11457,2024-11-20,P007,R05,SR029,C068,29,42.99,1246.71
TXN11458,2024-11-10,P005,R01,SR007,C031,63,64.74,4078.62
TXN11459,2024-01-05,P003,R06,SR006,C044,71,35.29,2505.59
TXN11460,2024-10-14,P008,R03,SR015,C052,29,29.28,849.12
TXN11461,2024-10-30,P004,R06,SR024,C035,81,51.14,4142.34
TXN11462,2025-10-05,P001,R04,SR016,C102,116,37.89,4395.24
TXN11463,2025-03-11,P003,R03,SR021,C082,74,34.34,2541.16
TXN11464,2024-12-08,P002,R06,SR030,C120,83,55.93,4642.19
TXN11465,2024-11-25,P006,R05,SR005,C107,105,29.15,3060.75
TXN11466,2024-03-30,P005,R05,SR005,C112,84,68.45,5749.8
TXN11467,2025-05-19,P004,R02,SR008,C058,75,44.84,3363.0
TXN11468,2024-05-05,P001,R02,SR002,C069,101,38.46,3884.46
TXN11469,2025-07-30,P003,R05,SR011,C073,74,35.62,2635.88
TXN11470,2025-02-02,P007,R01,SR007,C022,72,44.86,3229.92
TXN11471,2025-07-18,P007,R01,SR001,C064,108,43.91,4742.28
TXN11472,2025-12-24,P005,R03,SR027,C053,64,70.86,4535.04
TXN11473,2025-05-06,P004,R02,SR008,C036,46,50.48,2322.08
TXN11474,2025-07-09,P003,R05,SR005,C008,39,32.57,1270.23
TXN11475,2025-05-01,P002,R01,SR007,C119,33,54.09,1784.97
TXN11476,2024-06-18,P002,R04,SR010,C048,62,53.97,3346.14
TXN11477,2025-07-29,P004,R01,SR001,C017,42,49.34,2072.28
TXN11478,2024-09-05,P004,R01,SR001,C094,61,48.35,2949.35
TXN11479,2025-12-19,P003,R05,SR017,C117,51,34.47,1757.97
TXN11480,2025-08-24,P002,R05,SR029,C068,43,56.53,2430.79
TXN11481,2024-02-04,P003,R02,SR020,C092,40,32.14,1285.6
TXN11482,2025-08-10,P002,R02,SR026,C034,103,53.73,5534.19
TXN11483,2024-09-15,P004,R04,SR010,C102,87,49.6,4315.2
TXN11484,2025-04-27,P001,R03,SR009,C018,63,38.75,2441.25
TXN11485,2025-10-24,P008,R02,SR026,C075,117,32.96,3856.32
TXN11486,2024-04-23,P004,R04,SR028,C048,80,47.07,3765.6
TXN11487,2024-12-11,P005,R06,SR024,C047,35,71.36,2497.6
TXN11488,2025-11-05,P001,R05,SR005,C008,52,42.71,2220.92
TXN11489,2024-12-15,P007,R06,SR030,C045,79,42.85,3385.15
TXN11490,2024-11-17,P006,R05,SR029,C073,48,28.95,1389.6
TXN11491,2025-11-20,P002,R03,SR021,C009,58,55.04,3192.32
TXN11492,2024-05-25,P007,R06,SR012,C047,49,43.35,2124.15
TXN11493,2024-10-19,P007,R04,SR028,C029,19,44.81,851.39
TXN11494,2025-06-02,P003,R05,SR017,C115,135,34.66,4679.1
TXN11495,2024-10-22,P004,R06,SR012,C001,45,51.94,2337.3
TXN11496,2024-05-20,P006,R05,SR011,C096,67,29.0,1943.0
TXN11497,2025-09-11,P007,R01,SR013,C111,122,41.41,5052.02
TXN11498,2025-12-06,P008,R02,SR002,C007,117,31.5,3685.5
TXN11499,2024-04-03,P005,R06,SR006,C085,103,68.69,7075.07
TXN11500,2024-04-03,P003,R04,SR010,C095,77,34.02,2619.54
TXN11501,2024-05-23,P006,R02,SR020,C090,38,28.72,1091.36
TXN11502,2024-09-07,P007,R05,SR023,C084,142,43.64,6196.88
TXN11503,2025-04-13,P001,R04,SR016,C040,106,40.33,4274.98
TXN11504,2024-09-01,P004,R01,SR001,C031,83,46.44,3854.52
TXN11505,2025-05-10,P002,R02,SR014,C069,48,54.69,2625.12
TXN11506,2025-10-26,P007,R02,SR026,C042,108,41.92,4527.36
TXN11507,2024-03-19,P001,R04,SR016,C029,47,39.7,1865.9
TXN11508,2025-10-30,P001,R06,SR006,C116,58,40.18,2330.44
TXN11509,2025-09-16,P008,R05,SR023,C114,29,30.64,888.56
TXN11510,2024-11-02,P004,R03,SR027,C041,71,47.99,3407.29
TXN11511,2024-09-24,P002,R03,SR021,C054,80,55.63,4450.4
TXN11512,2025-03-23,P006,R01,SR001,C067,124,29.33,3636.92
TXN11513,2025-09-25,P006,R02,SR008,C097,25,27.87,696.75
TXN11514,2024-12-12,P008,R04,SR022,C039,56,29.31,1641.36
TXN11515,2025-10-13,P005,R01,SR007,C043,29,65.86,1909.94
TXN11516,2024-04-01,P005,R04,SR022,C048,69,65.94,4549.86
TXN11517,2024-11-13,P002,R01,SR007,C111,130,56.18,7303.4
TXN11518,2024-09-10,P005,R05,SR023,C084,111,67.17,7455.87
TXN11519,2024-09-19,P004,R06,SR018,C085,63,48.63,3063.69
TXN11520,2024-07-17,P007,R04,SR028,C095,51,42.79,2182.29
TXN11521,2024-11-29,P005,R01,SR013,C027,47,69.21,3252.87
TXN11522,2025-06-01,P008,R02,SR020,C034,66,29.63,1955.58
TXN11523,2024-08-21,P003,R04,SR010,C095,52,35.09,1824.68
TXN11524,2024-06-13,P007,R02,SR002,C042,103,43.84,4515.52
TXN11525,2024-07-08,P001,R04,SR016,C091,138,40.2,5547.6
TXN11526,2025-10-10,P007,R01,SR001,C111,104,42.32,4401.28
TXN11527,2025-10-15,P005,R06,SR024,C077,61,66.96,4084.56
TXN11528,2025-11-21,P004,R01,SR013,C022,83,48.75,4046.25
TXN11529,2024-04-21,P001,R06,SR018,C098,129,37.87,4885.23
TXN11530,2025-08-18,P002,R03,SR009,C006,61,55.83,3405.63
TXN11531,2024-12-29,P001,R01,SR013,C043,56,39.9,2234.4
TXN11532,2025-04-21,P007,R02,SR020,C078,174,42.19,7341.06
TXN11533,2024-01-25,P007,R01,SR019,C027,50,42.23,2111.5
TXN11534,2025-03-20,P006,R05,SR029,C115,101,28.42,2870.42
TXN11535,2025-03-13,P005,R02,SR014,C105,35,68.96,2413.6
TXN11536,2024-06-28,P004,R04,SR016,C023,116,50.45,5852.2
TXN11537,2024-02-17,P004,R04,SR004,C004,38,49.08,1865.04
TXN11538,2024-01-11,P004,R06,SR024,C045,84,47.65,4002.6
TXN11539,2024-02-21,P007,R06,SR018,C035,73,40.03,2922.19
TXN11540,2025-11-01,P004,R01,SR013,C055,60,49.51,2970.6
TXN11541,2024-08-04,P001,R05,SR011,C115,186,43.19,8033.34
TXN11542,2025-09-23,P004,R05,SR011,C112,67,46.06,3086.02
TXN11543,2024-05-06,P002,R04,SR022,C010,168,54.72,9192.96
TXN11544,2024-04-14,P002,R01,SR025,C017,58,54.35,3152.3
TXN11545,2025-01-15,P003,R01,SR025,C017,49,33.5,1641.5
TXN11546,2024-08-27,P008,R02,SR026,C108,46,30.41,1398.86
TXN11547,2025-05-22,P008,R04,SR010,C095,41,32.25,1322.25
TXN11548,2024-11-05,P007,R03,SR003,C053,85,41.31,3511.35
TXN11549,2025-10-30,P002,R06,SR012,C106,62,53.99,3347.38
TXN11550,2025-04-07,P005,R01,SR007,C012,41,63.82,2616.62
TXN11551,2024-12-07,P005,R02,SR008,C101,64,65.26,4176.64
TXN11552,2025-08-29,P001,R01,SR013,C031,99,37.42,3704.58
TXN11553,2025-04-02,P003,R02,SR014,C007,131,34.71,4547.01
TXN11554,2024-04-30,P001,R06,SR018,C051,64,39.08,2501.12
TXN11555,2025-11-23,P002,R02,SR002,C042,154,52.84,8137.36
TXN11556,2024-02-12,P007,R02,SR008,C036,35,42.46,1486.1
TXN11557,2024-03-09,P006,R01,SR001,C088,61,29.09,1774.49
TXN11558,2024-05-14,P005,R03,SR027,C037,93,71.65,6663.45
TXN11559,2025-07-28,P003,R06,SR006,C021,75,32.23,2417.25
TXN11560,2025-11-21,P006,R01,SR019,C017,34,27.99,951.66
TXN11561,2025-05-25,P007,R05,SR017,C020,102,43.15,4401.3
TXN11562,2025-04-02,P004,R05,SR029,C081,139,48.93,6801.27
TXN11563,2025-07-24,P002,R02,SR020,C075,177,55.76,9869.52
TXN11564,2025-11-07,P006,R03,SR009,C037,76,28.79,2188.04
TXN11565,2024-08-23,P002,R06,SR018,C087,57,54.28,3093.96
TXN11566,2024-01-30,P007,R05,SR029,C081,109,40.84,4451.56
TXN11567,2025-07-08,P003,R03,SR027,C052,49,33.1,1621.9
TXN11568,2025-12-04,P001,R01,SR025,C119,26,38.57,1002.82
TXN11569,2025-06-01,P006,R06,SR024,C099,41,28.09,1151.69
TXN11570,2024-11-24,P004,R01,SR007,C088,54,47.32,2555.28
TXN11571,2025-06-22,P005,R03,SR015,C052,26,70.13,1823.38
TXN11572,2024-08-21,P003,R01,SR001,C064,101,33.54,3387.54
TXN11573,2024-12-10,P008,R05,SR011,C093,55,31.56,1735.8
TXN11574,2025-04-26,P002,R04,SR010,C103,93,52.88,4917.84
TXN11575,2024-07-20,P003,R04,SR016,C104,69,34.98,2413.62
TXN11576,2024-01-22,P002,R06,SR024,C079,109,52.65,5738.85
TXN11577,2025-04-12,P005,R04,SR010,C065,33,69.76,2302.08
TXN11578,2024-04-22,P003,R01,SR013,C057,96,32.31,3101.76
TXN11579,2024-09-27,P007,R05,SR023,C028,96,43.19,4146.24
TXN11580,2025-02-09,P008,R02,SR002,C108,67,31.67,2121.89
TXN11581,2025-10-18,P004,R02,SR008,C034,59,47.95,2829.05
TXN11582,2025-10-22,P006,R02,SR026,C069,53,27.37,1450.61
TXN11583,2024-04-09,P006,R03,SR015,C019,45,28.77,1294.65
TXN11584,2024-08-08,P004,R05,SR011,C093,55,51.57,2836.35
TXN11585,2024-11-24,P002,R01,SR001,C012,75,55.02,4126.5
TXN11586,2025-11-26,P001,R01,SR025,C012,91,41.37,3764.67
TXN11587,2024-03-24,P003,R02,SR020,C078,123,34.04,4186.92
TXN11588,2024-05-22,P001,R04,SR028,C070,157,41.43,6504.51
TXN11589,2025-10-07,P006,R01,SR019,C027,38,27.69,1052.22
TXN11590,2024-05-16,P008,R02,SR008,C049,65,29.93,1945.45
TXN11591,2025-05-10,P003,R01,SR025,C043,49,34.67,1698.83
TXN11592,2025-01-17,P006,R03,SR009,C025,27,28.99,782.73
TXN11593,2024-01-02,P007,R03,SR027,C006,65,45.65,2967.25
TXN11594,2025-07-18,P006,R01,SR001,C031,66,27.4,1808.4
TXN11595,2024-03-21,P003,R03,SR009,C003,73,35.04,2557.92
TXN11596,2024-07-10,P008,R02,SR026,C092,27,31.85,859.95
TXN11597,2024-06-11,P002,R03,SR003,C030,88,54.18,4767.84
TXN11598,2024-07-23,P001,R03,SR027,C054,80,39.26,3140.8
TXN11599,2024-11-01,P001,R01,SR025,C057,83,41.24,3422.92
TXN11600,2024-08-28,P005,R02,SR020,C026,49,69.77,3418.73
TXN11601,2025-02-21,P002,R05,SR029,C063,73,56.87,4151.51
TXN11602,2024-09-24,P001,R02,SR008,C092,63,38.9,2450.7
TXN11603,2024-05-21,P002,R01,SR001,C017,50,,2736.5
TXN11604,2024-01-18,P003,R01,SR007,C013,120,34.56,4147.2
TXN11605,2024-10-12,P001,R01,SR019,C111,157,37.45,5879.65
TXN11606,2025-06-25,P001,R06,SR030,C074,64,39.72,2542.08
TXN11607,2025-03-10,P005,R01,SR019,C017,35,67.38,2358.3
TXN11608,2025-07-22,P006,R02,SR020,C069,50,28.59,1429.5
TXN11609,2025-11-12,P005,R01,SR007,C013,83,69.37,5757.71
TXN11610,2025-12-28,P004,R05,SR017,C107,96,48.36,4642.56
TXN11611,2024-02-05,P006,R03,SR027,C109,55,27.28,1500.4
TXN11612,2024-05-13,P006,R03,SR009,C003,66,29.27,1931.82
TXN11613,2024-10-26,P003,R01,SR025,C043,34,35.54,1208.36
TXN11614,2024-02-28,P002,R05,SR029,C114,42,54.54,2290.68
TXN11615,2025-01-26,P001,R06,SR030,C035,126,38.24,4818.24
TXN11616,2025-06-02,P007,R02,SR008,C026,65,43.85,2850.25
TXN11617,2024-10-21,P006,R05,SR017,C068,36,29.07,1046.52
TXN11618,2024-03-06,P004,R01,SR025,C057,60,48.72,2923.2
TXN11619,2024-05-06,P008,R04,SR028,C040,63,33.48,2109.24
TXN11620,2025-02-12,P002,R06,SR024,C120,79,57.06,4507.74
TXN11621,2024-12-03,P001,R01,SR007,C027,48,40.04,1921.92
TXN11622,2024-05-27,P007,R01,SR013,C064,104,42.12,4380.48
TXN11623,2024-03-09,P005,R02,SR026,C069,37,65.53,2424.61
TXN11624,2025-05-13,P001,R01,SR025,C055,84,38.77,3256.68
TXN11625,2024-11-06,P003,R01,SR007,C027,35,32.51,1137.85
TXN11626,2024-12-09,P006,R02,SR014,C042,72,27.47,1977.84
TXN11627,2024-11-04,P001,R01,SR013,C088,90,41.61,3744.9
TXN11628,2024-04-02,P004,R02,SR008,C090,49,48.04,2353.96
TXN11629,2025-07-19,P006,R01,SR013,C043,44,30.01,1320.44
TXN11630,2024-11-03,P008,R01,SR019,C057,65,32.3,2099.5
TXN11631,2025-07-29,P005,R02,SR008,C026,53,68.49,3629.97
TXN11632,2024-08-05,P005,R01,SR025,C027,40,67.81,2712.4
TXN11633,2024-05-19,P005,R03,SR021,C018,52,72.85,3788.2
TXN11634,2024-07-06,P006,R04,SR028,C065,34,27.33,929.22
TXN11635,2024-07-13,P006,R05,SR011,C093,76,29.39,2233.64
TXN11636,2024-01-10,P007,R01,SR007,C017,34,43.53,1480.02
TXN11637,2025-03-13,P007,R06,SR024,C066,103,42.53,4380.59
TXN11638,2024-10-18,P001,R01,SR013,C088,72,38.25,2754.0
TXN11639,2024-10-13,P007,R01,SR001,C060,76,39.93,3034.68
TXN11640,2025-07-11,P007,R02,SR002,C036,68,41.7,2835.6
TXN11641,2025-07-25,P008,R01,SR013,C017,35,33.01,1155.35
TXN11642,2024-10-02,P001,R01,SR025,C013,153,40.12,6138.36
TXN11643,2024-05-02,P001,R02,SR002,C075,207,41.82,8656.74
TXN11644,2024-11-20,P008,R01,SR013,C094,42,31.29,1314.18
TXN11645,2025-07-21,P006,R04,SR010,C048,52,29.03,1509.56
TXN11646,2025-05-16,P003,R04,SR010,C104,64,35.39,2264.96
TXN11647,2024-12-28,P003,R03,SR003,C052,58,35.63,2066.54
TXN11648,2025-03-04,P003,R06,SR024,C079,92,34.37,3162.04
TXN11649,2025-06-07,P005,R01,SR019,C094,44,71.46,3144.24
TXN11650,2025-07-15,P006,R06,SR030,C106,41,28.72,1177.52
TXN11651,2025-12-11,P001,R03,SR003,C025,44,42.54,1871.76
TXN11652,2025-10-05,P002,R05,SR023,C112,85,57.06,4850.1
TXN11653,2025-12-07,P005,R01,SR019,C060,92,67.31,6192.52
TXN11654,2024-08-10,P001,R01,SR019,C031,114,37.98,4329.72
TXN11655,2024-07-20,P005,R01,SR007,C060,82,66.36,5441.52
TXN11656,2025-01-02,P006,R02,SR026,C071,60,32.08,1924.8
TXN11657,2025-05-18,P005,R04,SR022,C065,39,67.19,2620.41
TXN11658,2024-06-18,P002,R04,SR016,C102,111,54.29,6026.19
TXN11659,2025-06-15,P001,R03,SR003,C011,123,38.94,4789.62
TXN11660,2025-02-22,P002,R05,SR005,C117,79,55.49,4383.71
TXN11661,2025-12-15,P008,R03,SR003,C054,55,32.77,1802.35
TXN11662,2024-11-25,P004,R05,SR023,C056,38,49.28,1872.64
TXN11663,2024-09-16,P006,R02,SR014,C075,87,27.79,2417.73
TXN11664,2024-01-28,P001,R04,SR004,C048,92,38.79,3568.68
TXN11665,2024-09-13,P003,R03,SR021,C052,58,31.76,1842.08
TXN11666,2025-10-06,P005,R02,SR026,C078,122,66.97,8170.34
TXN11667,2025-06-20,P005,R01,SR007,C067,98,67.8,6644.4
TXN11668,2025-04-22,P007,R01,SR007,C064,69,44.12,3044.28
TXN11669,2024-06-10,P003,R03,SR021,C054,58,34.5,2001.0
TXN11670,2024-06-10,P001,R06,SR018,C120,73,39.53,2885.69
TXN11671,2024-05-04,P001,R01,SR001,C119,46,43.08,1981.68
TXN11672,2025-01-10,P006,R03,SR027,C019,83,30.33,2517.39
TXN11673,2025-07-12,P003,R02,SR014,C090,39,33.17,1293.63
TXN11674,2025-02-26,P002,R03,SR021,C054,86,55.63,4784.18
TXN11675,2024-09-24,P002,R01,SR013,C017,51,56.12,2862.12
TXN11676,2024-08-01,P001,R01,SR019,C055,96,38.04,3651.84
TXN11677,2024-02-06,P008,R01,SR025,C017,29,34.39,997.31
TXN11678,2025-03-10,P004,R03,SR009,C041,48,47.23,2267.04
TXN11679,2025-04-29,P007,R02,SR026,C036,59,43.4,2560.6
TXN11680,2025-04-10,P004,R01,SR001,C060,94,47.05,4422.7
TXN11681,2025-05-08,P005,R01,SR019,C031,80,71.64,5731.2
TXN11682,2025-06-14,P003,R05,SR017,C020,94,34.25,3219.5
TXN11683,2025-02-21,P008,R06,SR006,C098,73,33.59,2452.07
TXN11684,2024-12-29,P004,R06,SR024,C016,72,52.39,3772.08
TXN11685,2024-04-12,P006,R02,SR008,C071,52,26.76,1391.52
TXN11686,2025-05-04,P002,R02,SR014,C026,77,59.31,4566.87
TXN11687,2024-05-07,P006,R01,SR007,C017,48,28.69,1377.12
TXN11688,2025-04-16,P003,R01,SR019,C057,86,34.07,2930.02
TXN11689,2025-11-06,P005,R04,SR016,C102,83,66.11,5487.13
TXN11690,2025-06-08,P002,R03,SR027,C006,77,54.75,4215.75
TXN11691,2024-05-02,P007,R02,SR026,C071,60,43.42,2605.2
TXN11692,2024-10-29,P007,R01,SR025,C022,85,40.12,3410.2
TXN11693,2025-08-03,P002,R04,SR016,C046,32,51.86,1659.52
TXN11694,2024-10-31,P005,R01,SR007,C017,36,67.58,2432.88
TXN11695,2025-11-13,P003,R01,SR019,C022,104,33.37,3470.48
TXN11696,2024-08-30,P003,R05,SR023,C068,49,34.21,1676.29
TXN11697,2024-06-30,P001,R05,SR029,C032,115,40.66,4675.9
TXN11698,2024-10-11,P006,R02,SR008,C097,24,30.07,721.68
TXN11699,2024-12-06,P001,R01,SR013,C088,84,38.67,3248.28
TXN11700,2024-02-08,P006,R01,SR007,C111,101,30.15,3045.15
TXN11701,2024-05-04,P005,R02,SR026,C058,73,65.86,4807.78
TXN11702,2025-07-17,P001,R01,SR007,C027,44,39.3,1729.2
TXN11703,2025-09-17,P004,R02,SR014,C071,63,49.77,3135.51
TXN11704,2024-03-26,P005,R02,SR002,C071,62,67.2,4166.4
TXN11705,2025-07-27,P001,R06,SR012,C061,116,38.03,4411.48
TXN11706,2025-08-15,P005,R06,SR030,C099,37,64.54,2387.98
TXN11707,2024-08-18,P001,R05,SR017,C056,58,38.66,2242.28
TXN11708,2024-11-25,P001,R01,SR001,C022,120,43.39,5206.8
TXN11709,2024-11-10,P003,R01,SR001,C055,64,33.01,2112.64
TXN11710,2024-09-01,P007,R02,SR014,C026,47,43.97,2066.59
TXN11711,2024-01-31,P003,R02,SR002,C007,147,34.01,4999.47
TXN11712,2024-08-25,P007,R06,SR012,C016,90,44.42,3997.8
TXN11713,2025-05-02,P002,R05,SR005,C084,189,55.07,10408.23
TXN11714,2025-01-10,P005,R01,SR007,C031,57,71.26,4061.82
TXN11715,2025-12-29,P003,R02,SR026,C026,73,35.86,2617.78
TXN11716,2025-10-19,P004,R04,SR004,C100,57,48.6,2770.2
TXN11717,2024-06-16,P003,R05,SR023,C107,125,37.1,4637.5
TXN11718,2025-07-18,P007,R03,SR027,C011,62,41.98,2602.76
TXN11719,2024-11-08,P001,R01,SR007,C055,59,38.26,2257.34
TXN11720,2024-02-18,P007,R03,SR021,C054,67,41.17,2758.39
TXN11721,2025-09-15,P003,R02,SR014,C101,78,35.7,2784.6
TXN11722,2024-10-22,P003,R01,SR001,C067,148,31.77,4701.96
TXN11723,2024-03-29,P002,R06,SR012,C099,70,55.83,3908.1
TXN11724,2025-06-19,P002,R06,SR012,C059,156,53.31,8316.36
TXN11725,2025-01-24,P003,R04,SR010,C046,30,34.43,1032.9
TXN11726,2024-04-04,P008,R05,SR023,C083,39,30.85,1203.15
TXN11727,2024-06-04,P001,R05,SR029,C028,124,39.89,4946.36
TXN11728,2024-11-13,P001,R02,SR020,C036,56,40.55,2270.8
TXN11729,2024-12-30,P007,R05,SR011,C107,120,43.37,5204.4
TXN11730,2024-04-01,P006,R03,SR003,C082,86,30.73,2642.78
TXN11731,2025-07-12,P007,R01,SR001,C013,108,45.41,4904.28
TXN11732,2025-06-13,P006,R04,SR028,C065,40,30.3,1212.0
TXN11733,2024-02-20,P001,R04,SR028,C102,130,39.01,5071.3
TXN11734,2025-09-24,P004,R02,SR002,C007,171,50.7,8669.7
TXN11735,2024-01-19,P008,R05,SR029,C038,30,32.5,975.0
TXN11736,2024-08-11,P001,R01,SR013,C064,144,41.04,5909.76
TXN11737,2024-10-22,P001,R02,SR002,C075,174,40.2,6994.8
TXN11738,2024-07-25,P002,R03,SR003,C037,145,55.85,8098.25
TXN11739,2024-11-13,P002,R02,SR002,C036,54,54.54,2945.16
TXN11740,2024-08-10,P007,R02,SR002,C092,62,40.71,2524.02
TXN11741,2025-02-05,P005,R06,SR030,C015,103,68.97,7103.91
TXN11742,2025-07-04,P003,R01,SR007,C043,37,34.82,1288.34
TXN11743,2024-10-04,P003,R02,SR014,C034,52,33.41,1737.32
TXN11744,2025-03-07,P007,R05,SR011,C093,78,42.92,3347.76
TXN11745,2024-11-15,P002,R06,SR018,C062,40,56.63,2265.2
TXN11746,2025-01-12,P008,R01,SR025,C031,59,30.8,1817.2
TXN11747,2025-10-26,P006,R02,SR026,C007,137,28.49,3903.13
TXN11748,2024-05-24,P004,R03,SR009,C054,54,46.35,2502.9
TXN11749,2024-06-02,P002,R02,SR020,C007,175,55.31,9679.25
TXN11750,2024-10-23,P002,R04,SR004,C029,27,54.7,1476.9
TXN11751,2024-06-16,P006,R01,SR007,C013,103,27.97,2880.91
TXN11752,2025-04-04,P007,R05,SR029,C084,118,44.45,5245.1
TXN11753,2024-06-14,P008,R02,SR026,C105,39,33.18,1294.02
TXN11754,2025-09-09,P001,R01,SR019,C055,101,40.08,4048.08
TXN11755,2024-12-23,P004,R02,SR002,C105,45,49.4,2223.0
TXN11756,2024-07-21,P003,R01,SR019,C012,72,34.68,2496.96
TXN11757,2024-10-16,P007,R04,SR004,C004,37,44.81,1657.97
TXN11758,2025-01-13,P007,R06,SR006,C061,67,40.43,2708.81
TXN11759,2024-08-09,P004,R03,SR003,C041,75,52.37,3927.75
TXN11760,2024-07-16,P004,R02,SR026,C090,45,48.85,2198.25
TXN11761,2025-12-04,P002,R02,SR014,C097,50,55.38,2769.0
TXN11762,2025-03-15,P007,R06,SR006,C079,110,43.52,4787.2
TXN11763,2024-03-10,P003,R01,SR019,C027,58,36.27,2103.66
TXN11764,2025-08-31,P008,R02,SR002,C049,1397,29.99,3148.95
TXN11765,2025-11-23,P003,R04,SR016,C046,17,34.64,588.88
TXN11766,2024-11-13,P002,R04,SR004,C103,87,53.14,4623.18
TXN11767,2025-09-29,P008,R05,SR005,C083,27,31.31,845.37
TXN11768,2024-07-13,P003,R01,SR025,C043,45,33.52,1508.4
TXN11769,2025-03-24,P002,R02,SR020,C026,87,51.7,4497.9
TXN11770,2025-03-31,P005,R02,SR014,C042,85,63.27,5377.95
TXN11771,2024-10-02,P002,R06,SR012,C098,117,51.12,5981.04
TXN11772,2024-01-07,P001,R03,SR027,C053,82,40.88,3352.16
TXN11773,2024-06-10,P002,R01,SR025,C067,155,58.65,9090.75
TXN11774,2025-04-06,P007,R01,SR007,C088,46,42.66,1962.36
TXN11775,2024-07-22,P007,R05,SR017,C068,40,43.51,1740.4
TXN11776,2025-03-13,P004,R04,SR004,C040,91,50.52,4597.32
TXN11777,2025-01-11,P006,R06,SR006,C098,100,29.44,2944.0
TXN11778,2024-09-23,P002,R01,SR025,C012,65,57.95,3766.75
TXN11779,2025-09-08,P006,R05,SR005,C093,66,28.25,1864.5
TXN11780,2024-11-05,P004,R06,SR012,C015,127,52.81,6706.87
TXN11781,2025-07-28,P001,R02,SR020,C071,109,40.05,4365.45
TXN11782,2025-07-10,P001,R02,SR014,C105,73,38.88,2838.24
TXN11783,2025-10-06,P001,R02,SR026,C034,105,39.21,4117.05
TXN11784,2024-05-14,P003,R04,SR010,C102,121,35.66,4314.86
TXN11785,2025-12-17,P004,R03,SR021,C053,62,48.24,2990.88
TXN11786,2024-04-12,P002,R04,SR022,C100,99,55.5,5494.5
TXN11787,2024-02-14,P001,R05,SR005,C084,185,42.67,7893.95
TXN11788,2025-04-25,P003,R06,SR024,C079,96,33.71,3236.16
TXN11789,2024-03-29,P001,R03,SR015,C009,40,39.2,1568.0
TXN11790,2024-02-03,P005,R05,SR029,C107,75,68.33,5124.75
TXN11791,2024-07-09,P007,R05,SR023,C114,57,42.34,2413.38
TXN11792,2025-07-10,P003,R02,SR020,C097,35,31.44,1100.4
TXN11793,2024-08-21,P007,R06,SR012,C051,44,46.51,2046.44
TXN11794,2024-07-15,P005,R03,SR021,C018,58,67.32,3904.56
TXN11795,2024-10-02,P001,R02,SR020,C034,91,38.0,3458.0
TXN11796,2024-05-12,P001,R02,SR020,C007,204,41.25,8415.0
TXN11797,2024-11-21,P007,R03,SR021,C052,45,42.69,1921.05
TXN11798,2024-12-10,P001,R01,SR019,C119,42,43.76,1837.92
TXN11799,2024-01-06,P001,R02,SR014,C058,66,41.18,2717.88
TXN11800,2024-08-21,P002,R02,SR014,C108,52,51.2,2662.4
TXN11801,2025-10-15,P001,R03,SR027,C003,124,38.83,4814.92
TXN11802,2024-10-01,P003,R01,SR007,C064,84,35.85,3011.4
TXN11803,2024-12-22,P005,R05,SR029,C107,56,70.72,3960.32
TXN11804,2024-05-03,P007,R05,SR029,C020,78,42.49,3314.22
TXN11805,2024-07-05,P001,R06,SR024,C087,71,42.2,2996.2
TXN11806,2025-03-06,P002,R05,SR005,C084,147,53.78,7905.66
TXN11807,2024-12-24,P006,R06,SR012,C116,44,28.64,1260.16
TXN11808,2025-02-18,P004,R03,SR015,C041,41,51.42,2108.22
TXN11809,2025-09-12,P001,R06,SR018,C016,98,40.87,4005.26
TXN11810,2025-03-02,P002,R01,SR025,C088,65,57.5,3737.5
TXN11811,2025-05-24,P007,R03,SR003,C041,80,41.27,3301.6
TXN11812,2024-02-16,P003,R01,SR013,C013,134,35.5,4757.0
TXN11813,2024-12-11,P007,R02,SR008,C007,100,43.15,4315.0
TXN11814,2024-09-15,P001,R03,SR027,C019,100,38.38,3838.0
TXN11815,2024-11-04,P002,R01,SR019,C067,155,50.02,7753.1
TXN11816,2025-07-09,P004,R01,SR001,C057,95,51.63,4904.85
TXN11817,2024-12-21,P001,R01,SR013,C094,84,40.03,3362.52
TXN11818,2024-08-03,P002,R02,SR020,C049,97,51.02,4948.94
TXN11819,2025-10-04,P006,R02,SR014,C097,19,26.76,508.44
TXN11820,2024-07-11,P001,R05,SR005,C112,87,39.45,3432.15
TXN11821,2024-01-23,P004,R06,SR018,C110,44,45.77,2013.88
TXN11822,2025-06-20,P005,R03,SR015,C030,35,70.72,2475.2
TXN11823,2024-04-07,P008,R01,SR025,C017,23,32.26,741.98
TXN11824,2024-07-22,P002,R03,SR015,C037,81,55.49,4494.69
TXN11825,2025-03-02,P001,R06,SR030,C015,187,39.31,7350.97
TXN11826,2025-09-13,P004,R01,SR001,C017,44,48.81,2147.64
TXN11827,2024-08-10,P004,R02,SR014,C034,56,49.63,2779.28
TXN11828,2024-11-16,P006,R01,SR007,C031,53,30.11,1595.83
TXN11829,2024-12-22,P001,R03,SR021,C082,110,40.81,4489.1
TXN11830,2025-05-28,P002,R05,SR005,C008,48,52.79,2533.92
TXN11831,2024-12-18,P006,R02,SR026,C090,38,29.32,1114.16
TXN11832,2024-03-24,P004,R05,SR011,C084,143,49.29,7048.47
TXN11833,2025-09-05,P004,R02,SR014,C007,99,49.86,4936.14
TXN11834,2025-01-23,P004,R06,SR018,C118,38,49.36,1875.68
TXN11835,2025-10-28,P003,R03,SR015,C052,25,32.68,817.0
TXN11836,2025-09-25,P002,R03,SR003,C109,41,53.75,2203.75
TXN11837,2024-08-22,P005,R04,SR028,C004,37,64.53,2387.61
TXN11838,2025-07-28,P003,R03,SR021,C054,70,34.81,2436.7
TXN11839,2024-01-10,P008,R03,SR027,C082,51,32.08,1636.08
TXN11840,2025-05-28,P005,R05,SR011,C008,60,69.99,4199.4
TXN11841,2024-05-22,P003,R03,SR027,C014,124,33.83,4194.92
TXN11842,2024-05-10,P005,R01,SR025,C043,37,65.83,2435.71
TXN11843,2025-06-25,P001,R01,SR007,C088,60,41.16,2469.6
TXN11844,2024-05-29,P001,R01,SR013,C119,53,40.85,2165.05
TXN11845,2024-07-14,P006,R01,SR001,C088,58,29.94,1736.52
TXN11846,2024-09-03,P006,R03,SR009,C014,77,29.77,2292.29
TXN11847,2025-10-14,P008,R02,SR002,C049,79,31.0,2449.0
TXN11848,2024-11-09,P006,R01,SR007,C111,82,29.17,2391.94
TXN11849,2024-12-05,P004,R06,SR006,C076,71,48.01,3408.71
TXN11850,2025-01-05,P007,R02,SR026,C101,120,41.09,4930.8
TXN11851,2025-02-05,P002,R02,SR026,C058,104,56.33,5858.32
TXN11852,2024-08-25,P004,R02,SR008,C075,103,45.57,4693.71
TXN11853,2024-11-02,P001,R03,SR009,C109,42,40.23,1689.66
TXN11854,2025-10-09,P004,R03,SR027,C003,91,50.0,4550.0
TXN11855,2024-08-12,P006,R04,SR028,C104,38,31.49,1196.62
TXN11856,2025-08-11,P002,R02,SR026,C069,54,56.99,3077.46
TXN11857,2024-12-25,P001,R06,SR012,C106,55,43.11,2371.05
TXN11858,2025-11-21,P005,R03,SR015,C009,24,66.52,1596.48
TXN11859,2024-03-16,P004,R06,SR006,C087,92,49.11,4518.12
TXN11860,2024-03-23,P002,R01,SR001,C055,88,57.68,5075.84
TXN11861,2024-02-18,P004,R01,SR025,C064,95,49.36,4689.2
TXN11862,2025-02-25,P006,R02,SR020,C026,79,27.88,2202.52
TXN11863,2025-06-16,P002,R02,SR026,C105,57,57.69,3288.33
TXN11864,2025-06-23,P001,R03,SR003,C072,76,39.54,3005.04
TXN11865,2025-09-07,P007,R03,SR009,C030,42,44.46,1867.32
TXN11866,2024-10-08,P006,R05,SR017,C084,95,30.53,2900.35
TXN11867,2024-04-09,P005,R03,SR009,C030,52,71.23,3703.96
TXN11868,2024-06-25,P002,R04,SR010,C102,94,53.91,5067.54
TXN11869,2024-10-22,P008,R02,SR014,C090,20,34.55,691.0
TXN11870,2025-03-19,P004,R06,SR024,C066,95,51.44,4886.8
TXN11871,2025-07-20,P003,R04,SR016,C039,104,32.25,3354.0
TXN11872,2025-07-15,P001,R03,SR027,C054,94,39.32,3696.08
TXN11873,2024-07-07,P007,R04,SR010,C065,30,43.17,1295.1
TXN11874,2024-11-13,P003,R02,SR002,C026,71,33.2,2357.2
TXN11875,2025-02-02,P003,R02,SR008,C026,71,34.38,2440.98
TXN11876,2025-09-05,P006,R04,SR022,C023,110,29.12,3203.2
TXN11877,2025-09-04,P005,R04,SR010,C046,16,66.6,1065.6
TXN11878,2025-02-01,P005,R02,SR020,C090,42,71.94,3021.48
TXN11879,2025-12-11,P002,R05,SR005,C093,73,54.4,3971.2
TXN11880,2025-04-19,P003,R02,SR014,C075,132,33.14,4374.48
TXN11881,2025-01-22,P001,R03,SR021,C072,57,40.54,2310.78
TXN11882,2025-07-15,P003,R01,SR025,C013,128,35.48,4541.44
TXN11883,2025-12-22,P003,R01,SR025,C057,66,33.68,2222.88
TXN11884,2024-10-27,P004,R02,SR002,C058,104,46.91,4878.64
TXN11885,2024-10-22,P008,R02,SR020,C042,71,31.87,2262.77
TXN11886,2025-03-23,P007,R03,SR027,C025,37,43.78,1619.86
TXN11887,2024-04-02,P003,R05,SR011,C056,64,34.42,2202.88
TXN11888,2025-10-08,P007,R04,SR022,C040,80,40.53,3242.4
TXN11889,2025-10-17,P004,R01,SR019,C013,123,48.49,5964.27
TXN11890,2025-08-09,P004,R01,SR007,C055,53,44.61,2364.33
TXN11891,2025-05-26,P002,R02,SR020,C097,52,53.85,2800.2
TXN11892,2025-08-02,P002,R05,SR023,C032,127,55.59,7059.93
TXN11893,2025-09-07,P004,R06,SR006,C098,109,52.61,5734.49
TXN11894,2025-12-07,P006,R05,SR017,C028,72,30.79,2216.88
TXN11895,2025-10-02,P005,R02,SR026,C105,43,68.18,2931.74
TXN11896,2025-08-23,P006,R03,SR015,C011,48,29.63,1422.24
TXN11897,2025-09-25,P001,R01,SR001,C088,73,40.52,2957.96
TXN11898,2025-06-04,P003,R02,SR026,C097,46,34.96,1608.16
TXN11899,2025-12-19,P005,R05,SR005,C112,49,68.12,3337.88
TXN11900,2024-11-21,P002,R01,SR007,C060,78,53.48,4171.44
TXN11901,2025-05-26,P005,R02,SR020,C090,42,66.07,2774.94
TXN11902,2025-02-24,P005,R03,SR009,C109,27,68.24,1842.48
TXN11903,2024-04-11,P002,R05,SR023,C107,126,55.08,6940.08
TXN11904,2024-05-04,P008,R01,SR007,C055,28,34.06,953.68
TXN11905,2025-02-10,P007,R06,SR024,C087,73,41.48,3028.04
TXN11906,2024-11-12,P006,R06,SR030,C106,36,28.05,1009.8
TXN11907,2025-08-28,P006,R04,SR016,C010,126,27.39,3451.14
TXN11908,2024-03-23,P003,R01,SR013,C013,142,33.94,4819.48
TXN11909,2024-06-02,P001,R01,SR007,C111,154,38.45,5921.3
TXN11910,2025-11-26,P003,R01,SR007,C094,43,33.15,1425.45
TXN11911,2025-11-25,P008,R02,SR008,C101,93,32.68,3039.24
TXN11912,2025-09-23,P004,R03,SR015,C054,40,43.33,1733.2
TXN11913,2025-05-25,P008,R06,SR024,C098,93,31.59,2937.87
TXN11914,2025-03-04,P002,R06,SR024,C079,110,58.84,6472.4
TXN11915,2024-03-21,P007,R02,SR026,C071,75,42.42,3181.5
TXN11916,2025-02-05,P002,R01,SR019,C022,134,56.47,7566.98
TXN11917,2025-05-13,P003,R01,SR007,C119,30,33.7,1011.0
TXN11918,2024-07-03,P006,R03,SR015,C072,31,28.38,879.78
TXN11919,2025-06-19,P006,R04,SR028,C023,121,28.73,3476.33
TXN11920,2025-05-06,P004,R03,SR021,C014,106,53.16,5634.96
TXN11921,2024-02-10,P008,R02,SR002,C108,53,31.07,1646.71
TXN11922,2025-05-09,P008,R02,SR014,C078,94,33.04,3105.76
TXN11923,2025-07-18,P005,R02,SR020,C058,93,71.32,6632.76
TXN11924,2024-03-28,P006,R05,SR023,C083,52,28.62,1488.24
TXN11925,2024-01-24,P004,R04,SR010,C010,127,47.07,5977.89
TXN11926,2024-08-01,P002,R05,SR023,C008,58,56.27,3263.66
TXN11927,2024-12-28,P001,R03,SR003,C003,130,39.32,5111.6
TXN11928,2024-10-02,P007,R04,SR028,C100,48,45.51,2184.48
TXN11929,2024-06-28,P003,R01,SR013,C094,61,33.55,2046.55
TXN11930,2025-12-01,P001,R02,SR026,C034,90,39.25,3532.5
TXN11931,2025-06-25,P008,R01,SR025,C094,41,32.33,1325.53
TXN11932,2025-04-23,P002,R06,SR006,C051,67,54.73,3666.91
TXN11933,2024-06-28,P003,R01,SR007,C119,23,34.0,782.0
TXN11934,2024-01-30,P004,R04,SR004,C065,42,49.11,2062.62
TXN11935,2025-12-21,P001,R02,SR014,C007,161,39.7,6391.7
TXN11936,2024-09-22,P006,R02,SR008,C092,30,27.9,837.0
TXN11937,2024-12-04,P001,R05,SR005,C114,62,40.97,2540.14
TXN11938,2025-08-22,P004,R02,SR026,C036,43,48.33,2078.19
TXN11939,2025-11-18,P005,R01,SR025,C013,106,67.01,7103.06
TXN11940,2024-06-08,P006,R02,SR002,C036,71,29.79,2115.09
TXN11941,2025-07-04,P006,R05,SR011,C084,160,29.74,4758.4
TXN11942,2025-07-13,P003,R06,SR018,C087,71,34.25,2431.75
TXN11943,2024-03-07,P003,R02,SR002,C026,81,33.51,2714.31
TXN11944,2025-06-25,P007,R01,SR025,C012,46,43.8,2014.8
TXN11945,2024-07-04,P004,R04,SR016,C005,73,51.0,3723.0
TXN11946,2025-01-19,P008,R02,SR008,C049,84,30.31,2546.04
TXN11947,2025-01-30,P003,R02,SR026,C058,117,34.93,4086.81
TXN11948,2025-01-22,P002,R02,SR020,C075,185,53.74,9941.9
TXN11949,2024-06-24,P001,R01,SR001,C057,90,38.93,3503.7
TXN11950,2024-12-14,P007,R02,SR008,C071,43,44.36,1907.48
TXN11951,2024-01-30,P001,R06,SR030,C051,62,41.08,2546.96
TXN11952,2024-12-04,P003,R02,SR026,C049,87,32.81,2854.47
TXN11953,2025-02-04,P003,R01,SR013,C111,127,35.05,4451.35
TXN11954,2025-05-26,P004,R03,SR021,C003,91,50.53,4598.23
TXN11955,2025-05-28,P001,R04,SR028,C103,92,41.05,3776.6
TXN11956,2024-06-30,P002,R01,SR001,C067,166,55.22,9166.52
TXN11957,2024-06-11,P001,R03,SR009,C009,58,38.22,2216.76
TXN11958,2024-02-07,P006,R04,SR010,C039,100,29.97,2997.0
TXN11959,2024-04-18,P001,R05,SR017,C073,90,37.74,3396.6
TXN11960,2024-07-06,P002,R01,SR025,C060,115,53.27,6126.05
TXN11961,2025-03-02,P002,R03,SR009,C037,90,55.66,5009.4
TXN11962,2025-01-11,P002,R01,SR013,C012,80,53.98,4318.4
TXN11963,2025-03-24,P002,R01,SR001,C027,51,58.22,2969.22
TXN11964,2025-09-12,P005,R01,SR007,C060,61,67.34,4107.74
TXN11965,2025-02-03,P004,R01,SR019,C043,55,51.79,2848.45
TXN11966,2024-12-11,P007,R04,SR028,C040,74,42.24,3125.76
TXN11967,2024-05-02,P001,R02,SR002,C036,68,41.65,2832.2
TXN11968,2024-01-23,P002,R02,SR002,C075,189,54.63,10325.07
TXN11969,2024-03-27,P002,R01,SR013,C060,100,59.38,5938.0
TXN11970,2025-05-07,P003,R04,SR016,C040,90,34.55,3109.5
TXN11971,2025-08-05,P005,R05,SR029,C008,36,67.8,2440.8
TXN11972,2024-11-21,P008,R06,SR018,C035,52,29.48,1532.96
TXN11973,2024-07-04,P001,R03,SR009,C052,44,40.47,1780.68
TXN11974,2024-05-04,P003,R01,SR019,C094,72,34.55,2487.6
TXN11975,2024-01-08,P008,R03,SR021,C025,19,31.51,598.69
TXN11976,2025-04-10,P002,R02,SR002,C034,121,55.81,6753.01
TXN11977,2025-07-26,P001,R01,SR001,C027,48,42.16,2023.68
TXN11978,2024-09-28,P001,R04,SR028,C040,81,41.52,3363.12
TXN11979,2025-06-09,P002,R01,SR025,C017,56,57.91,3242.96
TXN11980,2025-11-22,P007,R05,SR023,C114,42,45.1,1894.2
TXN11981,2025-05-04,P004,R02,SR002,C042,146,46.89,6845.94
TXN11982,2024-09-11,P006,R01,SR019,C094,55,27.54,1514.7
TXN11983,2024-04-09,P007,R06,SR006,C015,166,42.45,7046.7
TXN11984,2024-09-15,P007,R05,SR029,C081,94,43.48,4087.12
TXN11985,2024-04-21,P002,R06,SR024,C059,161,56.19,9046.59
TXN11986,2024-08-22,P007,R06,SR006,C015,112,40.98,4589.76
TXN11987,2024-08-21,P003,R04,SR022,C070,139,32.79,4557.81
TXN11988,2024-07-29,P002,R01,SR025,C055,75,52.73,3954.75
TXN11989,2024-05-17,P006,R03,SR015,C041,39,27.94,1089.66
TXN11990,2024-06-21,P004,R04,SR010,C040,91,47.6,4331.6
TXN11991,2024-03-19,P006,R05,SR017,C032,91,29.82,2713.62
TXN11992,2024-05-05,P004,R03,SR021,C041,84,49.22,4134.48
TXN11993,2024-11-01,P008,R05,SR017,C032,64,32.3,2067.2
TXN11994,2025-07-28,P006,R04,SR010,C080,109,,3293.98
TXN11995,2024-06-13,P005,R05,SR023,C063,79,62.88,4967.52
TXN11996,2025-05-26,P002,R02,SR014,C090,66,56.38,3721.08
TXN11997,2025-04-28,P004,R06,SR030,C016,100,50.61,5061.0
TXN11998,2024-01-12,P008,R02,SR014,C097,22,33.9,745.8
TXN11999,2024-03-22,P007,R02,SR014,C090,26,41.27,1073.02
TXN12000,2024-04-04,P004,R06,SR006,C062,52,49.6,2579.2
TXN12001,2024-09-28,P004,R05,SR023,C084,150,48.81,7321.5
TXN12002,2024-04-30,P002,R06,SR018,C051,37,58.17,2152.29
TXN12003,2024-08-12,P001,R03,SR027,C082,103,41.73,4298.19
TXN12004,2024-06-22,P004,R02,SR014,C007,97,48.63,4717.11
TXN12005,2024-11-09,P005,R01,SR025,C057,54,67.77,3659.58
TXN12006,2024-11-11,P005,R01,SR007,C017,36,65.95,2374.2
TXN12007,2025-12-08,P003,R06,SR012,C015,143,34.55,4940.65
TXN12008,2024-08-29,P004,R06,SR006,C086,110,53.13,5844.3
TXN12009,2025-11-07,P001,R02,SR026,C069,69,40.09,2766.21
TXN12010,2024-10-30,P005,R05,SR023,C063,72,64.63,4653.36
TXN12011,2024-12-09,P001,R01,SR001,C012,72,40.24,2897.28
TXN12012,2025-06-01,P007,R01,SR007,C088,49,41.24,2020.76
TXN12013,2024-02-19,P006,R05,SR005,C096,58,28.62,1659.96
TXN12014,2025-09-04,P005,R05,SR029,C096,50,66.91,3345.5
TXN12015,2024-05-04,P002,R03,SR009,C072,34,53.0,1802.0
TXN12016,2024-01-08,P006,R01,SR007,C111,115,29.67,3412.05
TXN12017,2024-01-11,P004,R01,SR013,C111,142,49.49,7027.58
TXN12018,2025-01-02,P004,R01,SR019,C088,51,48.36,2466.36
TXN12019,2025-10-26,P001,R01,SR007,C055,67,38.85,2602.95
TXN12020,2024-05-21,P005,R01,SR025,C027,42,72.11,3028.62
TXN12021,2025-02-26,P001,R04,SR004,C080,187,38.18,7139.66
TXN12022,2025-06-01,P007,R03,SR021,C014,94,41.54,3904.76
TXN12023,2025-05-15,P005,R05,SR005,C096,59,66.24,3908.16
TXN12024,2025-08-29,P008,R01,SR025,C043,35,30.85,1079.75
TXN12025,2024-03-09,P002,R04,SR004,C100,74,56.37,4171.38
TXN12026,2024-09-03,P008,R06,SR030,C035,83,31.87,2645.21
TXN12027,2025-09-18,P004,R02,SR014,C071,60,48.68,2920.8
TXN12028,2024-12-18,P002,R03,SR027,C082,69,56.32,3886.08
TXN12029,2025-06-27,P003,R04,SR010,C104,72,36.3,2613.6
TXN12030,2024-10-04,P007,R03,SR003,C054,54,43.54,2351.16
TXN12031,2024-05-31,P008,R04,SR028,C005,63,31.91,2010.33
TXN12032,2025-11-16,P003,R01,SR007,C043,44,33.11,1456.84
TXN12033,2024-11-20,P007,R03,SR021,C030,57,42.2,2405.4
TXN12034,2024-09-09,P007,R03,SR003,C025,31,41.28,1279.68
TXN12035,2024-07-07,P002,R04,SR022,C103,97,54.4,5276.8
TXN12036,2024-03-05,P002,R06,SR030,C045,115,55.81,6418.15
TXN12037,2025-03-22,P005,R02,SR026,C036,45,70.97,3193.65
TXN12038,2025-09-06,P006,R03,SR015,C025,14,30.34,424.76
TXN12039,2024-03-11,P002,R06,SR006,C001,66,54.92,3624.72
TXN12040,2025-10-15,P002,R01,SR007,C031,74,55.4,4099.6
TXN12041,2025-08-06,P006,R01,SR007,C094,42,30.22,1269.24
TXN12042,2024-09-12,P008,R06,SR006,C044,64,32.95,2108.8
TXN12043,2024-09-10,P008,R05,SR029,C115,66,32.6,2151.6
TXN12044,2025-03-17,P003,R03,SR027,C018,73,35.29,2576.17
TXN12045,2025-01-12,P005,R06,SR012,C113,58,67.54,3917.32
TXN12046,2025-01-12,P003,R06,SR012,C074,54,33.56,1812.24
TXN12047,2025-05-11,P004,R05,SR005,C038,55,49.09,2699.95
TXN12048,2024-02-05,P005,R01,SR019,C088,68,66.72,4536.96
TXN12049,2025-04-30,P008,R01,SR013,C022,81,33.11,2681.91
TXN12050,2024-12-22,P004,R02,SR002,C071,60,48.53,2911.8
TXN12051,2025-03-01,P003,R01,SR013,C119,35,33.86,1185.1
TXN12052,2024-09-16,P003,R02,SR026,C033,135,32.85,4434.75
TXN12053,2025-07-25,P002,R01,SR019,C031,111,54.81,6083.91
TXN12054,2024-04-24,P001,R01,SR019,C111,230,40.61,9340.3
TXN12055,2024-11-04,P007,R02,SR008,C042,70,44.26,3098.2
TXN12056,2025-06-21,P003,R05,SR023,C020,110,34.16,3757.6
TXN12057,2024-07-25,P006,R01,SR019,C043,40,29.17,1166.8
TXN12058,2025-10-20,P003,R03,SR003,C054,65,33.29,2163.85
TXN12059,2024-09-08,P003,R01,SR001,C067,129,32.27,4162.83
TXN12060,2025-09-13,P001,R01,SR007,C017,49,41.28,2022.72
TXN12061,2025-07-16,P006,R06,SR030,C118,40,27.95,1118.0
TXN12062,2025-11-22,P001,R06,SR030,C047,42,39.15,1644.3
TXN12063,2025-09-15,P005,R01,SR025,C057,50,68.46,3423.0
TXN12064,2025-09-05,P001,R01,SR007,C064,114,38.86,4430.04
TXN12065,2025-04-02,P004,R02,SR014,C033,162,48.71,7891.02
TXN12066,2025-11-26,P003,R04,SR028,C091,72,34.58,2489.76
TXN12067,2024-09-14,P003,R03,SR003,C018,60,34.37,2062.2
TXN12068,2024-07-04,P002,R02,SR014,C036,38,54.96,2088.48
TXN12069,2024-02-18,P004,R05,SR023,C038,66,48.6,3207.6
TXN12070,2024-10-08,P001,R01,SR025,C012,69,40.12,2768.28
TXN12071,2024-07-06,P004,R06,SR030,C015,122,50.59,6171.98
TXN12072,2025-10-04,P001,R03,SR015,C053,65,38.13,2478.45
TXN12073,2024-07-01,P001,R06,SR006,C079,174,43.13,7504.62
TXN12074,2024-06-04,P001,R06,SR030,C044,69,41.05,2832.45
TXN12075,2024-07-23,P003,R06,SR030,C098,92,34.26,3151.92
TXN12076,2024-11-19,P004,R01,SR019,C027,28,47.49,1329.72
TXN12077,2025-03-26,P005,R05,SR005,C096,58,68.49,3972.42
TXN12078,2024-11-07,P004,R06,SR012,C016,94,49.18,4622.92
TXN12079,2025-03-28,P002,R01,SR007,C027,990,54.29,2714.5
TXN12080,2024-01-17,P002,R02,SR014,C071,63,58.22,3667.86
TXN12081,2024-08-04,P004,R03,SR027,C037,939,47.4,4029.0
TXN12082,2025-04-19,P004,R03,SR003,C082,71,50.84,3609.64
TXN12083,2024-06-13,P004,R02,SR026,C036,41,49.2,2017.2
TXN12084,2025-08-05,P004,R05,SR023,C114,45,50.81,2286.45
TXN12085,2025-05-31,P006,R03,SR009,C109,33,29.44,971.52
TXN12086,2025-09-22,P005,R06,SR018,C035,58,69.14,4010.12
TXN12087,2024-08-12,P003,R01,SR001,C022,89,35.96,3200.44
TXN12088,2024-09-20,P004,R04,SR022,C095,58,51.18,2968.44
TXN12089,2025-05-31,P004,R01,SR019,C119,34,50.42,1714.28
TXN12090,2025-05-17,P005,R06,SR030,C062,44,67.41,2966.04
TXN12091,2024-11-05,P006,R03,SR009,C019,49,29.88,1464.12
TXN12092,2024-10-31,P001,R06,SR030,C050,35,41.28,1444.8
TXN12093,2025-10-08,P006,R02,SR026,C092,46,27.88,1282.48
TXN12094,2024-12-01,P008,R02,SR014,C071,31,30.48,944.88
TXN12095,2024-04-12,P005,R03,SR003,C011,72,68.66,4943.52
TXN12096,2024-03-06,P001,R02,SR014,C105,59,41.37,2440.83
TXN12097,2024-09-10,P005,R02,SR026,C105,33,72.03,2376.99
TXN12098,2025-01-22,P002,R01,SR025,C022,117,50.86,5950.62
TXN12099,2025-04-10,P005,R03,SR015,C037,61,67.95,4144.95
TXN12100,2025-10-22,P003,R04,SR010,C048,62,34.31,2127.22
TXN12101,2025-05-19,P006,R01,SR019,C012,62,27.87,1727.94
TXN12102,2025-12-03,P006,R04,SR004,C103,77,28.37,2184.49
TXN12103,2024-09-29,P001,R02,SR020,C034,92,38.89,3577.88
TXN12104,2025-09-19,P004,R01,SR013,C022,93,49.52,4605.36
TXN12105,2025-12-03,P008,R01,SR025,C031,50,32.93,1646.5
TXN12106,2025-09-13,P002,R05,SR011,C084,176,53.4,9398.4
TXN12107,2024-03-24,P002,R04,SR022,C005,105,58.85,6179.25
TXN12108,2024-11-13,P003,R01,SR019,C043,55,35.11,1931.05
TXN12109,2024-07-14,P008,R05,SR029,C038,25,30.43,760.75
TXN12110,2024-03-18,P006,R05,SR005,C096,59,28.79,1698.61
TXN12111,2025-10-07,P002,R05,SR017,C117,71,56.19,3989.49
TXN12112,2025-12-27,P005,R03,SR021,C052,26,68.98,1793.48
TXN12113,2024-02-03,P006,R02,SR008,C049,60,28.28,1696.8
TXN12114,2024-11-07,P008,R02,SR014,C026,33,31.25,1031.25
TXN12115,2024-04-30,P002,R04,SR004,C070,159,55.37,8803.83
TXN12116,2024-07-28,P006,R04,SR016,C095,43,27.42,1179.06
TXN12117,2025-02-20,P005,R05,SR023,C112,57,70.73,4031.61
TXN12118,2025-09-29,P004,R04,SR010,C004,60,49.92,2995.2
TXN12119,2025-05-05,P007,R06,SR018,C085,78,43.54,3396.12
TXN12120,2024-02-24,P001,R06,SR024,C035,134,39.81,5334.54
TXN12121,2024-08-16,P001,R06,SR030,C062,53,39.93,2116.29
TXN12122,2024-03-29,P003,R04,SR010,C102,78,32.36,2524.08
TXN12123,2025-04-05,P002,R01,SR019,C111,157,53.93,8467.01
TXN12124,2025-04-01,P001,R01,SR001,C088,78,41.95,3272.1
TXN12125,2024-11-21,P008,R02,SR020,C058,47,31.53,1481.91
TXN12126,2024-04-28,P005,R01,SR025,C064,89,70.06,6235.34
TXN12127,2024-08-10,P001,R01,SR013,C031,115,40.54,4662.1
TXN12128,2024-03-24,P004,R01,SR019,C119,31,49.01,1519.31
TXN12129,2025-07-10,P008,R01,SR001,C111,89,33.0,2937.0
TXN12130,2025-07-25,P007,R02,SR008,C108,70,41.25,2887.5
TXN12131,2024-10-18,P007,R01,SR019,C031,76,44.15,3355.4
TXN12132,2025-06-09,P001,R04,SR004,C065,53,39.62,2099.86
TXN12133,2024-02-13,P001,R04,SR028,C104,97,41.89,4063.33
TXN12134,2024-07-21,P001,R03,SR003,C024,58,41.27,2393.66
TXN12135,2025-11-24,P007,R06,SR006,C035,105,42.63,4476.15
TXN12136,2025-03-09,P005,R01,SR001,C111,117,68.36,7998.12
TXN12137,2025-03-21,P002,R03,SR015,C109,34,51.71,1758.14
TXN12138,2024-04-23,P004,R06,SR006,C086,119,49.01,5832.19
TXN12139,2024-08-01,P006,R02,SR026,C069,45,29.65,1334.25
TXN12140,2024-03-26,P002,R02,SR002,C042,147,54.5,8011.5
TXN12141,2024-04-10,P001,R01,SR001,C088,104,39.93,4152.72
TXN12142,2025-12-07,P002,R01,SR001,C060,123,55.86,6870.78
TXN12143,2025-08-31,P008,R04,SR010,C005,42,32.39,1360.38
TXN12144,2025-12-22,P008,R05,SR011,C028,79,32.76,2588.04
TXN12145,2024-11-12,P002,R06,SR030,C086,88,54.93,4833.84
TXN12146,2025-10-16,P008,R02,SR026,C071,46,30.66,1410.36
TXN12147,2025-11-04,P007,R04,SR016,C091,89,40.41,3596.49
TXN12148,2024-12-02,P004,R02,SR002,C069,45,48.25,2171.25
TXN12149,2025-02-15,P001,R06,SR012,C106,70,40.19,2813.3
TXN12150,2024-05-15,P001,R01,SR019,C067,215,37.42,8045.3
TXN12151,2025-06-13,P003,R03,SR027,C024,52,33.57,1745.64
TXN12152,2024-10-09,P005,R03,SR027,C011,50,71.6,3580.0
TXN12153,2025-02-15,P006,R05,SR017,C056,37,28.07,1038.59
TXN12154,2024-08-18,P008,R01,SR001,C027,22,32.14,707.08
TXN12155,2024-11-01,P008,R03,SR009,C041,33,31.22,1030.26
TXN12156,2024-07-05,P008,R04,SR022,C029,29,31.52,914.08
TXN12157,2024-04-15,P007,R03,SR015,C019,53,42.42,2248.26
TXN12158,2025-08-10,P001,R01,SR007,C012,72,37.73,2716.56
TXN12159,2024-02-02,P003,R05,SR005,C115,151,31.95,4824.45
TXN12160,2025-04-02,P004,R04,SR010,C004,44,49.5,2178.0
TXN12161,2025-08-19,P001,R01,SR007,C057,77,39.41,3034.57
TXN12162,2024-11-26,P002,R01,SR007,C055,35,52.13,1824.55
TXN12163,2025-12-03,P002,R01,SR001,C017,42,55.7,2339.4
TXN12164,2024-06-14,P006,R04,SR010,C039,79,27.99,2211.21
TXN12165,2024-02-09,P005,R02,SR014,C007,96,66.76,6408.96
TXN12166,2024-07-11,P008,R05,SR011,C115,108,31.39,3390.12
TXN12167,2024-12-04,P005,R03,SR021,C109,52,66.89,3478.28
TXN12168,2025-11-03,P004,R01,SR007,C111,94,46.58,4378.52
TXN12169,2024-01-11,P005,R02,SR008,C090,44,72.74,3200.56
TXN12170,2025-03-31,P008,R05,SR017,C008,47,30.94,1454.18
TXN12171,2024-01-24,P008,R04,SR010,C040,40,32.27,1290.8
TXN12172,2024-07-12,P001,R05,SR011,C038,70,41.1,2877.0
TXN12173,2025-07-16,P008,R03,SR027,C024,46,32.01,1472.46
TXN12174,2025-11-16,P003,R05,SR023,C038,51,32.93,1679.43
TXN12175,2025-07-30,P002,R03,SR003,C037,119,53.52,6368.88
TXN12176,2024-02-26,P003,R04,SR022,C080,140,32.3,4522.0
TXN12177,2025-04-25,P008,R02,SR014,C071,49,31.36,1536.64
TXN12178,2025-01-28,P003,R06,SR018,C120,69,34.22,2361.18
TXN12179,2024-08-26,P007,R02,SR020,C026,59,44.15,2604.85
TXN12180,2025-02-26,P001,R05,SR017,C084,190,39.39,7484.1
TXN12181,2024-11-24,P002,R02,SR026,C078,166,51.53,8553.98
TXN12182,2024-03-13,P006,R05,SR005,C114,46,27.06,1244.76
TXN12183,2024-11-27,P001,R03,SR027,C024,52,39.97,2078.44
TXN12184,2024-06-12,P001,R03,SR009,C025,36,38.71,1393.56
TXN12185,2024-09-11,P005,R06,SR030,C098,70,64.16,4491.2
TXN12186,2024-05-21,P005,R01,SR025,C057,68,68.78,4677.04
TXN12187,2025-02-21,P005,R04,SR022,C091,104,69.05,7181.2
TXN12188,2024-11-27,P004,R03,SR015,C052,33,47.46,1566.18
TXN12189,2025-04-13,P008,R01,SR001,C064,80,31.86,2548.8
TXN12190,2024-01-16,P003,R05,SR029,C117,50,33.91,1695.5
TXN12191,2025-07-17,P001,R01,SR025,C057,97,38.29,3714.13
TXN12192,2025-10-29,P004,R01,SR013,C064,83,50.93,4227.19
TXN12193,2025-09-07,P006,R01,SR019,C027,41,27.81,1140.21
TXN12194,2025-12-15,P005,R06,SR018,C050,24,65.89,1581.36
TXN12195,2024-01-26,P004,R01,SR013,C027,45,49.09,2209.05
TXN12196,2024-03-30,P005,R02,SR026,C007,143,70.03,10014.29
TXN12197,2024-02-11,P001,R01,SR007,C094,72,39.74,2861.28
TXN12198,2024-11-16,P002,R06,SR006,C099,53,54.48,2887.44
TXN12199,2025-11-03,P006,R02,SR020,C078,142,29.42,4177.64
TXN12200,2025-09-04,P002,R02,SR002,C042,154,53.27,8203.58
TXN12201,2025-06-02,P005,R06,SR024,C120,66,65.81,4343.46
TXN12202,2024-02-20,P007,R03,SR015,C053,53,42.44,2249.32
TXN12203,2025-09-29,P001,R02,SR014,C092,52,39.57,2057.64
TXN12204,2024-05-17,P008,R05,SR011,C093,71,31.97,2269.87
TXN12205,2024-08-08,P003,R02,SR002,C101,119,36.78,4376.82
TXN12206,2024-05-04,P005,R06,SR006,,67,65.3,4375.1
TXN12207,2025-10-15,P005,R01,SR001,C031,60,64.65,3879.0
TXN12208,2025-07-13,P004,R01,SR013,C013,135,49.86,6731.1
TXN12209,2024-06-09,P003,R05,SR005,C056,51,34.74,1771.74
TXN12210,2025-06-20,P004,R01,SR001,C012,65,51.02,3316.3
TXN12211,2024-07-03,P002,R02,SR002,C007,198,55.95,11078.1
TXN12212,2025-07-24,P005,R04,SR004,C040,89,66.21,5892.69
TXN12213,2024-11-23,P004,R02,SR008,C092,41,50.22,2059.02
TXN12214,2024-01-04,P008,R02,SR008,C090,32,32.68,1045.76
TXN12215,2024-10-20,P002,R06,SR030,C076,69,56.03,3866.07
TXN12216,2025-02-20,P003,R02,SR008,C101,105,34.2,3591.0
TXN12217,2025-05-09,P007,R04,SR022,C102,102,43.45,4431.9
TXN12218,2025-02-06,P007,R02,SR008,C108,52,42.49,2209.48
TXN12219,2024-09-05,P002,R01,SR025,C017,47,55.94,2629.18
TXN12220,2024-10-21,P002,R01,SR013,C094,65,53.31,3465.15
TXN12221,2025-09-21,P001,R02,SR026,C069,79,39.21,3097.59
TXN12222,2025-12-11,P001,R04,SR016,C029,42,39.89,1675.38
TXN12223,2025-09-10,P005,R01,SR025,C031,65,67.05,4358.25
TXN12224,2024-09-25,P005,R03,SR003,C041,40,66.07,2642.8
TXN12225,2024-05-08,P003,R02,SR002,C034,69,34.41,2374.29
TXN12226,2024-11-21,P006,R02,SR002,C071,66,28.24,1863.84
TXN12227,2025-12-17,P001,R01,SR007,C022,100,40.11,4011.0
TXN12228,2024-08-25,P002,R01,SR001,C017,53,54.51,2889.03
TXN12229,2025-01-22,P007,R01,SR019,C088,61,40.62,2477.82
TXN12230,2024-05-04,P001,R01,SR007,C057,92,41.91,3855.72
TXN12231,2025-10-04,P004,R02,SR020,C071,74,45.72,3383.28
TXN12232,2024-12-04,P006,R01,SR019,C027,45,28.09,1264.05
TXN12233,2024-03-26,P002,R01,SR001,C043,52,52.99,2755.48
TXN12234,2025-10-11,P006,R01,SR007,C094,41,29.28,1200.48
TXN12235,2024-11-18,P007,R06,SR012,C089,26,42.37,1101.62
TXN12236,2024-06-13,P002,R01,SR007,C012,63,56.33,3548.79
TXN12237,2024-12-29,P007,R01,SR007,C094,47,41.1,1931.7
TXN12238,2025-04-02,P003,R01,SR025,C027,32,35.56,1137.92
TXN12239,2024-08-06,P005,R04,SR028,C005,75,67.01,5025.75
TXN12240,2025-01-25,P003,R05,SR023,C032,122,35.3,4306.6
TXN12241,2024-08-10,P004,R06,SR012,C016,96,48.81,4685.76
TXN12242,2025-05-23,P002,R01,SR025,C067,169,56.73,9587.37
TXN12243,2024-08-24,P007,R06,SR012,C002,72,42.76,3078.72
TXN12244,2024-08-31,P007,R01,SR013,C055,61,43.38,2646.18
TXN12245,2024-06-26,P007,R02,SR026,C105,31,40.22,1246.82
TXN12246,2025-02-06,P007,R01,SR019,C031,76,44.69,3396.44
TXN12247,2024-10-24,P002,R01,SR007,C043,26,58.78,1528.28
TXN12248,2025-07-09,P004,R03,SR009,C030,51,48.55,2476.05
TXN12249,2024-11-20,P001,R01,SR019,C043,72,38.75,2790.0
TXN12250,2024-04-24,P005,R01,SR001,C055,68,67.9,4617.2
TXN12251,2025-10-26,P007,R02,SR020,C092,48,40.68,1952.64
TXN12252,2024-06-26,P007,R06,SR030,C085,91,40.33,3670.03
TXN12253,2024-02-08,P007,R05,SR029,C020,82,44.91,3682.62
TXN12254,2024-09-16,P006,R06,SR006,C087,72,28.91,2081.52
TXN12255,2025-09-05,P007,R06,SR018,C050,28,41.39,1158.92
TXN12256,2024-05-05,P004,R02,SR026,C069,42,48.68,2044.56
TXN12257,2024-03-17,P007,R05,SR029,C068,49,40.58,1988.42
TXN12258,2024-11-16,P004,R03,SR009,C011,46,47.68,2193.28
TXN12259,2025-05-21,P002,R02,SR008,C034,72,55.78,4016.16
TXN12260,2025-07-06,P005,R01,SR013,C043,47,62.68,2945.96
TXN12261,2024-07-03,P002,R03,SR021,C014,111,54.27,6023.97
TXN12262,2025-02-13,P005,R02,SR026,C092,41,66.58,2729.78
TXN12263,2025-05-05,P008,R01,SR007,C043,30,31.84,955.2
TXN12264,2025-03-24,P002,R01,SR007,C057,77,59.13,4553.01
TXN12265,2025-07-29,P001,R03,SR015,C109,43,41.92,1802.56
TXN12266,2024-12-21,P006,R01,SR001,C012,50,29.66,1483.0
TXN12267,2025-09-11,P003,R01,SR013,C060,85,33.08,2811.8
TXN12268,2025-08-07,P002,R05,SR023,C107,139,55.99,7782.61
TXN12269,2024-12-25,P005,R01,SR007,C043,36,62.79,2260.44
TXN12270,2025-02-26,P002,R03,SR003,C019,84,55.63,4672.92
TXN12271,2025-10-18,P001,R05,SR005,C115,152,41.93,6373.36
TXN12272,2025-05-31,P008,R01,SR001,C119,22,31.55,694.1
TXN12273,2024-02-06,P004,R04,SR016,C048,79,45.67,3607.93
TXN12274,2024-10-30,P006,R05,SR017,C056,42,29.89,1255.38
TXN12275,2024-03-06,P003,R04,SR022,C040,93,32.71,3042.03
TXN12276,2024-02-20,P007,R02,SR002,C034,67,43.05,2884.35
TXN12277,2024-11-28,P005,R01,SR019,C043,28,68.19,1909.32
TXN12278,2025-03-01,P003,R03,SR015,C025,30,33.81,1014.3
TXN12279,2024-02-25,P001,R02,SR020,C105,71,40.51,2876.21
TXN12280,2024-08-18,P001,R01,SR013,C088,89,37.08,3300.12
TXN12281,2024-02-21,P007,R01,SR001,C088,61,44.13,2691.93
TXN12282,2025-02-26,P002,R01,SR001,C057,85,58.46,4969.1
TXN12283,2025-07-08,P007,R02,SR008,C078,133,45.73,6082.09
TXN12284,2024-04-01,P006,R01,SR025,C055,58,28.21,1636.18
TXN12285,2024-05-05,P002,R05,SR005,C056,50,56.5,2825.0
TXN12286,2025-04-30,P005,R03,SR021,C037,108,65.97,7124.76
TXN12287,2024-08-02,P007,R03,SR003,C024,55,43.0,2365.0
TXN12288,2025-03-20,P002,R03,SR027,C011,92,53.28,4901.76
TXN12289,2024-02-23,P006,R03,SR009,C037,71,29.54,2097.34
TXN12290,2024-05-23,P004,R01,SR013,C055,51,50.6,2580.6
TXN12291,2024-01-24,P003,R02,SR014,C075,95,34.39,3267.05
TXN12292,2025-03-04,P004,R04,SR016,C029,34,50.99,1733.66
TXN12293,2024-03-30,P006,R05,SR011,C083,57,29.73,1694.61
TXN12294,2025-04-01,P004,R03,SR021,C006,86,49.14,4226.04
TXN12295,2024-03-17,P007,R02,SR014,C026,38,42.87,1629.06
TXN12296,2024-06-02,P002,R05,SR017,C028,123,53.6,6592.8
TXN12297,2024-02-07,P003,R06,SR006,C047,66,33.2,2191.2
TXN12298,2025-08-20,P001,R02,SR014,C092,53,42.66,2260.98
TXN12299,2024-03-12,P003,R03,SR009,C030,42,33.5,1407.0
TXN12300,2024-01-06,P001,R03,SR003,C018,94,42.17,3963.98
TXN12301,2024-10-22,P003,R03,SR003,C014,84,35.24,2960.16
TXN12302,2025-08-27,P003,R06,SR018,C059,100,32.97,3297.0
TXN12303,2025-09-13,P004,R03,SR015,C052,31,50.27,1558.37
TXN12304,2024-03-05,P008,R02,SR008,C108,39,32.31,1260.09
TXN12305,2025-09-17,P008,R04,SR028,C102,59,33.71,1988.89
TXN12306,2024-08-03,P005,R06,SR030,C086,74,70.98,5252.52
TXN12307,2025-05-03,P007,R05,SR005,C008,37,41.76,1545.12
TXN12308,2025-01-14,P005,R01,SR001,C119,35,69.94,2447.9
TXN12309,2025-01-16,P002,R01,SR001,C067,149,54.37,8101.13
TXN12310,2025-10-01,P008,R04,SR016,C104,42,32.18,1351.56
TXN12311,2024-10-23,P004,R02,SR002,C078,139,50.73,7051.47
TXN12312,2024-02-06,P004,R01,SR025,C031,85,47.26,4017.1
TXN12313,2025-08-30,P002,R06,SR024,C015,128,57.35,7340.8
TXN12314,2025-08-08,P004,R01,SR001,C027,36,50.72,1825.92
TXN12315,2025-01-01,P002,R01,SR025,C057,81,53.64,4344.84
TXN12316,2025-05-24,P002,R02,SR014,C108,86,53.22,4576.92
TXN12317,2025-07-15,P001,R02,SR020,C090,80,37.38,2990.4
TXN12318,2025-04-05,P002,R02,SR002,C105,74,54.86,4059.64
TXN12319,2025-05-24,P006,R01,SR013,C017,44,28.97,1274.68
TXN12320,2024-09-12,P002,R01,SR019,C064,115,53.35,6135.25
TXN12321,2024-05-02,P003,R01,SR007,C017,31,35.98,1115.38
TXN12322,2024-01-27,P003,R01,SR001,C064,92,36.07,3318.44
TXN12323,2024-12-27,P005,R06,SR006,C015,136,69.15,9404.4
TXN12324,2024-05-20,P003,R06,SR006,C001,42,34.49,1448.58
TXN12325,2025-11-09,P003,R02,SR026,C042,111,34.88,3871.68
TXN12326,2025-08-06,P004,R05,SR011,C063,88,47.33,4165.04
TXN12327,2024-08-31,P001,R02,SR008,C092,34,39.87,1355.58
TXN12328,2024-04-25,P006,R04,SR022,C039,102,30.95,3156.9
TXN12329,2025-02-23,P003,R01,SR025,C088,61,34.2,2086.2
TXN12330,2025-12-24,P006,R02,SR020,C108,82,29.72,2437.04
TXN12331,2024-08-03,P005,R05,SR005,C093,58,67.27,3901.66
TXN12332,2025-08-17,P002,R01,SR019,C119,29,55.07,1597.03
TXN12333,2024-03-07,P006,R03,SR027,C109,52,29.97,1558.44
TXN12334,2025-12-26,P006,R01,SR019,C067,112,30.06,3366.72
TXN12335,2025-04-03,P005,R05,SR023,C112,66,71.5,4719.0
TXN12336,2024-11-18,P005,R01,SR019,C012,62,69.6,4315.2
TXN12337,2025-12-01,P005,R02,SR014,C078,108,71.11,7679.88
TXN12338,2025-11-21,P004,R01,SR001,C067,96,48.65,4670.4
TXN12339,2025-11-15,P001,R05,SR005,C038,72,40.37,2906.64
TXN12340,2024-11-30,P001,R03,SR027,C009,66,41.84,2761.44
TXN12341,2025-12-03,P004,R05,SR029,C114,39,47.75,1862.25
TXN12342,2025-05-04,P005,R01,SR001,C017,32,67.43,2157.76
TXN12343,2024-01-11,P008,R04,SR010,C095,33,31.25,1031.25
TXN12344,2025-11-30,P003,R01,SR007,C017,31,31.41,973.71
TXN12345,2024-07-06,P003,R01,SR013,C088,66,33.97,2242.02
TXN12346,2025-02-18,P004,R01,SR019,C022,106,47.33,5016.98
TXN12347,2024-07-12,P001,R02,SR020,C058,116,41.66,4832.56
TXN12348,2024-01-22,P001,R01,SR019,C094,95,40.02,3801.9
TXN12349,2024-12-28,P004,R02,SR008,C058,54,50.9,2748.6
TXN12350,2025-04-17,P002,R05,SR023,C114,72,50.17,3612.24
TXN12351,2024-02-02,P002,R03,SR021,C037,117,53.81,6295.77
TXN12352,2025-10-15,P005,R03,SR009,C024,30,68.25,2047.5
TXN12353,2024-03-23,P005,R01,SR025,C012,64,70.36,4503.04
TXN12354,2025-03-16,P001,R01,SR007,C027,43,40.97,1761.71
TXN12355,2024-08-23,P006,R04,SR028,C103,70,29.73,2081.1
TXN12356,2024-10-10,P007,R01,SR019,C043,46,41.69,1917.74
TXN12357,2024-01-07,P007,R03,SR015,C037,73,42.39,3094.47
TXN12358,2024-01-23,P007,R03,SR009,C041,41,42.91,1759.31
TXN12359,2025-07-20,P001,R05,SR005,C083,65,40.32,2620.8
TXN12360,2025-02-27,P008,R01,SR007,C111,99,30.17,2986.83
TXN12361,2024-09-27,P004,R05,SR023,C032,100,48.19,4819.0
TXN12362,2025-12-27,P002,R05,SR005,C115,140,52.09,7292.6
TXN12363,2024-09-28,P002,R01,SR007,C057,65,53.76,3494.4
TXN12364,2024-05-14,P003,R06,SR030,C062,52,35.06,1823.12
TXN12365,2025-03-27,P001,R01,SR001,C031,116,41.13,4771.08
TXN12366,2024-07-09,P003,R03,SR003,C011,81,33.9,2745.9
TXN12367,2024-11-01,P004,R04,SR022,C070,119,49.06,5838.14
TXN12368,2025-04-04,P002,R01,SR001,C111,143,53.75,7686.25
TXN12369,2025-04-01,P001,R02,SR026,C071,104,37.53,3903.12
TXN12370,2025-04-23,P002,R03,SR021,C109,65,53.17,3456.05
TXN12371,2025-02-04,P004,R04,SR004,C100,64,46.6,2982.4
TXN12372,2025-02-08,P005,R01,SR001,C055,42,68.38,2871.96
TXN12373,2024-08-20,P006,R04,SR022,C091,94,28.61,2689.34
TXN12374,2024-04-08,P005,R03,SR015,C041,29,71.63,2077.27
TXN12375,2025-02-14,P008,R05,SR017,C114,31,31.2,967.2
TXN12376,2024-07-05,P007,R05,SR029,C096,48,44.32,2127.36
TXN12377,2025-06-16,P002,R06,SR012,C120,93,55.11,5125.23
TXN12378,2024-07-18,P004,R05,SR023,C117,97,47.89,4645.33
TXN12379,2024-08-13,P005,R02,SR026,C105,34,65.07,2212.38
TXN12380,2025-08-26,P006,R01,SR013,C022,93,30.48,2834.64
TXN12381,2025-05-23,P003,R03,SR021,C041,67,33.27,2229.09
TXN12382,2024-04-05,P003,R04,SR028,C103,100,33.6,3360.0
TXN12383,2025-04-17,P001,R04,SR004,C070,204,40.3,8221.2
TXN12384,2025-06-28,P007,R05,SR029,C081,117,41.69,4877.73
TXN12385,2025-04-04,P002,R05,SR023,C107,149,55.61,8285.89
TXN12386,2025-12-23,P004,R03,SR003,C052,43,51.35,2208.05
TXN12387,2024-02-19,P001,R01,SR025,C067,189,41.1,7767.9
TXN12388,2024-12-24,P006,R04,SR022,C100,59,27.87,1644.33
TXN12389,2025-02-21,P002,R04,SR010,C065,46,54.05,2486.3
TXN12390,2025-08-06,P007,R02,SR002,C033,163,41.21,6717.23
TXN12391,2024-04-04,P001,R06,SR030,C110,85,40.26,3422.1
TXN12392,2024-07-28,P005,R01,SR001,C013,122,67.81,8272.82
TXN12393,2025-09-03,P005,R02,SR020,C036,44,66.68,2933.92
TXN12394,2025-04-20,P008,R01,SR025,C017,30,32.16,964.8
TXN12395,2025-07-20,P001,R01,SR019,C031,116,35.93,4167.88
TXN12396,2025-02-18,P008,R01,SR025,C111,89,31.83,2832.87
TXN12397,2025-04-11,P003,R01,SR019,C111,164,33.08,5425.12
TXN12398,2025-09-12,P001,R01,SR013,C017,52,40.21,2090.92
TXN12399,2024-07-08,P006,R01,SR001,C094,60,29.4,1764.0
TXN12400,2025-03-14,P007,R01,SR019,C027,69,44.64,3080.16
TXN12401,2025-07-08,P005,R04,SR022,C103,75,66.33,4974.75
TXN12402,2024-02-19,P001,R01,SR013,C031,124,39.94,4952.56
TXN12403,2025-09-20,P006,R01,SR019,C027,46,27.82,1279.72
TXN12404,2024-09-10,P004,R04,SR022,C080,120,50.03,6003.6
TXN12405,2025-02-23,P005,R05,SR017,C115,105,68.6,7203.0
TXN12406,2024-12-09,P001,R01,SR019,C094,105,37.52,3939.6
TXN12407,2025-11-10,P007,R06,SR006,C098,111,40.5,4495.5
TXN12408,2025-09-05,P008,R06,SR030,C061,49,32.89,1611.61
TXN12409,2024-03-28,P002,R01,SR007,C031,94,56.13,5276.22
TXN12410,2025-07-25,P002,R02,SR020,C042,119,56.79,6758.01
TXN12411,2024-08-25,P006,R06,SR012,C098,85,27.83,2365.55
TXN12412,2024-01-20,P007,R01,SR019,C022,91,41.51,3777.41
TXN12413,2024-11-03,P003,R04,SR010,C102,64,33.94,2172.16
TXN12414,2024-12-01,P007,R05,SR011,C081,121,40.61,4913.81
TXN12415,2024-04-09,P005,R01,SR013,C017,51,65.54,3342.54
TXN12416,2024-08-13,P004,R02,SR008,C071,50,47.85,2392.5
TXN12417,2024-11-04,P002,R04,SR022,C104,79,54.28,4288.12
TXN12418,2025-10-19,P002,R05,SR011,C096,80,51.28,4102.4
TXN12419,2024-01-14,P003,R01,SR013,C094,65,35.49,2306.85
TXN12420,2025-07-02,P002,R05,SR017,C038,49,52.83,2588.67
TXN12421,2025-04-01,P008,R02,SR008,C069,27,32.85,886.95
TXN12422,2025-03-14,P002,R01,SR013,C119,44,57.34,2522.96
TXN12423,2024-04-06,P007,R06,SR018,C050,23,45.12,1037.76
TXN12424,2024-10-03,P001,R04,SR016,C010,176,42.07,7404.32
TXN12425,2024-11-01,P001,R03,SR027,C109,60,39.68,2380.8
TXN12426,2025-10-20,P001,R05,SR023,C114,62,41.81,2592.22
TXN12427,2024-08-14,P001,R05,SR005,C063,108,39.42,4257.36
TXN12428,2025-09-26,P002,R04,SR022,C048,66,54.59,3602.94
TXN12429,2025-07-28,P004,R04,SR028,C095,61,49.51,3020.11
TXN12430,2025-04-20,P002,R02,SR002,C092,91,55.64,5063.24
TXN12431,2024-12-08,P001,R02,SR002,C097,55,40.85,2246.75
TXN12432,2025-01-13,P004,R02,SR008,C090,39,48.04,1873.56
TXN12433,2025-01-24,P004,R05,SR017,C008,50,48.5,2425.0
TXN12434,2024-04-12,P005,R01,SR013,C012,59,67.74,3996.66
TXN12435,2025-11-04,P001,R03,SR003,C082,111,41.85,4645.35
TXN12436,2024-10-04,P005,R02,SR020,C105,32,69.16,2213.12
TXN12437,2025-01-27,P002,R03,SR027,C053,97,50.5,4898.5
TXN12438,2025-04-08,P008,R01,SR019,C057,63,31.52,1985.76
TXN12439,2024-11-22,P001,R04,SR028,C005,85,40.06,3405.1
TXN12440,2025-08-23,P001,R02,SR014,C042,125,42.37,5296.25
TXN12441,2024-04-16,P002,R02,SR002,C090,71,58.18,4130.78
TXN12442,2024-01-24,P008,R01,SR007,C064,66,31.61,2086.26
TXN12443,2025-11-21,P002,R04,SR004,C080,136,56.52,7686.72
TXN12444,2025-02-14,P003,R05,SR011,C028,123,32.05,3942.15
TXN12445,2025-09-22,P005,R02,SR020,C036,51,63.78,3252.78
TXN12446,2025-10-02,P008,R05,SR029,C115,77,33.51,2580.27
TXN12447,2025-08-04,P002,R02,SR002,C058,135,54.66,7379.1
TXN12448,2024-04-03,P004,R02,SR008,C075,112,48.92,5479.04
TXN12449,2025-07-08,P003,R01,SR019,C111,155,32.47,5032.85
TXN12450,2024-02-23,P005,R01,SR025,C017,43,67.22,2890.46
TXN12451,2024-06-29,P008,R01,SR025,C043,39,31.85,1242.15
TXN12452,2024-06-12,P006,R04,SR028,C065,35,29.92,1047.2
TXN12453,2024-09-25,P001,R01,SR007,C094,69,36.48,2517.12
TXN12454,2024-10-30,P005,R02,SR008,C069,34,71.47,2429.98
TXN12455,2024-02-22,P001,R01,SR001,C119,48,38.4,1843.2
TXN12456,2024-09-24,P001,R02,SR002,C101,125,39.75,4968.75
TXN12457,2024-10-11,P004,R06,SR006,C045,109,48.94,5334.46
TXN12458,2025-05-07,P005,R06,SR012,C106,45,67.61,3042.45
TXN12459,2025-09-08,P005,R06,SR030,C086,80,69.72,5577.6
TXN12460,2024-11-11,P002,R04,SR010,C100,62,55.88,3464.56
TXN12461,2025-12-09,P001,R02,SR020,C026,101,38.68,3906.68
TXN12462,2025-01-17,P004,R03,SR009,C025,32,45.78,1464.96
TXN12463,2024-12-24,P001,R06,SR012,C087,83,39.13,3247.79
TXN12464,2025-05-20,P005,R02,SR008,C007,108,66.11,7139.88
TXN12465,2024-01-26,P001,R01,SR013,C094,96,39.78,3818.88
TXN12466,2025-01-23,P002,R03,SR027,C011,76,53.73,4083.48
TXN12467,2024-07-05,P007,R06,SR006,C099,46,40.92,1882.32
TXN12468,2024-07-02,P005,R04,SR010,C029,25,65.86,1646.5
TXN12469,2025-11-29,P002,R05,SR023,C028,105,56.03,5883.15
TXN12470,2024-11-01,P001,R04,SR004,C080,154,39.66,6107.64
TXN12471,2024-08-16,P001,R01,SR013,C094,88,41.36,3639.68
TXN12472,2024-11-19,P007,R01,SR001,C012,57,45.09,2570.13
TXN12473,2024-03-03,P004,R01,SR007,C013,113,51.26,5792.38
TXN12474,2025-06-25,P005,R01,SR019,C064,97,69.6,6751.2
TXN12475,2025-12-15,P007,R05,SR011,C068,55,44.19,2430.45
TXN12476,2025-04-27,P002,R03,SR003,C011,92,57.36,5277.12
TXN12477,2024-03-09,P001,R01,SR019,C031,146,39.72,5799.12
TXN12478,2024-10-15,P004,R03,SR021,C014,90,48.83,4394.7
TXN12479,2025-07-01,P005,R06,SR018,C050,22,71.51,1573.22
TXN12480,2024-09-09,P007,R01,SR019,C067,123,37.71,4638.33
TXN12481,2024-07-19,P002,R05,SR017,C114,56,54.4,3046.4
TXN12482,2025-05-19,P003,R03,SR009,C052,41,33.64,1379.24
TXN12483,2025-05-30,P007,R02,SR002,C097,57,39.16,2232.12
TXN12484,2024-10-17,P003,R01,SR001,C012,50,33.85,1692.5
TXN12485,2024-02-01,P005,R01,SR013,C031,85,69.37,5896.45
TXN12486,2025-08-29,P008,R02,SR002,C034,66,30.21,1993.86
TXN12487,2024-06-18,P007,R02,SR002,C033,146,41.61,6075.06
TXN12488,2025-04-08,P008,R04,SR004,C039,99,32.28,3195.72
TXN12489,2025-03-04,P007,R02,SR008,C078,120,40.18,4821.6
TXN12490,2024-06-23,P002,R01,SR013,C060,139,57.93,8052.27
TXN12491,2025-08-28,P008,R06,SR012,C086,67,31.3,2097.1
TXN12492,2024-05-01,P002,R03,SR003,C019,103,56.4,5809.2
TXN12493,2024-10-19,P001,R01,SR019,C060,149,41.73,6217.77
TXN12494,2024-05-06,P003,R04,SR016,C004,59,34.98,2063.82
TXN12495,2025-10-25,P001,R02,SR020,C034,109,38.63,4210.67
TXN12496,2024-09-22,P001,R01,SR007,C111,135,40.99,5533.65
TXN12497,2025-11-24,P007,R01,SR025,C057,57,43.35,2470.95
TXN12498,2024-08-19,P002,R02,SR020,C069,40,51.72,2068.8
TXN12499,2025-05-17,P001,R06,SR006,C061,135,40.37,5449.95
TXN12500,2024-11-23,P005,R01,SR025,C119,26,68.94,1792.44
TXN12501,2024-10-03,P001,R01,SR019,C013,163,37.61,6130.43
TXN12502,2024-07-31,P001,R06,SR030,C062,55,39.36,2164.8
TXN12503,2025-12-14,P005,R06,SR012,C110,72,67.2,4838.4
TXN12504,2025-04-15,P002,R04,SR016,C048,82,55.12,4519.84
TXN12505,2025-12-27,P008,R05,SR017,C056,32,31.14,996.48
TXN12506,2025-05-22,P004,R03,SR015,C053,51,47.96,2445.96
TXN12507,2025-11-24,P003,R01,SR001,C043,38,33.37,1268.06
TXN12508,2024-10-28,P003,R01,SR013,C057,67,33.38,2236.46
TXN12509,2025-06-01,P007,R02,SR008,C007,127,42.54,5402.58
TXN12510,2025-10-28,P003,R04,SR004,C010,114,31.04,3538.56
TXN12511,2024-09-22,P005,R04,SR022,C070,84,67.12,5638.08
TXN12512,2025-07-27,P001,R02,SR008,C078,169,38.99,6589.31
TXN12513,2024-05-20,P006,R02,SR002,C069,51,29.13,1485.63
TXN12514,2025-09-12,P002,R05,SR023,C063,85,53.52,4549.2
TXN12515,2024-01-14,P001,R03,SR003,C030,101,38.77,3915.77
TXN12516,2025-04-25,P002,R05,SR005,C008,67,56.74,3801.58
TXN12517,2025-12-06,P005,R03,SR003,C019,58,66.47,3855.26
TXN12518,2025-02-22,P002,R06,SR024,C074,55,51.79,2848.45
TXN12519,2024-02-28,P002,R03,SR027,C024,67,58.73,3934.91
TXN12520,2025-12-04,P003,R04,SR028,C070,118,33.56,3960.08
TXN12521,2025-12-26,P001,R02,SR008,C007,155,39.79,6167.45
TXN12522,2025-09-11,P005,R02,SR008,C007,112,69.21,7751.52
TXN12523,2024-06-08,P006,R03,SR027,C082,56,30.57,1711.92
TXN12524,2024-06-13,P004,R05,SR005,C056,48,48.34,2320.32
TXN12525,2025-05-29,P008,R04,SR004,C080,88,31.52,2773.76
TXN12526,2025-11-24,P008,R03,SR015,C030,22,31.66,696.52
TXN12527,2024-02-07,P001,R02,SR008,C097,40,38.44,1537.6
TXN12528,2024-09-27,P007,R02,SR014,C105,28,42.47,1189.16
TXN12529,2025-03-01,P005,R03,SR027,C037,104,68.46,7119.84
TXN12530,2025-03-06,P003,R01,SR013,C111,159,34.38,5466.42
TXN12531,2025-05-17,P002,R05,SR017,C028,139,56.18,7809.02
TXN12532,2024-11-14,P007,R04,SR016,C039,96,46.14,4429.44
TXN12533,2024-07-31,P005,R05,SR029,C093,56,71.22,3988.32
TXN12534,2025-04-06,P001,R02,SR014,C049,143,38.37,5486.91
TXN12535,2024-02-03,P007,R03,SR027,C024,48,41.01,1968.48
TXN12536,2024-08-21,P007,R06,SR018,C089,28,43.2,1209.6
TXN12537,2025-05-29,P006,R02,SR020,C069,60,27.2,1632.0
TXN12538,2025-01-04,P001,R06,SR012,C113,100,39.85,3985.0
TXN12539,2025-04-22,P001,R02,SR026,C042,155,38.86,6023.3
TXN12540,2025-07-01,P002,R03,SR021,C014,130,58.96,7664.8
TXN12541,2025-04-04,P008,R02,SR008,C097,29,31.41,910.89
TXN12542,2024-08-20,P006,R06,SR006,C110,70,29.73,2081.1
TXN12543,2024-09-17,P002,R05,SR017,C096,55,56.05,3082.75
TXN12544,2024-10-05,P004,R03,SR027,C018,44,48.15,2118.6
TXN12545,2025-12-14,P007,R01,SR001,C088,54,42.14,2275.56
TXN12546,2024-06-14,P001,R04,SR016,C005,84,41.12,3454.08
TXN12547,2025-03-13,P001,R02,SR020,C026,108,39.74,4291.92
TXN12548,2025-03-13,P006,R03,SR015,C011,45,28.63,1288.35
TXN12549,2024-06-26,P003,R06,SR018,C061,71,36.63,2600.73
TXN12550,2024-11-10,P002,R05,SR023,C056,58,53.77,3118.66
TXN12551,2024-07-25,P007,R05,SR023,C093,68,42.74,2906.32
TXN12552,2025-06-06,P001,R05,SR023,C093,117,41.75,4884.75
TXN12553,2024-06-29,P007,R01,SR025,C043,50,46.14,2307.0
TXN12554,2025-12-23,P005,R04,SR010,C023,105,67.07,7042.35
TXN12555,2025-09-21,P007,R03,SR027,C018,71,45.07,3199.97
TXN12556,2024-01-05,P008,R06,SR012,C110,53,33.46,1773.38
TXN12557,2025-11-28,P007,R04,SR016,C023,120,43.3,5196.0
TXN12558,2024-12-13,P008,R04,SR010,C102,73,31.2,2277.6
TXN12559,2025-04-30,P006,R01,SR019,C064,121,30.91,3740.11
TXN12560,2024-08-12,P002,R02,SR020,C042,122,50.64,6178.08
TXN12561,2024-01-10,P004,R02,SR008,C058,69,48.04,3314.76
TXN12562,2025-06-04,P001,R04,SR010,C104,93,40.11,3730.23
TXN12563,2025-08-26,P003,R06,SR030,C001,44,32.38,1424.72
TXN12564,2024-08-12,P001,R02,SR002,C075,214,38.23,8181.22
TXN12565,2024-03-12,P002,R01,SR001,C060,116,54.61,6334.76
TXN12566,2024-03-02,P001,R02,SR002,C071,89,41.62,3704.18
TXN12567,2024-10-21,P001,R03,SR003,C054,80,39.29,3143.2
TXN12568,2024-05-17,P003,R03,SR027,C025,36,32.12,1156.32
TXN12569,2025-08-23,P002,R03,SR003,C018,70,54.17,3791.9
TXN12570,2024-11-22,P001,R01,SR001,C060,109,39.3,4283.7
TXN12571,2025-08-31,P001,R02,SR002,C092,83,38.77,3217.91
TXN12572,2025-10-20,P003,R05,SR023,C032,103,33.24,3423.72
TXN12573,2024-01-25,P004,R01,SR007,C060,81,46.36,3755.16
TXN12574,2025-04-26,P007,R05,SR029,C084,117,43.27,5062.59
TXN12575,2025-01-18,P002,R04,SR016,C103,98,57.86,5670.28
TXN12576,2024-03-28,P005,R02,SR020,C090,47,74.48,3500.56
TXN12577,2024-05-13,P002,R02,SR026,C078,159,55.52,8827.68
TXN12578,2024-06-17,P008,R02,SR002,C042,90,31.19,2807.1
TXN12579,2024-10-23,P008,R05,SR029,C038,24,32.0,768.0
TXN12580,2024-06-24,P004,R05,SR023,C073,75,48.47,3635.25
TXN12581,2025-04-09,P003,R05,SR011,C117,92,33.55,3086.6
TXN12582,2024-02-13,P003,R02,SR002,C090,64,34.77,2225.28
TXN12583,2024-11-07,P007,R02,SR026,C105,32,45.41,1453.12
TXN12584,2025-01-03,P001,R02,SR014,C036,61,37.57,2291.77
TXN12585,2025-07-05,P006,R03,SR009,C053,53,29.85,1582.05
TXN12586,2025-10-09,P005,R01,SR019,C060,77,70.32,5414.64
TXN12587,2025-07-02,P005,R06,SR018,C050,13,68.07,884.91
TXN12588,2024-05-25,P007,R02,SR026,C007,136,45.02,6122.72
TXN12589,2025-08-14,P006,R01,SR025,C067,122,28.36,3459.92
TXN12590,2024-02-01,P006,R02,SR026,C105,36,28.98,1043.28
TXN12591,2024-03-23,P005,R01,SR013,C088,51,68.35,3485.85
TXN12592,2024-02-27,P006,R04,SR004,C065,38,27.57,1047.66
TXN12593,2025-04-19,P004,R01,SR007,C111,125,49.58,6197.5
TXN12594,2024-10-07,P006,R03,SR021,C025,22,29.01,638.22
TXN12595,2025-02-08,P002,R02,SR026,C078,182,54.81,9975.42
TXN12596,2024-05-05,P001,R03,SR009,C053,78,39.46,3077.88
TXN12597,2025-11-01,P007,R02,SR008,C026,61,44.54,2716.94
TXN12598,2025-11-18,P008,R01,SR001,C094,44,29.43,1294.92
TXN12599,2025-04-16,P007,R04,SR004,C104,66,43.82,2892.12
TXN12600,2025-10-07,P005,R01,SR025,C055,41,69.57,2852.37
TXN12601,2025-07-24,P001,R03,SR009,C011,77,40.06,3084.62
TXN12602,2024-11-26,P008,R03,SR003,C082,53,32.2,1706.6
TXN12603,2025-01-14,P005,R01,SR013,C055,57,71.34,4066.38
TXN12604,2024-05-07,P001,R01,SR025,C119,53,39.25,2080.25
TXN12605,2025-10-04,P008,R05,SR017,C028,67,31.9,2137.3
TXN12606,2025-03-27,P006,R04,SR022,C040,84,29.73,2497.32
TXN12607,2024-10-14,P006,R02,SR020,C105,37,30.89,1142.93
TXN12608,2024-05-14,P008,R06,SR018,C066,93,32.22,2996.46
TXN12609,2025-09-12,P001,R01,SR013,C057,95,42.02,3991.9
TXN12610,2024-06-03,P003,R05,SR005,C107,91,32.88,2992.08
TXN12611,2024-04-24,P008,R02,SR026,C090,33,29.83,984.39
TXN12612,2025-08-03,P002,R05,SR005,C038,54,51.26,2768.04
TXN12613,2024-03-31,P003,R02,SR014,C078,128,33.95,4345.6
TXN12614,2025-04-23,P002,R05,SR011,C056,69,52.38,3614.22
TXN12615,2024-08-27,P002,R02,SR026,C058,95,54.49,5176.55
TXN12616,2024-04-13,P001,R05,SR017,C083,42,37.36,1569.12
TXN12617,2024-07-12,P003,R03,SR015,C018,46,33.05,1520.3
TXN12618,2025-05-14,P002,R02,SR020,C090,51,56.0,2856.0
TXN12619,2025-02-01,P005,R03,SR027,C006,51,70.54,3597.54
TXN12620,2024-08-17,P005,R04,SR016,C029,23,65.94,1516.62
TXN12621,2025-12-03,P001,R05,SR017,C093,66,39.88,2632.08
TXN12622,2024-01-23,P006,R01,SR013,C094,59,30.12,1777.08
TXN12623,2025-12-06,P002,R05,SR011,C081,179,55.4,9916.6
TXN12624,2024-05-02,P005,R04,SR022,C100,59,66.1,3899.9
TXN12625,2025-06-30,P008,R02,SR020,C097,34,32.12,1092.08
TXN12626,2025-06-18,P004,R01,SR001,C012,56,48.85,2735.6
TXN12627,2025-01-25,P008,R01,SR025,C055,34,33.81,1149.54
TXN12628,2025-01-21,P005,R04,SR022,C102,88,67.91,5976.08
TXN12629,2025-08-18,P004,R05,SR029,C112,54,49.78,2688.12
TXN12630,2024-05-26,P005,R05,SR017,C020,83,70.39,5842.37
TXN12631,2025-10-09,P006,R05,SR011,C114,35,29.68,1038.8
TXN12632,2024-10-15,P007,R01,SR013,C057,48,43.96,2110.08
TXN12633,2024-09-02,P008,R01,SR001,C022,68,32.83,2232.44
TXN12634,2024-12-19,P001,R03,SR003,C006,103,38.13,3927.39
TXN12635,2024-12-01,P003,R01,SR019,C031,94,32.9,3092.6
TXN12636,2025-02-13,P002,R02,SR026,C058,125,55.22,6902.5
TXN12637,2024-09-03,P002,R02,SR008,C097,30,56.71,1701.3
TXN12638,2024-10-28,P001,R02,SR002,C105,66,39.3,2593.8
TXN12639,2025-04-11,P003,R01,SR001,C060,100,35.13,3513.0
TXN12640,2025-10-06,P001,R02,SR020,C097,44,37.28,1640.32
TXN12641,2024-02-18,P008,R02,SR014,C036,33,33.23,1096.59
TXN12642,2025-06-10,P001,R01,SR001,C064,142,40.4,5736.8
TXN12643,2025-03-11,P002,R01,SR007,C067,135,54.6,7371.0
TXN12644,2024-06-10,P005,R03,SR015,C037,54,68.74,3711.96
TXN12645,2024-05-08,P001,R04,SR016,C091,137,37.85,5185.45
TXN12646,2024-06-26,P001,R04,SR022,C080,187,38.76,7248.12
TXN12647,2024-07-09,P001,R06,SR018,C061,89,39.43,3509.27
TXN12648,2025-09-12,P001,R03,SR015,C041,57,40.09,2285.13
TXN12649,2025-01-25,P002,R01,SR001,C094,75,53.57,4017.75
TXN12650,2025-04-27,P001,R03,SR015,C082,79,41.15,3250.85
TXN12651,2024-02-17,P001,R01,SR013,C119,45,39.19,1763.55
TXN12652,2025-05-19,P002,R02,SR020,C069,69,57.45,3964.05
TXN12653,2025-10-20,P007,R06,SR006,C021,50,42.36,2118.0
TXN12654,2025-02-28,P001,R03,SR027,C054,99,38.86,3847.14
TXN12655,2024-07-09,P004,R02,SR026,C058,86,46.31,3982.66
TXN12656,2024-01-14,P001,R03,SR009,C109,34,38.1,1295.4
TXN12657,2024-02-07,P001,R04,SR010,C005,84,39.86,3348.24
TXN12658,2025-01-02,P001,R01,SR013,C012,81,40.46,3277.26
TXN12659,2025-03-19,P008,R04,SR022,C104,59,33.94,2002.46
TXN12660,2025-03-08,P002,R05,SR011,C084,215,53.6,11524.0
TXN12661,2024-01-04,P003,R03,SR009,C037,76,36.55,2777.8
TXN12662,2024-11-10,P003,R03,SR027,C025,39,35.3,1376.7
TXN12663,2025-12-22,P007,R01,SR001,C017,36,44.33,1595.88
TXN12664,2025-08-14,P003,R06,SR012,C087,72,34.37,2474.64
TXN12665,2025-04-15,P005,R06,SR006,C061,80,67.38,5390.4
TXN12666,2025-02-22,P008,R02,SR002,C090,59,32.98,1945.82
TXN12667,2025-08-17,P005,R04,SR016,C095,60,67.37,4042.2
TXN12668,2025-11-13,P005,R02,SR014,C078,100,61.27,6127.0
TXN12669,2024-11-03,P004,R01,SR001,C111,131,52.33,6855.23
TXN12670,2025-05-26,P002,R02,SR026,C097,45,57.6,2592.0
TXN12671,2024-07-13,P007,R02,SR008,C026,40,45.19,1807.6
TXN12672,2025-10-24,P007,R06,SR012,C079,88,42.71,3758.48
TXN12673,2024-08-27,P007,R04,SR004,C091,89,43.15,3840.35
TXN12674,2025-02-16,P001,R01,SR007,C064,109,40.55,4419.95
TXN12675,2024-12-03,P002,R01,SR019,C022,117,54.92,6425.64
TXN12676,2024-05-08,P007,R01,SR013,C067,121,44.08,5333.68
TXN12677,2024-10-03,P006,R05,SR011,C093,57,28.5,1624.5
TXN12678,2024-12-15,P001,R01,SR013,,57,40.54,2310.78
TXN12679,2024-04-29,P004,R06,SR012,C113,73,48.88,3568.24
TXN12680,2025-09-29,P005,R01,SR001,C031,42,64.73,2718.66
TXN12681,2024-08-18,P004,R05,SR005,C028,77,46.25,3561.25
TXN12682,2025-09-30,P002,R01,SR025,C031,91,53.84,4899.44
TXN12683,2024-07-04,P001,R01,SR001,C064,127,40.25,5111.75
TXN12684,2025-06-14,P002,R02,SR020,C058,121,56.04,6780.84
TXN12685,2024-04-09,P006,R02,SR014,C049,79,,2338.4
TXN12686,2024-10-23,P002,R01,SR013,C119,29,55.07,1597.03
TXN12687,2024-07-16,P006,R01,SR019,C119,38,29.05,1103.9
TXN12688,2025-01-29,P001,R02,SR002,C078,273,39.36,10745.28
TXN12689,2024-11-09,P006,R01,SR001,C012,55,29.0,1595.0
TXN12690,2025-09-03,P001,R05,SR023,C084,192,41.05,7881.6
TXN12691,2025-04-02,P005,R02,SR002,C071,85,72.66,6176.1
TXN12692,2025-08-20,P005,R02,SR026,C105,39,65.61,2558.79
TXN12693,2024-09-25,P001,R04,SR004,C005,84,42.25,3549.0
TXN12694,2024-04-15,P007,R06,SR024,C106,42,41.8,1755.6
TXN12695,2024-08-14,P002,R02,SR002,C071,64,56.84,3637.76
TXN12696,2024-04-03,P007,R06,SR030,C035,107,44.4,4750.8
TXN12697,2024-03-21,P006,R06,SR018,C035,91,29.93,2723.63
TXN12698,2025-11-28,P002,R01,SR007,C043,46,56.37,2593.02
TXN12699,2025-05-29,P003,R01,SR007,C088,48,34.03,1633.44
TXN12700,2025-10-14,P008,R01,SR019,C012,44,33.27,1463.88
TXN12701,2025-03-20,P007,R03,SR015,C009,42,41.45,1740.9
TXN12702,2025-08-24,P007,R02,SR002,C026,79,41.85,3306.15
TXN12703,2025-05-22,P003,R02,SR014,C090,42,31.0,1302.0
TXN12704,2024-08-18,P008,R06,SR024,C002,52,32.51,1690.52
TXN12705,2025-06-03,P001,R01,SR025,C031,104,40.04,4164.16
TXN12706,2024-04-01,P001,R04,SR028,C104,88,37.53,3302.64
TXN12707,2025-11-19,P001,R02,SR002,C092,88,38.94,3426.72
TXN12708,2025-02-05,P001,R01,SR001,C088,85,39.46,3354.1
TXN12709,2024-01-06,P002,R01,SR013,C055,100,53.78,5378.0
TXN12710,2024-02-19,P006,R01,SR019,C064,120,26.23,3147.6
TXN12711,2025-11-18,P003,R05,SR011,C038,54,32.12,1734.48
TXN12712,2025-12-26,P005,R03,SR021,C024,34,63.71,2166.14
TXN12713,2024-07-26,P005,R01,SR013,C057,62,71.2,4414.4
TXN12714,2025-02-13,P006,R03,SR021,C030,76,27.97,2125.72
TXN12715,2024-10-20,P007,R01,SR013,C055,44,43.04,1893.76
TXN12716,2024-10-28,P003,R01,SR019,C111,121,34.43,4166.03
TXN12717,2025-02-25,P008,R03,SR009,C072,23,30.65,704.95
TXN12718,2024-05-12,P004,R05,SR029,C020,92,51.47,4735.24
TXN12719,2025-03-30,P001,R01,SR025,C012,89,42.54,3786.06
TXN12720,2025-08-10,P003,R02,SR002,C090,75,33.92,2544.0
TXN12721,2024-02-08,P005,R06,SR006,C001,43,67.29,2893.47
TXN12722,2025-04-13,P007,R02,SR014,C007,133,46.12,6133.96
TXN12723,2024-08-14,P003,R04,SR022,C048,75,33.96,2547.0
TXN12724,2025-06-24,P002,R04,SR016,C102,113,51.34,5801.42
TXN12725,2024-08-03,P005,R05,SR023,C073,38,68.33,2596.54
TXN12726,2024-01-19,P004,R01,SR013,C094,63,52.75,3323.25
TXN12727,2024-08-20,P001,R03,SR027,C011,68,41.55,2825.4
TXN12728,2025-04-02,P008,R06,SR018,C035,58,31.57,1831.06
TXN12729,2024-07-27,P002,R04,SR016,C102,111,53.04,5887.44
TXN12730,2025-10-06,P005,R01,SR007,C013,82,66.56,5457.92
TXN12731,2024-10-01,P005,R02,SR002,C101,96,69.79,6699.84
TXN12732,2025-06-05,P002,R02,SR026,C042,138,54.07,7461.66
TXN12733,2024-07-26,P003,R02,SR026,C101,93,35.41,3293.13
TXN12734,2024-11-20,P004,R01,SR025,C055,59,51.57,3042.63
TXN12735,2024-06-03,P001,R01,SR007,C064,97,40.23,3902.31
TXN12736,2024-03-05,P004,R02,SR002,C033,153,45.42,6949.26
TXN12737,2024-10-19,P006,R01,SR019,C022,101,30.49,3079.49
TXN12738,2025-12-09,P008,R01,SR013,C031,57,32.27,1839.39
TXN12739,2025-07-18,P005,R01,SR007,C060,57,67.74,3861.18
TXN12740,2025-09-28,P003,R06,SR024,C044,76,32.71,2485.96
TXN12741,2024-09-27,P007,R02,SR020,C036,42,44.25,1858.5
TXN12742,2024-03-14,P006,R04,SR016,C040,98,29.78,2918.44
TXN12743,2024-11-12,P003,R05,SR005,C008,37,34.22,1266.14
TXN12744,2024-06-27,P004,R01,SR013,C119,32,48.73,1559.36
TXN12745,2024-08-26,P007,R05,SR017,C056,52,45.56,2369.12
TXN12746,2025-04-13,P008,R01,SR013,C088,48,32.38,1554.24
TXN12747,2025-06-13,P001,R01,SR007,C088,75,40.27,3020.25
TXN12748,2025-11-09,P001,R01,SR001,C094,67,36.45,2442.15
TXN12749,2025-07-20,P006,R03,SR021,C018,54,28.06,1515.24
TXN12750,2024-10-11,P003,R06,SR024,C113,67,32.49,2176.83
TXN12751,2024-02-05,P004,R04,SR016,C010,137,50.1,6863.7
TXN12752,2024-07-19,P003,R05,SR017,C117,55,32.77,1802.35
TXN12753,2025-07-13,P005,R06,SR012,C099,30,71.99,2159.7
TXN12754,2025-01-20,P001,R03,SR027,C072,75,40.46,3034.5
TXN12755,2025-04-22,P002,R04,SR010,C095,72,57.49,4139.28
TXN12756,2025-11-18,P004,R03,SR003,C009,68,51.51,3502.68
TXN12757,2024-02-24,P006,R03,SR009,C025,27,29.54,797.58
TXN12758,2025-02-22,P001,R06,SR018,C002,91,38.33,3488.03
TXN12759,2024-02-29,P005,R02,SR002,C101,98,66.61,6527.78
TXN12760,2025-09-22,P005,R04,SR010,C005,51,67.43,3438.93
TXN12761,2024-07-20,P002,R03,SR027,C054,71,56.34,4000.14
TXN12762,2024-04-21,P006,R01,SR019,C119,33,27.79,917.07
TXN12763,2025-05-07,P004,R06,SR024,C113,51,51.34,2618.34
TXN12764,2025-07-28,P004,R01,SR001,C119,24,51.12,1226.88
TXN12765,2025-12-01,P003,R02,SR014,C108,63,34.37,2165.31
TXN12766,2025-04-03,P004,R01,SR019,C088,61,47.74,2912.14
TXN12767,2025-05-11,P003,R04,SR010,C023,126,33.16,4178.16
TXN12768,2024-12-05,P005,R03,SR015,C030,31,68.71,2130.01
TXN12769,2025-05-11,P003,R06,SR012,C051,57,36.52,2081.64
TXN12770,2025-04-01,P004,R05,SR005,C073,56,45.86,2568.16
TXN12771,2025-10-12,P004,R02,SR014,C071,46,50.07,2303.22
TXN12772,2025-03-20,P004,R02,SR014,C092,51,51.11,2606.61
TXN12773,2025-08-13,P005,R01,SR013,C088,46,62.99,2897.54
TXN12774,2025-03-13,P002,R02,SR026,C042,135,56.9,7681.5
TXN12775,2024-11-11,P003,R03,SR003,C009,50,36.15,1807.5
TXN12776,2025-10-09,P006,R02,SR020,C108,62,31.17,1932.54
TXN12777,2024-05-09,P006,R02,SR026,C042,80,28.51,2280.8
TXN12778,2025-10-26,P001,R04,SR004,C103,92,41.72,3838.24
TXN12779,2024-08-18,P001,R02,SR020,C058,112,41.06,4598.72
TXN12780,2024-05-31,P004,R02,SR026,C105,43,49.72,2137.96
TXN12781,2024-04-13,P003,R06,SR030,C085,107,35.07,3752.49
TXN12782,2025-03-27,P003,R02,SR020,C078,159,33.95,5398.05
TXN12783,2025-03-11,P002,R05,SR017,C107,100,53.01,5301.0
TXN12784,2025-09-05,P001,R02,SR020,C101,131,37.64,4930.84
TXN12785,2024-02-21,P002,R05,SR029,C084,164,56.8,9315.2
TXN12786,2025-12-29,P002,R05,SR017,C028,101,53.47,5400.47
TXN12787,2025-07-08,P008,R02,SR026,C090,33,32.01,1056.33
TXN12788,2025-01-14,P007,R01,SR001,C012,40,45.01,1800.4
TXN12789,2024-08-01,P005,R01,SR007,C057,48,65.46,3142.08
TXN12790,2024-03-22,P002,R06,SR018,C079,121,51.22,6197.62
TXN12791,2024-07-17,P004,R05,SR023,C093,78,46.74,3645.72
TXN12792,2024-12-01,P003,R01,SR001,C031,84,35.39,2972.76
TXN12793,2025-06-12,P006,R02,SR002,C034,103,28.19,2903.57
TXN12794,2024-05-27,P005,R03,SR009,C011,52,,3599.96
TXN12795,2025-12-13,P002,R06,SR006,C062,43,52.35,2251.05
TXN12796,2025-11-11,P003,R05,SR017,C020,81,35.06,2839.86
TXN12797,2024-07-31,P008,R02,SR026,C033,99,32.75,3242.25
TXN12798,2024-04-04,P002,R03,SR015,C006,62,55.02,3411.24
TXN12799,2025-05-14,P001,R01,SR019,C067,186,41.95,7802.7
TXN12800,2024-06-05,P003,R06,SR006,C118,64,34.64,2216.96
TXN12801,2024-09-02,P002,R02,SR020,C092,45,56.31,2533.95
TXN12802,2024-01-17,P007,R03,SR027,C018,83,42.51,3528.33
TXN12803,2024-01-23,P005,R03,SR009,C019,48,71.55,3434.4
TXN12804,2024-08-20,P007,R02,SR014,C078,85,43.75,3718.75
TXN12805,2025-12-20,P003,R03,SR003,C011,78,35.19,2744.82
TXN12806,2024-06-07,P001,R05,SR005,C114,69,41.32,2851.08
TXN12807,2024-09-30,P004,R02,SR008,C049,93,46.71,4344.03
TXN12808,2025-04-18,P003,R01,SR019,C094,66,35.2,2323.2
TXN12809,2025-10-17,P004,R02,SR008,C033,108,48.84,5274.72
TXN12810,2024-01-26,P008,R01,SR007,C088,34,31.14,1058.76
TXN12811,2024-01-01,P002,R01,SR007,C043,43,56.93,2447.99
TXN12812,2025-04-14,P004,R05,SR017,C008,36,46.03,1657.08
TXN12813,2025-03-11,P005,R06,SR006,C045,93,68.58,6377.94
TXN12814,2025-05-21,P005,R01,SR013,C111,120,67.53,8103.6
TXN12815,2024-02-14,P001,R05,SR005,C032,147,39.42,5794.74
TXN12816,2024-07-29,P002,R05,SR005,C093,93,56.19,5225.67
TXN12817,2025-05-26,P003,R01,SR007,C055,46,33.74,1552.04
TXN12818,2025-03-02,P002,R06,SR018,C016,109,54.59,5950.31
TXN12819,2024-05-23,P007,R06,SR012,C079,101,41.86,4227.86
TXN12820,2024-03-21,P005,R06,SR006,C106,54,68.77,3713.58
TXN12821,2025-07-13,P005,R03,SR027,C006,57,66.63,3797.91
TXN12822,2024-11-22,P008,R01,SR019,C017,19,33.22,631.18
TXN12823,2024-04-09,P005,R04,SR016,C010,125,69.15,8643.75
TXN12824,2025-03-09,P001,R02,SR020,C090,71,37.11,2634.81
TXN12825,2025-01-11,P002,R01,SR019,C055,77,55.1,4242.7
TXN12826,2025-08-26,P007,R05,SR029,C068,29,43.32,1256.28
TXN12827,2025-08-03,P002,R05,SR017,C084,159,55.39,8807.01
TXN12828,2025-03-18,P005,R01,SR007,C055,50,65.74,3287.0
TXN12829,2025-11-08,P003,R04,SR010,C080,95,33.79,3210.05
TXN12830,2024-09-30,P003,R01,SR025,C057,67,34.21,2292.07
TXN12831,2025-12-23,P002,R06,SR012,C002,110,54.4,5984.0
TXN12832,2024-06-05,P002,R05,SR011,C107,144,54.59,7860.96
TXN12833,2024-01-05,P006,R03,SR015,C009,32,29.05,929.6
TXN12834,2025-11-28,P001,R04,SR010,C103,92,40.63,3737.96
TXN12835,2024-04-03,P007,R06,SR012,C077,98,41.88,4104.24
TXN12836,2024-03-31,P008,R06,SR018,C098,52,33.08,1720.16
TXN12837,2025-09-22,P007,R06,SR012,C087,85,44.26,3762.1
TXN12838,2025-02-08,P001,R02,SR020,C090,77,41.11,3165.47
TXN12839,2025-04-27,P004,R02,SR014,C026,59,46.95,2770.05
TXN12840,2024-02-07,P008,R01,SR001,C060,73,32.6,2379.8
TXN12841,2024-11-01,P005,R01,SR025,C060,80,67.07,5365.6
TXN12842,2025-12-21,P004,R02,SR008,C034,53,48.25,2557.25
TXN12843,2025-10-30,P001,R04,SR022,C029,39,39.27,1531.53
TXN12844,2025-05-26,P004,R03,SR003,C053,91,49.08,4466.28
TXN12845,2025-11-23,P001,R02,SR014,C033,142,38.08,5407.36
TXN12846,2025-05-24,P006,R01,SR025,C022,87,28.89,2513.43
TXN12847,2024-10-31,P003,R01,SR025,C017,54,35.34,1908.36
TXN12848,2024-09-25,P002,R04,SR028,C048,82,53.38,4377.16
TXN12849,2025-03-11,P002,R03,SR027,C014,148,59.08,8743.84
TXN12850,2024-05-07,P003,R05,SR017,C020,103,34.78,3582.34
TXN12851,2024-06-18,P001,R01,SR007,C057,82,39.41,3231.62
TXN12852,2025-03-18,P004,R02,SR014,C042,76,48.03,3650.28
TXN12853,2025-04-05,P007,R01,SR013,C013,120,41.69,5002.8
TXN12854,2024-04-06,P005,R01,SR019,C067,135,67.35,9092.25
TXN12855,2024-08-12,P004,R02,SR026,C101,86,52.53,4517.58
TXN12856,2024-09-02,P002,R01,SR013,C012,66,,3657.06
TXN12857,2024-10-26,P004,R04,SR028,C100,46,49.96,2298.16
TXN12858,2024-04-21,P007,R01,SR001,C055,63,44.57,2807.91
TXN12859,2025-01-14,P008,R05,SR005,C038,38,30.95,1176.1
TXN12860,2025-08-09,P004,R05,SR017,C032,91,47.47,4319.77
TXN12861,2025-11-06,P007,R01,SR007,C067,89,43.53,3874.17
TXN12862,2024-12-24,P006,R05,SR011,C084,129,29.59,3817.11
TXN12863,2025-07-06,P007,R05,SR017,C117,64,40.94,2620.16
TXN12864,2025-01-08,P004,R05,SR017,C107,78,53.49,4172.22
TXN12865,2025-09-25,P002,R05,SR029,C083,37,55.16,2040.92
TXN12866,2025-07-22,P002,R03,SR003,C006,105,56.42,5924.1
TXN12867,2024-09-22,P002,R01,SR001,C094,68,56.76,3859.68
TXN12868,2025-04-27,P006,R03,SR003,C003,92,28.63,2633.96
TXN12869,2025-07-13,P004,R01,SR025,C012,48,48.38,2322.24
TXN12870,2025-11-26,P001,R01,SR007,C088,74,41.66,3082.84
TXN12871,2025-06-11,P003,R01,SR013,C055,61,33.36,2034.96
TXN12872,2024-10-12,P004,R06,SR006,C085,95,46.8,4446.0
TXN12873,2025-07-25,P005,R01,SR001,C012,55,73.52,4043.6
TXN12874,2024-06-02,P003,R01,SR013,C027,51,34.12,1740.12
TXN12875,2025-04-15,P005,R02,SR014,C069,44,65.89,2899.16
TXN12876,2024-11-11,P007,R05,SR023,C117,53,41.77,2213.81
TXN12877,2025-12-11,P002,R05,SR023,C115,173,56.12,9708.76
TXN12878,2024-12-23,P007,R01,SR025,C013,107,42.95,4595.65
TXN12879,2025-12-19,P002,R06,SR012,C015,150,54.42,8163.0
TXN12880,2025-04-28,P007,R01,SR019,C031,99,44.56,4411.44
TXN12881,2025-11-03,P006,R04,SR016,C046,30,28.9,867.0
TXN12882,2024-10-14,P005,R05,SR017,C081,96,68.27,6553.92
TXN12883,2024-04-15,P005,R05,SR017,C020,80,65.35,5228.0
TXN12884,2025-01-04,P001,R02,SR014,C007,155,38.03,5894.65
TXN12885,2025-02-28,P004,R01,SR019,C012,63,47.23,2975.49
TXN12886,2025-03-31,P005,R01,SR025,C055,59,67.19,3964.21
TXN12887,2025-10-18,P006,R06,SR018,C047,16,31.07,497.12
TXN12888,2025-11-21,P003,R05,SR017,C081,105,34.2,3591.0
TXN12889,2024-05-16,P007,R03,SR003,C014,124,44.33,5496.92
TXN12890,2024-09-17,P003,R01,SR013,C094,62,35.85,2222.7
TXN12891,2025-06-17,P002,R01,SR025,C022,114,53.07,6049.98
TXN12892,2024-03-04,P004,R03,SR015,C053,47,51.08,2400.76
TXN12893,2024-05-01,P002,R05,SR017,C038,57,57.43,3273.51
TXN12894,2024-01-28,P003,R06,SR012,C116,38,34.57,1313.66
TXN12895,2024-08-04,P003,R05,SR011,C114,48,33.67,1616.16
TXN12896,2024-03-06,P003,R01,SR019,C013,139,34.11,4741.29
TXN12897,2024-12-31,P001,R05,SR029,C028,104,39.8,4139.2
TXN12898,2025-06-23,P003,R03,SR009,C030,59,33.94,2002.46
TXN12899,2025-02-24,P005,R02,SR014,C075,118,69.99,8258.82
TXN12900,2024-12-23,P001,R03,SR009,C030,57,39.14,2230.98
TXN12901,2024-09-15,P007,R05,SR005,C083,30,43.16,1294.8
TXN12902,2025-09-21,P007,R01,SR001,C022,76,44.02,3345.52
TXN12903,2024-05-12,P002,R02,SR020,C036,67,53.41,3578.47
TXN12904,2025-01-02,P001,R06,SR012,C066,155,39.94,6190.7
TXN12905,2025-04-30,P006,R06,SR012,C059,123,30.34,3731.82
TXN12906,2025-04-16,P001,R01,SR019,C064,165,39.58,6530.7
TXN12907,2025-02-13,P005,R02,SR014,C078,120,66.01,7921.2
TXN12908,2024-08-17,P003,R02,SR020,C092,35,33.39,1168.65
TXN12909,2025-01-10,P006,R02,SR002,C108,84,28.79,2418.36
TXN12910,2025-09-15,P001,R05,SR005,C115,161,41.38,6662.18
TXN12911,2025-03-26,P008,R02,SR020,C042,94,32.6,3064.4
TXN12912,2024-12-21,P001,R04,SR016,C029,50,39.75,1987.5
TXN12913,2025-02-19,P002,R04,SR016,C040,93,55.33,5145.69
TXN12914,2025-10-17,P005,R04,SR016,C023,96,68.31,6557.76
TXN12915,2025-04-09,P002,R01,SR007,C043,48,50.97,2446.56
TXN12916,2025-05-27,P005,R01,SR025,C111,130,68.55,8911.5
TXN12917,2024-10-30,P003,R02,SR026,C033,104,34.25,3562.0
TXN12918,2025-02-03,P001,R03,SR027,C030,77,39.2,3018.4
TXN12919,2024-09-30,P001,R04,SR028,C080,157,39.47,6196.79
TXN12920,2025-01-31,P008,R01,SR013,C088,33,32.19,1062.27
TXN12921,2025-04-21,P008,R01,SR025,C017,33,30.54,1007.82
TXN12922,2024-01-28,P001,R04,SR004,C065,49,37.34,1829.66
TXN12923,2024-05-27,P008,R06,SR006,C116,50,30.99,1549.5
TXN12924,2024-06-01,P002,R06,SR012,C098,118,56.26,6638.68
TXN12925,2025-11-12,P007,R01,SR007,C022,71,46.69,3314.99
TXN12926,2025-08-07,P001,R04,SR028,C023,153,41.35,6326.55
TXN12927,2025-06-02,P004,R01,SR025,C012,78,49.14,3832.92
TXN12928,2025-11-09,P002,R02,SR008,C033,140,53.29,7460.6
TXN12929,2024-12-12,P006,R05,SR005,C038,36,31.03,1117.08
TXN12930,2024-08-09,P008,R01,SR019,C013,98,33.84,3316.32
TXN12931,2025-11-29,P006,R02,SR002,C042,146,30.02,4382.92
TXN12932,2025-03-30,P001,R02,SR002,C058,174,42.09,7323.66
TXN12933,2024-03-12,P006,R03,SR021,C009,48,28.92,1388.16
TXN12934,2024-12-22,P005,R01,SR013,C057,43,65.2,2803.6
TXN12935,2024-11-26,P001,R04,SR016,C103,108,38.77,4187.16
TXN12936,2024-09-25,P004,R02,SR026,C071,62,45.36,2812.32
TXN12937,2025-06-02,P002,R01,SR001,C017,59,55.74,3288.66
TXN12938,2025-04-25,P001,R03,SR015,C041,62,38.74,2401.88
TXN12939,2025-09-29,P003,R06,SR012,C086,92,33.38,3070.96
TXN12940,2025-12-08,P005,R04,SR004,C091,67,68.37,4580.79
TXN12941,2024-04-04,P002,R02,SR014,C042,105,53.51,5618.55
TXN12942,2025-06-19,P006,R02,SR014,C071,53,28.92,1532.76
TXN12943,2024-12-15,P007,R03,SR009,C009,39,43.81,1708.59
TXN12944,2024-08-08,P004,R01,SR001,C012,60,46.58,2794.8
TXN12945,2025-03-24,P003,R04,SR022,C102,88,33.37,2936.56
TXN12946,2025-03-19,P006,R06,SR024,C021,49,28.03,1373.47
TXN12947,2024-02-16,P007,R05,SR029,C096,43,42.7,1836.1
TXN12948,2024-09-04,P008,R02,SR026,C036,25,32.73,818.25
TXN12949,2024-03-29,P003,R01,SR013,C067,144,34.82,5014.08
TXN12950,2025-07-11,P005,R02,SR026,C033,131,69.18,9062.58
TXN12951,2024-11-05,P006,R01,SR013,C017,42,29.54,1240.68
TXN12952,2024-12-26,P008,R03,SR015,C019,32,31.6,1011.2
TXN12953,2024-07-27,P001,R01,SR007,C111,142,41.88,5946.96
TXN12954,2024-05-02,P004,R01,SR025,C064,104,50.33,5234.32
TXN12955,2024-08-09,P008,R05,SR011,C032,84,32.41,2722.44
TXN12956,2024-09-06,P001,R02,SR020,C069,50,37.4,1870.0
TXN12957,2025-12-12,P007,R01,SR001,C027,33,43.21,1425.93
TXN12958,2025-03-27,P002,R01,SR019,C111,166,52.92,8784.72
TXN12959,2025-02-24,P008,R04,SR004,C004,37,32.93,1218.41
TXN12960,2025-09-13,P002,R05,SR023,C115,169,52.9,8940.1
TXN12961,2024-08-26,P006,R01,SR001,C064,87,29.75,2588.25
TXN12962,2024-08-19,P001,R03,SR015,C018,57,38.48,2193.36
TXN12963,2024-01-05,P004,R02,SR008,C069,29,48.48,1405.92
TXN12964,2024-03-23,P002,R06,SR024,C074,56,54.61,3058.16
TXN12965,2025-08-08,P003,R01,SR019,C064,88,33.81,2975.28
TXN12966,2024-10-11,P003,R02,SR026,C049,94,34.37,3230.78
TXN12967,2025-06-03,P004,R05,SR005,C056,52,50.31,2616.12
TXN12968,2024-09-07,P001,R03,SR021,C030,84,38.94,3270.96
TXN12969,2024-05-01,P001,R01,SR025,C012,95,37.36,3549.2
TXN12970,2025-02-23,P006,R01,SR025,C060,87,29.5,2566.5
TXN12971,2024-11-23,P005,R04,SR004,C065,35,65.93,2307.55
TXN12972,2025-01-11,P001,R01,SR001,C012,77,39.21,3019.17
TXN12973,2024-02-17,P001,R02,SR020,C078,181,40.1,7258.1
TXN12974,2024-12-30,P001,R02,SR008,C026,64,39.29,2514.56
TXN12975,2024-05-29,P003,R06,SR030,C110,68,34.04,2314.72
TXN12976,2024-06-30,P002,R02,SR008,C007,124,52.04,6452.96
TXN12977,2024-01-28,P003,R03,SR003,C109,47,32.95,1548.65
TXN12978,2024-11-14,P002,R03,SR009,C009,36,51.83,1865.88
TXN12979,2024-10-25,P006,R02,SR026,C092,53,30.54,1618.62
TXN12980,2025-09-30,P002,R04,SR028,C095,59,53.82,3175.38
TXN12981,2025-06-18,P002,R01,SR007,C057,68,57.68,3922.24
TXN12982,2024-05-15,P005,R03,SR021,C025,24,64.32,1543.68
TXN12983,2024-06-23,P006,R05,SR017,C068,53,28.65,1518.45
TXN12984,2025-06-07,P004,R04,SR028,C102,95,50.23,4771.85
TXN12985,2025-03-19,P002,R01,SR013,C064,124,54.39,6744.36
TXN12986,2025-10-28,P001,R01,SR007,C119,39,37.87,1476.93
TXN12987,2024-11-18,P007,R01,SR007,C057,47,39.9,1875.3
TXN12988,2024-05-31,P008,R01,SR019,C031,63,30.18,1901.34
TXN12989,2025-09-19,P007,R03,SR003,C024,60,43.69,2621.4
TXN12990,2024-09-29,P005,R03,SR009,C072,21,68.76,1443.96
TXN12991,2025-01-02,P004,R01,SR013,C111,133,47.28,6288.24
TXN12992,2024-07-04,P008,R03,SR027,C024,40,32.43,1297.2
TXN12993,2025-02-22,P008,R05,SR011,C068,39,32.96,1285.44
TXN12994,2025-09-25,P001,R03,SR015,C025,38,41.36,1571.68
TXN12995,2025-10-20,P002,R01,SR001,C012,68,56.93,3871.24
TXN12996,2025-06-26,P002,R03,SR009,C003,99,57.94,5736.06
TXN12997,2025-12-14,P004,R02,SR002,C026,88,47.66,4194.08
TXN12998,2024-06-11,P001,R01,SR013,C064,135,38.65,5217.75
TXN12999,2024-07-18,P001,R03,SR021,C025,45,40.96,1843.2
TXN13000,2025-10-22,P002,R02,SR002,C075,184,55.3,10175.2
TXN13001,2024-12-15,P008,R03,SR021,C018,49,32.45,1590.05
TXN13002,2024-07-28,P002,R01,SR001,C055,86,56.83,4887.38
TXN13003,2024-08-07,P007,R05,SR011,C115,146,42.89,6261.94
TXN13004,2025-10-16,P003,R02,SR020,C092,43,31.38,1349.34
TXN13005,2024-11-19,P007,R02,SR014,C105,27,43.24,1167.48
TXN13006,2024-03-12,P006,R01,SR025,C055,52,31.11,1617.72
TXN13007,2025-09-06,P003,R04,SR016,C040,69,36.44,2514.36
TXN13008,2024-11-25,P001,R01,SR007,C119,35,38.31,1340.85
TXN13009,2024-08-05,P002,R03,SR015,C006,43,56.31,2421.33
TXN13010,2024-08-29,P004,R06,SR006,C015,150,52.52,7878.0
TXN13011,2024-02-20,P001,R03,SR027,C011,96,40.39,3877.44
TXN13012,2024-09-07,P002,R04,SR016,C029,37,56.44,2088.28
TXN13013,2025-08-19,P001,R06,SR030,C087,99,38.71,3832.29
TXN13014,2024-01-05,P001,R02,SR002,C042,132,42.54,5615.28
TXN13015,2024-11-07,P005,R01,SR007,C022,61,67.56,4121.16
TXN13016,2024-12-12,P004,R01,SR019,C094,63,48.28,3041.64
TXN13017,2024-03-15,P005,R01,SR013,C027,49,70.23,3441.27
TXN13018,2025-08-23,P007,R02,SR014,C033,113,44.06,4978.78
TXN13019,2024-10-04,P008,R02,SR026,C108,39,32.45,1265.55
TXN13020,2025-11-10,P005,R02,SR020,C108,66,70.8,4672.8
TXN13021,2025-02-13,P003,R05,SR017,C084,131,31.81,4167.11
TXN13022,2025-07-11,P008,R02,SR014,C069,36,30.44,1095.84
TXN13023,2025-06-11,P005,R01,SR025,C055,60,64.25,3855.0
TXN13024,2024-11-25,P001,R01,SR007,C013,144,39.01,5617.44
TXN13025,2025-09-19,P003,R03,SR027,C006,64,33.8,2163.2
TXN13026,2025-11-18,P005,R05,SR029,C032,64,65.95,4220.8
TXN13027,2025-03-04,P002,R02,SR008,C108,73,53.28,3889.44
TXN13028,2024-12-07,P004,R01,SR001,C111,130,49.64,6453.2
TXN13029,2024-10-14,P006,R06,SR030,C051,38,29.62,1125.56
TXN13030,2025-07-17,P006,R01,SR007,C031,52,29.45,1531.4
TXN13031,2025-03-06,P008,R03,SR021,C052,45,34.55,1554.75
TXN13032,2025-09-07,P003,R03,SR021,C011,54,35.4,1911.6
TXN13033,2024-11-05,P002,R06,SR006,C098,136,53.54,7281.44
TXN13034,2024-02-06,P002,R03,SR021,C009,56,58.79,3292.24
TXN13035,2024-04-25,P005,R05,SR011,C117,75,68.23,5117.25
TXN13036,2025-02-07,P006,R04,SR022,C004,37,29.63,1096.31
TXN13037,2025-07-09,P005,R03,SR009,C019,44,72.76,3201.44
TXN13038,2025-11-28,P001,R99,SR010,C104,77,39.29,3025.33
TXN13039,2025-03-24,P001,R02,SR002,C034,136,39.28,5342.08
TXN13040,2025-03-05,P001,R05,SR011,C096,126,40.68,5125.68
TXN13041,2024-11-14,P005,R01,SR019,C022,78,69.74,5439.72
TXN13042,2025-10-11,P004,R06,SR018,C089,26,46.81,1217.06
TXN13043,2025-07-16,P006,R01,SR019,C031,82,29.92,2453.44
TXN13044,2024-08-27,P005,R04,SR010,C104,53,67.56,3580.68
TXN13045,2025-11-21,P007,R01,SR019,C017,36,42.38,1525.68
TXN13046,2024-02-22,P002,R01,SR019,C031,113,57.83,6534.79
TXN13047,2024-06-13,P002,R06,SR018,C021,66,54.57,3601.62
TXN13048,2025-09-29,P003,R01,SR019,C055,65,32.97,2143.05
TXN13049,2025-02-06,P006,R04,SR010,C005,68,28.42,1932.56
TXN13050,2024-12-05,P002,R01,SR007,C013,122,54.41,6638.02
TXN13051,2025-08-03,P002,R02,SR026,C092,53,54.95,2912.35
TXN13052,2025-11-25,P004,R05,SR029,C115,114,47.91,5461.74
TXN13053,2025-07-05,P006,R06,SR018,C044,66,27.96,1845.36
TXN13054,2025-03-28,P005,R05,SR005,C063,77,72.46,5579.42
TXN13055,2025-05-07,P003,R02,SR020,C092,55,33.75,1856.25
TXN13056,2025-04-18,P004,R04,SR016,C010,150,48.84,7326.0
TXN13057,2025-08-29,P007,R01,SR013,C064,101,43.93,4436.93
TXN13058,2024-10-29,P007,R01,SR019,C043,44,42.66,1877.04
TXN13059,2025-09-03,P002,R02,SR002,C049,136,54.67,7435.12
TXN13060,2024-09-30,P005,R01,SR007,C119,24,69.14,1659.36
TXN13061,2024-11-01,P006,R02,SR014,C108,39,28.98,1130.22
TXN13062,2024-06-26,P005,R03,SR015,C052,27,65.43,1766.61
TXN13063,2024-06-20,P004,R05,SR017,C028,105,48.57,5099.85
TXN13064,2024-07-12,P007,R03,SR021,C011,80,42.31,3384.8
TXN13065,2025-05-27,P002,R01,SR007,C088,57,56.1,3197.7
TXN13066,2025-09-04,P001,R02,SR020,C036,58,38.94,2258.52
TXN13067,2024-02-27,P001,R05,SR017,C063,106,40.91,4336.46
TXN13068,2025-07-05,P003,R01,SR019,C064,91,33.97,3091.27
TXN13069,2024-11-22,P006,R04,SR022,C080,120,27.67,3320.4
TXN13070,2025-02-05,P002,R01,SR025,C088,46,52.63,2420.98
TXN13071,2024-12-04,P002,R04,SR016,C048,66,56.83,3750.78
TXN13072,2024-03-24,P001,R01,SR025,C111,185,39.55,7316.75
TXN13073,2024-02-19,P002,R05,SR005,C038,43,55.58,2389.94
TXN13074,2025-07-29,P002,R02,SR008,C071,69,54.74,3777.06
TXN13075,2024-10-30,P001,R05,SR005,C083,63,41.85,2636.55
TXN13076,2025-02-06,P006,R01,SR007,C088,56,28.38,1589.28
TXN13077,2025-05-07,P007,R01,SR013,C060,97,44.27,4294.19
TXN13078,2025-07-22,P005,R06,SR030,C086,71,70.97,5038.87
TXN13079,2025-10-05,P003,R04,SR010,C095,44,35.05,1542.2
TXN13080,2024-04-11,P002,R02,SR008,C007,136,54.93,7470.48
TXN13081,2025-09-23,P002,R02,SR014,C042,88,53.94,4746.72
TXN13082,2025-10-11,P001,R02,SR008,C105,57,41.01,2337.57
TXN13083,2025-10-09,P004,R02,SR014,C034,53,49.43,2619.79
TXN13084,2024-01-24,P003,R03,SR015,C014,71,32.83,2330.93
TXN13085,2025-09-27,P006,R03,SR015,C041,41,29.45,1207.45
TXN13086,2025-05-26,P002,R05,SR023,C114,69,53.36,3681.84
TXN13087,2025-11-19,P001,R05,SR011,C093,86,43.13,3709.18
TXN13088,2024-12-04,P001,R02,SR002,C097,51,37.98,1936.98
TXN13089,2025-08-30,P006,R04,SR010,C010,111,27.83,3089.13
TXN13090,2025-04-09,P002,R02,SR014,C092,44,57.29,2520.76
TXN13091,2024-08-28,P004,R01,SR013,C088,68,48.6,3304.8
TXN13092,2025-04-01,P003,R02,SR020,C026,104,33.47,3480.88
TXN13093,2025-08-25,P003,R01,SR013,C027,42,34.66,1455.72
TXN13094,2025-05-13,P004,R06,SR030,C099,43,48.1,2068.3
TXN13095,2024-03-13,P007,R03,SR021,C014,101,42.13,4255.13
TXN13096,2025-04-22,P005,R05,SR011,C096,67,68.61,4596.87
TXN13097,2025-09-03,P001,R02,SR020,C049,146,40.94,5977.24
TXN13098,2025-11-22,P004,R01,SR025,C022,91,49.2,4477.2
TXN13099,2025-12-08,P002,R06,SR006,C087,89,53.42,4754.38
TXN13100,2024-05-23,P002,R04,SR022,C080,163,52.16,8502.08
TXN13101,2024-03-06,P003,R02,SR014,C036,39,32.37,1262.43
TXN13102,2025-05-08,P001,R05,SR005,C117,89,38.91,3462.99
TXN13103,2025-12-04,P005,R01,SR001,C119,25,66.98,1674.5
TXN13104,2025-08-02,P007,R01,SR001,C013,141,42.18,5947.38
TXN13105,2025-10-16,P007,R01,SR001,C067,96,44.42,4264.32
TXN13106,2024-06-26,P004,R01,SR025,C017,40,50.74,2029.6
TXN13107,2025-03-23,P003,R01,SR013,C017,42,33.59,1410.78
TXN13108,2025-08-15,P002,R05,SR017,C063,60,51.41,3084.6
TXN13109,2024-01-25,P005,R06,SR024,C077,66,67.99,4487.34
TXN13110,2025-12-07,P007,R02,SR008,C049,101,44.08,4452.08
TXN13111,2024-12-21,P002,R01,SR013,C013,140,54.36,7610.4
TXN13112,2024-08-23,P003,R01,SR025,C017,41,34.53,1415.73
TXN13113,2024-12-15,P002,R06,SR012,C035,119,56.64,6740.16
TXN13114,2024-09-27,P001,R03,SR003,C006,88,39.79,3501.52
TXN13115,2024-01-23,P002,R03,SR027,C011,81,55.49,4494.69
TXN13116,2025-02-28,P002,R05,SR029,C084,127,51.9,6591.3
TXN13117,2025-08-28,P001,R02,SR014,C026,62,37.01,2294.62
TXN13118,2024-12-22,P002,R06,SR030,C085,99,54.8,5425.2
TXN13119,2025-09-08,P008,R03,SR015,C041,21,32.02,672.42
TXN13120,2025-10-22,P007,R02,SR014,C058,69,42.94,2962.86
TXN13121,2025-07-31,P002,R04,SR010,C065,47,54.35,2554.45
TXN13122,2025-01-20,P003,R02,SR008,C105,55,35.8,1969.0
TXN13123,2025-03-19,P002,R02,SR008,C071,65,54.0,3510.0
TXN13124,2025-05-25,P008,R04,SR022,C048,64,32.74,2095.36
TXN13125,2024-06-23,P002,R05,SR005,C117,70,52.46,3672.2
TXN13126,2024-06-01,P005,R05,SR005,C093,63,69.18,4358.34
TXN13127,2024-05-01,P001,R03,SR021,C003,131,38.35,5023.85
TXN13128,2025-02-27,P002,R01,SR001,C060,114,56.0,6384.0
TXN13129,2025-12-12,P002,R05,SR023,C068,58,55.46,3216.68
TXN13130,2024-08-29,P002,R06,SR024,C098,96,52.57,5046.72
TXN13131,2025-07-28,P003,R05,SR011,C008,51,34.9,1779.9
TXN13132,2025-06-11,P004,R06,SR024,C085,88,49.7,4373.6
TXN13133,2024-04-15,P005,R04,SR010,C104,64,70.58,4517.12
TXN13134,2025-12-18,P001,R01,SR019,C055,96,40.22,3861.12
TXN13135,2024-05-12,P001,R05,SR017,C073,74,39.96,2957.04
TXN13136,2025-02-26,P007,R04,SR010,C029,36,42.69,1536.84
TXN13137,2024-06-26,P005,R05,SR005,C020,107,67.53,7225.71
TXN13138,2025-10-02,P002,R06,SR012,C113,88,53.68,4723.84
TXN13139,2025-09-10,P001,R06,SR006,C110,104,42.03,4371.12
TXN13140,2025-12-29,P001,R06,SR012,C099,56,42.82,2397.92
TXN13141,2024-02-11,P005,R04,SR016,C103,67,65.01,4355.67
TXN13142,2024-04-16,P002,R04,SR022,C029,48,54.09,2596.32
TXN13143,2025-02-14,P006,R01,SR013,C027,53,27.84,1475.52
TXN13144,2024-11-03,P007,R01,SR019,C067,145,43.09,6248.05
TXN13145,2025-03-12,P002,R01,SR007,C119,38,55.49,2108.62
TXN13146,2024-10-27,P004,R04,SR028,C040,72,50.51,3636.72
TXN13147,2025-05-28,P008,R02,SR008,C058,57,33.02,1882.14
TXN13148,2024-08-09,P006,R01,SR019,C057,88,28.08,2471.04
TXN13149,2025-07-03,P007,R02,SR026,C058,101,43.66,4409.66
TXN13150,2024-12-01,P002,R02,SR014,C090,43,58.12,2499.16
TXN13151,2025-11-02,P008,R01,SR007,C017,25,33.71,842.75
TXN13152,2025-03-13,P003,R02,SR002,C049,161,34.54,5560.94
TXN13153,2025-01-11,P002,R03,SR027,C082,79,52.49,4146.71
TXN13154,2024-09-25,P001,R01,SR001,C088,81,40.29,3263.49
TXN13155,2025-12-15,P005,R06,SR024,C066,60,68.7,4122.0
TXN13156,2025-04-30,P007,R01,SR019,C013,131,44.2,5790.2
TXN13157,2024-05-15,P008,R02,SR014,C036,22,32.32,711.04
TXN13158,2025-08-07,P001,R01,SR007,C043,55,38.41,2112.55
TXN13159,2024-05-15,P004,R06,SR018,C089,37,50.48,1867.76
TXN13160,2024-02-27,P006,R01,SR019,C055,62,30.1,1866.2
TXN13161,2024-09-18,P003,R01,SR025,C057,79,33.3,2630.7
TXN13162,2024-04-07,P001,R06,SR012,C047,66,39.72,2621.52
TXN13163,2025-06-27,P002,R03,SR021,C011,96,55.22,5301.12
TXN13164,2025-06-10,P005,R04,SR016,C005,53,69.14,3664.42
TXN13165,2025-09-04,P005,R02,SR002,C033,134,67.22,9007.48
TXN13166,2025-04-06,P004,R05,SR023,C112,82,46.93,3848.26
TXN13167,2025-12-30,P004,R01,SR001,C013,118,50.57,5967.26
TXN13168,2024-09-24,P007,R01,SR001,C012,58,42.59,2470.22
TXN13169,2025-01-20,P007,R04,SR016,C070,139,43.23,6008.97
TXN13170,2024-06-12,P005,R06,SR018,C059,98,67.09,6574.82
TXN13171,2025-09-23,P005,R04,SR010,C040,68,66.34,4511.12
TXN13172,2024-07-21,P004,R03,SR027,C030,58,49.33,2861.14
TXN13173,2024-07-24,P004,R04,SR022,C102,107,46.35,4959.45
TXN13174,2024-10-15,P006,R03,SR009,C041,36,28.79,1036.44
TXN13175,2024-12-15,P005,R03,SR021,C054,62,69.83,4329.46
TXN13176,2024-05-10,P007,R01,SR001,C064,94,41.22,3874.68
TXN13177,2025-10-18,P002,R01,SR019,C027,48,56.06,2690.88
TXN13178,2024-01-22,P001,R03,SR003,C003,156,38.95,6076.2
TXN13179,2025-05-22,P008,R01,SR013,C111,103,31.75,3270.25
TXN13180,2025-07-25,P006,R05,SR017,C112,60,29.11,1746.6
TXN13181,2024-01-21,P003,R01,SR025,C060,89,34.09,3034.01
TXN13182,2025-05-10,P004,R01,SR025,C067,119,50.38,5995.22
TXN13183,2025-05-02,P006,R05,SR017,C020,86,28.99,2493.14
TXN13184,2024-06-05,P004,R99,SR027,C041,60,51.34,3080.4
TXN13185,2024-04-16,P001,R03,SR015,C024,47,42.01,1974.47
TXN13186,2024-01-27,P002,R05,SR017,C115,152,53.56,8141.12
TXN13187,2024-09-21,P002,R01,SR001,C012,60,54.53,3271.8
TXN13188,2024-12-23,P002,R06,SR024,C047,54,55.58,3001.32
TXN13189,2025-02-13,P003,R01,SR013,C027,51,33.85,1726.35
TXN13190,2024-01-11,P008,R03,SR027,C053,69,30.68,2116.92
TXN13191,2024-03-12,P006,R03,SR027,C082,66,28.82,1902.12
TXN13192,2024-01-09,P003,R02,SR002,C069,51,31.76,1619.76
TXN13193,2025-03-20,P002,R05,SR005,C063,76,57.41,4363.16
TXN13194,2025-09-28,P008,R01,SR019,C094,52,32.3,1679.6
TXN13195,2025-08-05,P003,R05,SR005,C117,71,33.23,2359.33
TXN13196,2025-05-21,P003,R02,SR026,C075,176,34.1,6001.6
TXN13197,2024-12-30,P004,R01,SR025,C064,97,48.9,4743.3
TXN13198,2025-02-07,P003,R01,SR019,C031,99,31.38,3106.62
TXN13199,2024-03-26,P002,R04,SR004,C040,91,54.64,4972.24
TXN13200,2024-03-22,P001,R01,SR013,C022,146,41.92,6120.32
TXN13201,2025-07-10,P002,R03,SR009,C053,67,55.58,3723.86
TXN13202,2024-01-06,P006,R01,SR025,C094,63,28.36,1786.68
TXN13203,2025-01-31,P001,R03,SR021,C037,131,38.27,5013.37
TXN13204,2024-01-12,P004,R03,SR003,C109,52,50.26,2613.52
TXN13205,2024-11-18,P001,R01,SR007,C057,63,39.23,2471.49
TXN13206,2024-08-16,P001,R01,SR013,C057,95,39.29,3732.55
TXN13207,2024-04-01,P003,R01,SR001,C017,51,35.33,1801.83
TXN13208,2025-07-07,P006,R05,SR011,C028,94,28.31,2661.14
TXN13209,2025-06-07,P002,R02,SR026,C105,72,53.8,3873.6
TXN13210,2025-08-18,P004,R06,SR012,C062,36,49.15,1769.4
TXN13211,2024-11-19,P001,R05,SR011,C117,90,42.29,3806.1
TXN13212,2024-03-14,P007,R01,SR025,C060,92,43.72,4022.24
TXN13213,2025-03-20,P002,R05,SR011,C008,59,55.61,3280.99
TXN13214,2025-12-09,P005,R01,SR019,C043,52,68.82,3578.64
TXN13215,2025-11-18,P007,R04,SR010,C091,74,42.95,3178.3
TXN13216,2024-07-03,P002,R03,SR021,C041,72,53.01,3816.72
TXN13217,2025-04-15,P003,R06,SR006,C099,51,34.65,1767.15
TXN13218,2024-07-31,P005,R04,SR028,C048,58,68.35,3964.3
TXN13219,2025-05-11,P003,R04,SR016,C095,57,33.61,1915.77
TXN13220,2024-02-09,P003,R02,SR026,C058,92,33.25,3059.0
TXN13221,2024-11-30,P001,R03,SR015,C024,43,40.42,1738.06
TXN13222,2024-07-24,P004,R03,SR015,C052,33,46.13,1522.29
TXN13223,2025-01-18,P004,R01,SR013,C013,127,49.22,6250.94
TXN13224,2024-01-21,P007,R04,SR010,C091,71,41.31,2933.01
TXN13225,2024-01-02,P008,R05,SR029,C117,37,33.75,1248.75
TXN13226,2025-02-20,P003,R02,SR008,C105,52,34.92,1815.84
TXN13227,2024-02-16,P003,R04,SR028,C010,146,35.5,5183.0
TXN13228,2025-08-08,P008,R01,SR007,C088,29,32.89,953.81
TXN13229,2024-08-04,P007,R05,SR029,C096,44,41.77,1837.88
TXN13230,2024-11-16,P001,R01,SR013,C017,54,38.51,2079.54
TXN13231,2024-03-19,P004,R06,SR006,C016,113,47.4,5356.2
TXN13232,2025-02-23,P006,R03,SR009,C003,63,28.22,1777.86
TXN13233,2025-02-19,P001,R04,SR022,C104,121,40.67,4921.07
TXN13234,2025-12-09,P001,R05,SR029,C068,55,38.88,2138.4
TXN13235,2025-05-28,P004,R01,SR013,C055,39,51.4,2004.6
TXN13236,2024-04-26,P007,R01,SR025,C057,59,45.97,2712.23
TXN13237,2025-10-29,P001,R01,SR025,C119,45,41.88,1884.6
TXN13238,2024-12-18,P002,R01,SR001,C013,145,56.3,8163.5
TXN13239,2024-11-18,P002,R03,SR003,C011,78,58.01,4524.78
TXN13240,2024-03-07,P003,R01,SR001,C031,86,34.48,2965.28
TXN13241,2025-05-31,P001,R01,SR001,C094,69,37.83,2610.27
TXN13242,2025-01-26,P004,R01,SR025,C017,52,48.94,2544.88
TXN13243,2024-05-27,P002,R05,SR029,C020,107,56.2,6013.4
TXN13244,2025-08-07,P004,R05,SR023,C112,77,51.52,3967.04
TXN13245,2025-02-20,P002,R05,SR023,C056,58,53.81,3120.98
TXN13246,2024-04-15,P003,R01,SR019,C060,114,32.94,3755.16
TXN13247,2025-11-02,P003,R04,SR028,C023,120,33.74,4048.8
TXN13248,2025-08-21,P006,R02,SR026,C033,159,29.49,4688.91
TXN13249,2025-10-11,P005,R02,SR008,C071,56,70.27,3935.12
TXN13250,2024-01-11,P001,R02,SR008,C078,154,39.23,6041.42
TXN13251,2025-09-16,P003,R01,SR001,C027,36,35.78,1288.08
TXN13252,2025-08-20,P001,R05,SR005,C083,56,37.16,2080.96
TXN13253,2025-12-08,P002,R01,SR007,C067,114,53.03,6045.42
TXN13254,2025-06-04,P004,R06,SR024,C035,106,48.87,5180.22
TXN13255,2024-10-19,P007,R03,SR015,C041,33,43.11,1422.63
TXN13256,2024-10-26,P008,R06,SR006,C076,49,30.93,1515.57
TXN13257,2025-05-22,P008,R04,SR004,C100,41,32.41,1328.81
TXN13258,2024-02-15,P007,R02,SR002,C036,38,43.34,1646.92
TXN13259,2025-06-14,P001,R06,SR030,C062,66,40.49,2672.34
TXN13260,2024-02-11,P003,R01,SR019,C088,68,32.8,2230.4
TXN13261,2025-05-09,P005,R01,SR025,C027,45,68.47,3081.15
TXN13262,2024-04-02,P006,R03,SR009,C054,66,28.62,1888.92
TXN13263,2025-11-03,P003,R03,SR015,C018,51,35.54,1812.54
TXN13264,2024-02-27,P001,R02,SR002,C108,119,39.76,4731.44
TXN13265,2025-02-25,P008,R03,SR027,C006,61,32.21,1964.81
TXN13266,2024-05-07,P003,R04,SR004,C070,145,32.93,4774.85
TXN13267,2024-02-07,P008,R01,SR013,C088,46,30.25,1391.5
TXN13268,2024-02-27,P004,R06,SR006,C098,106,45.42,4814.52
TXN13269,2024-05-18,P007,R01,SR007,C057,62,42.14,2612.68
TXN13270,2025-09-09,P001,R01,SR013,C094,84,39.68,3333.12
TXN13271,2025-05-22,P006,R01,SR019,C111,136,30.28,4118.08
TXN13272,2025-07-22,P001,R02,SR014,C078,167,38.34,6402.78
TXN13273,2025-06-12,P004,R06,SR012,C051,54,50.35,2718.9
TXN13274,2025-08-10,P007,R03,SR015,C018,41,44.89,1840.49
TXN13275,2024-12-07,P001,R02,SR026,C090,69,40.54,2797.26
TXN13276,2024-03-31,P005,R06,SR024,C047,39,66.39,2589.21
TXN13277,2025-05-17,P002,R01,SR001,C088,88,59.39,5226.32
TXN13278,2025-09-19,P005,R05,SR011,C020,81,67.51,5468.31
TXN13279,2025-01-18,P002,R06,SR030,C079,114,56.07,6391.98
TXN13280,2025-08-05,P005,R01,SR025,C067,104,68.31,7104.24
TXN13281,2025-06-09,P006,R06,SR012,C076,53,30.0,1590.0
TXN13282,2025-03-11,P003,R01,SR025,C067,133,34.57,4597.81
TXN13283,2024-09-08,P008,R03,SR003,C003,81,31.75,2571.75
TXN13284,2024-02-08,P003,R05,SR029,C096,59,35.27,2080.93
TXN13285,2024-06-10,P001,R04,SR022,C023,193,39.54,7631.22
TXN13286,2025-11-02,P003,R06,SR012,C062,40,34.72,1388.8
TXN13287,2025-10-11,P008,R04,SR010,C065,27,33.71,910.17
TXN13288,2025-03-28,P003,R02,SR026,C101,111,32.69,3628.59
TXN13289,2024-04-13,P004,R02,SR020,C108,69,46.1,3180.9
TXN13290,2024-09-03,P002,R01,SR001,C119,41,58.56,2400.96
TXN13291,2024-05-05,P002,R05,SR011,C081,199,54.24,10793.76
TXN13292,2025-11-12,P006,R06,SR024,C086,88,29.02,2553.76
TXN13293,2024-01-07,P002,R06,SR024,C074,43,58.57,2518.51
TXN13294,2025-06-12,P002,R06,SR018,C077,80,56.34,4507.2
TXN13295,2024-12-28,P006,R06,SR018,C086,62,27.54,1707.48
TXN13296,2025-06-26,P004,R01,SR019,C057,82,51.24,4201.68
TXN13297,2025-11-26,P004,R05,SR023,C112,54,48.31,2608.74
TXN13298,2024-01-29,P004,R05,SR011,C083,46,47.11,2167.06
TXN13299,2024-02-22,P002,R05,SR011,C093,78,55.56,4333.68
TXN13300,2024-04-17,P004,R01,SR025,C057,71,47.03,3339.13
TXN13301,2025-08-13,P001,R02,SR002,C026,125,38.65,4831.25
TXN13302,2025-07-20,P001,R01,SR001,C031,110,41.37,4550.7
TXN13303,2025-02-28,P002,R04,SR016,C103,101,52.63,5315.63
TXN13304,2025-07-04,P004,R02,SR014,C097,40,47.33,1893.2
TXN13305,2024-03-24,P004,R02,SR020,C042,104,50.55,5257.2
TXN13306,2025-10-28,P002,R03,SR015,C014,72,53.64,3862.08
TXN13307,2025-10-04,P001,R05,SR017,C115,142,42.33,6010.86
TXN13308,2025-02-18,P001,R06,SR018,C044,92,40.14,3692.88
TXN13309,2024-12-18,P002,R01,SR019,C013,194,53.45,10369.3
TXN13310,2024-10-17,P004,R05,SR023,C063,78,50.0,3900.0
TXN13311,2024-12-10,P002,R05,SR017,C117,74,56.97,4215.78
TXN13312,2024-03-02,P002,R03,SR021,C009,54,54.28,2931.12
TXN13313,2024-03-17,P001,R01,SR025,C064,121,39.5,4779.5
TXN13314,2024-02-06,P002,R05,SR005,C008,60,58.76,3525.6
TXN13315,2025-06-15,P002,R04,SR010,C004,53,53.83,2852.99
TXN13316,2025-12-30,P005,R04,SR010,C065,39,69.77,2721.03
TXN13317,2025-01-25,P006,R02,SR026,C036,59,27.01,1593.59
TXN13318,2024-02-17,P001,R05,SR017,C056,70,38.9,2723.0
TXN13319,2024-04-21,P001,R02,SR026,C026,76,40.76,3097.76
TXN13320,2024-10-31,P001,R01,SR025,C111,150,40.75,6112.5
TXN13321,2025-04-21,P007,R04,SR016,C102,92,43.92,4040.64
TXN13322,2024-09-19,P006,R06,SR006,C106,41,28.45,1166.45
TXN13323,2025-03-04,P007,R01,SR001,C088,72,41.18,2964.96
TXN13324,2025-09-04,P008,R01,SR025,C060,75,30.94,2320.5
TXN13325,2024-09-03,P001,R01,SR007,C017,39,39.34,1534.26
TXN13326,2024-02-27,P005,R01,SR007,C031,74,63.57,4704.18
TXN13327,2025-01-03,P005,R03,SR015,C052,27,71.09,1919.43
TXN13328,2024-09-18,P004,R01,SR001,C088,60,46.83,2809.8
TXN13329,2025-04-29,P004,R05,SR017,C020,109,47.86,5216.74
TXN13330,2024-03-15,P001,R02,SR014,C026,67,41.2,2760.4
TXN13331,2024-01-01,P003,R02,SR026,C026,52,35.77,1860.04
TXN13332,2025-02-24,P001,R06,SR030,C113,78,37.96,2960.88
TXN13333,2025-09-19,P006,R04,SR016,C091,76,27.36,2079.36
TXN13334,2025-06-09,P001,R02,SR020,C069,80,41.01,3280.8
TXN13335,2025-12-24,P002,R03,SR009,C030,66,56.64,3738.24
TXN13336,2025-06-20,P005,R01,SR025,C031,74,64.57,4778.18
TXN13337,2025-05-25,P001,R01,SR013,C013,188,37.11,6976.68
TXN13338,2024-10-16,P002,R03,SR003,C030,67,54.6,3658.2
TXN13339,2024-10-29,P003,R04,SR022,C103,74,33.91,2509.34
TXN13340,2025-01-20,P006,R04,SR010,C005,60,29.36,1761.6
TXN13341,2024-03-20,P005,R03,SR015,C003,57,70.7,4029.9
TXN13342,2024-08-16,P002,R04,SR004,C048,82,54.89,4500.98
TXN13343,2025-07-13,P002,R04,SR016,C048,90,56.88,5119.2
TXN13344,2024-03-06,P007,R05,SR029,C038,36,42.06,1514.16
TXN13345,2025-12-25,P008,R04,SR022,C046,20,30.91,618.2
TXN13346,2025-03-15,P008,R03,SR027,C009,43,33.24,1429.32
TXN13347,2025-11-17,P005,R01,SR013,C012,37,67.56,2499.72
TXN13348,2025-11-09,P006,R06,SR030,C086,88,30.5,2684.0
TXN13349,2025-03-24,P002,R05,SR011,C114,60,50.86,3051.6
TXN13350,2025-10-15,P008,R05,SR017,C032,54,31.77,1715.58
TXN13351,2025-10-24,P005,R01,SR007,C119,24,65.83,1579.92
TXN13352,2025-02-11,P001,R01,SR007,C031,93,38.9,3617.7
TXN13353,2025-02-05,P005,R02,SR008,C034,62,67.11,4160.82
TXN13354,2025-08-26,P002,R06,SR006,C062,56,55.62,3114.72
TXN13355,2025-12-23,P001,R02,SR002,C033,229,39.16,8967.64
TXN13356,2024-01-22,P001,R06,SR024,C062,42,40.04,1681.68
TXN13357,2025-07-18,P003,R05,SR011,C112,80,34.92,2793.6
TXN13358,2025-04-27,P004,R04,SR004,C080,118,48.92,5772.56
TXN13359,2025-10-18,P005,R02,SR026,C097,37,69.7,2578.9
TXN13360,2025-07-27,P001,R02,SR020,C105,69,38.07,2626.83
TXN13361,2024-01-26,P008,R05,SR029,C073,40,30.8,1232.0
TXN13362,2024-05-31,P001,R03,SR015,C014,84,40.07,3365.88
TXN13363,2024-10-08,P008,R02,SR008,C078,76,31.11,2364.36
TXN13364,2024-02-19,P008,R01,SR019,C043,38,33.29,1265.02
TXN13365,2024-07-29,P002,R05,SR011,C112,101,54.42,5496.42
TXN13366,2025-04-12,P007,R03,SR003,C082,72,40.22,2895.84
TXN13367,2024-01-03,P003,R01,SR025,C119,20,32.09,641.8
TXN13368,2025-01-24,P001,R01,SR019,C031,120,40.38,4845.6
TXN13369,2024-07-14,P004,R01,SR013,C043,54,46.2,2494.8
TXN13370,2025-01-21,P001,R05,SR023,C096,97,42.97,4168.09
TXN13371,2024-02-16,P006,R02,SR020,C026,58,27.87,1616.46
TXN13372,2024-05-26,P004,R05,SR017,C020,104,50.06,5206.24
TXN13373,2025-12-11,P007,R02,SR026,C071,79,44.45,3511.55
TXN13374,2025-02-27,P006,R02,SR020,C097,38,29.28,1112.64
TXN13375,2024-06-23,P001,R02,SR002,C069,74,41.65,3082.1
TXN13376,2024-03-28,P004,R04,SR004,C048,74,46.68,3454.32
TXN13377,2025-08-21,P006,R04,SR016,C048,78,29.35,2289.3
TXN13378,2024-07-14,P002,R02,SR026,C092,57,56.05,3194.85
TXN13379,2024-12-03,P007,R01,SR007,C111,91,42.93,3906.63
TXN13380,2025-06-20,P002,R06,SR030,C035,108,55.91,6038.28
TXN13381,2025-08-15,P003,R01,SR019,C088,79,36.16,2856.64
TXN13382,2024-08-08,P002,R01,SR025,C094,72,54.77,3943.44
TXN13383,2025-10-30,P002,R02,SR020,C097,44,54.78,2410.32
TXN13384,2024-04-18,P001,R03,SR003,C072,67,38.83,2601.61
TXN13385,2024-02-14,P002,R01,SR001,C057,80,53.98,4318.4
TXN13386,2024-02-25,P003,R05,SR029,C084,131,33.63,4405.53
TXN13387,2025-02-10,P003,R06,SR012,C061,97,34.45,3341.65
TXN13388,2025-07-16,P001,R01,SR007,C060,99,39.39,3899.61
TXN13389,2024-12-03,P001,R01,SR007,C119,30,39.13,1173.9
TXN13390,2024-11-06,P008,R04,SR028,C040,49,37.05,1815.45
TXN13391,2024-12-31,P002,R03,SR009,C003,76,56.35,4282.6
TXN13392,2024-11-29,P002,R01,SR007,C017,44,54.18,2383.92
TXN13393,2025-05-10,P006,R01,SR007,C022,74,29.54,2185.96
TXN13394,2024-02-09,P005,R06,SR018,C059,89,64.8,5767.2
TXN13395,2025-07-29,P003,R04,SR028,C104,48,34.19,1641.12
TXN13396,2025-10-16,P002,R04,SR010,C104,62,56.86,3525.32
TXN13397,2024-07-09,P006,R02,SR020,C105,48,28.58,1371.84
TXN13398,2025-03-02,P008,R05,SR005,C038,35,34.27,1199.45
TXN13399,2024-02-17,P001,R05,SR029,C112,81,37.97,3075.57
TXN13400,2024-06-06,P004,R02,SR020,C026,66,50.24,3315.84
TXN13401,2024-10-26,P001,R02,SR014,C092,48,40.33,1935.84
TXN13402,2024-12-05,P004,R04,SR004,C100,53,48.69,2580.57
TXN13403,2024-11-26,P006,R06,SR030,C016,71,26.9,1909.9
TXN13404,2025-11-17,P002,R02,SR026,C069,52,57.51,2990.52
TXN13405,2025-11-10,P001,R05,SR017,C112,80,39.23,3138.4
TXN13406,2024-01-13,P002,R99,SR011,C083,66,55.82,3684.12
TXN13407,2024-02-17,P007,R02,SR014,C036,35,42.94,1502.9
TXN13408,2024-08-27,P007,R01,SR025,C060,86,43.42,3734.12
TXN13409,2025-04-29,P007,R06,SR024,C086,107,39.15,4189.05
TXN13410,2025-08-12,P006,R01,SR013,C119,33,30.07,992.31
TXN13411,2025-10-27,P003,R02,SR002,C075,201,34.36,6906.36
TXN13412,2025-11-03,P003,R02,SR002,C049,132,34.77,4589.64
TXN13413,2025-11-23,P004,R02,SR026,C108,61,47.24,2881.64
TXN13414,2025-01-03,P006,R01,SR001,C088,48,28.01,1344.48
TXN13415,2025-11-15,P002,R02,SR026,C092,57,55.42,3158.94
TXN13416,2025-04-16,P002,R01,SR001,C067,162,55.8,9039.6
TXN13417,2025-07-11,P004,R05,SR011,C112,61,46.68,2847.48
TXN13418,2025-08-08,P005,R03,SR015,C011,35,70.31,2460.85
TXN13419,2024-11-17,P008,R01,SR013,C031,59,33.26,1962.34
TXN13420,2025-11-23,P001,R02,SR008,C092,59,40.15,2368.85
TXN13421,2024-02-07,P007,R04,SR028,C102,108,44.03,4755.24
TXN13422,2025-03-11,P002,R01,SR025,C022,128,52.61,6734.08
TXN13423,2025-02-13,P003,R04,SR004,C103,80,34.8,2784.0
TXN13424,2025-01-16,P005,R06,SR012,C044,68,67.18,4568.24
TXN13425,2025-02-12,P001,R02,SR002,C026,141,40.38,5693.58
TXN13426,2025-01-03,P003,R04,SR004,C100,55,35.7,1963.5
TXN13427,2025-08-22,P005,R03,SR009,C003,44,69.53,3059.32
TXN13428,2025-10-18,P001,R02,SR014,C036,41,38.85,1592.85
TXN13429,2025-12-13,P003,R02,SR014,C058,71,34.3,2435.3
TXN13430,2024-01-03,P007,R03,SR027,C037,90,41.87,3768.3
TXN13431,2025-06-16,P001,R01,SR025,C067,162,41.15,6666.3
TXN13432,2025-04-04,P005,R02,SR020,C097,34,60.29,2049.86
TXN13433,2024-06-05,P002,R01,SR025,C094,62,56.58,3507.96
TXN13434,2024-12-10,P002,R04,SR022,C104,96,56.42,5416.32
TXN13435,2024-06-21,P005,R05,SR005,C107,101,66.63,6729.63
TXN13436,2025-11-14,P003,R02,SR026,C105,57,34.19,1948.83
TXN13437,2025-10-24,P006,R03,SR009,C052,37,29.88,1105.56
TXN13438,2024-06-12,P007,R06,SR030,C076,47,44.36,2084.92
TXN13439,2025-04-01,P005,R03,SR009,C025,33,68.1,2247.3
TXN13440,2025-11-17,P006,R05,SR017,C063,65,28.15,1829.75
TXN13441,2024-04-23,P003,R06,SR006,C062,43,32.55,1399.65
TXN13442,2024-07-26,P007,R04,SR016,C039,76,46.08,3502.08
TXN13443,2024-03-02,P001,R05,SR029,C083,58,40.84,2368.72
TXN13444,2024-08-27,P007,R06,SR030,C047,40,42.42,1696.8
TXN13445,2024-12-18,P004,R03,SR015,C019,43,47.82,2056.26
TXN13446,2024-06-20,P004,R02,SR020,C101,106,50.21,5322.26
TXN13447,2025-07-16,P007,R02,SR008,C026,57,41.97,2392.29
TXN13448,2024-10-06,P007,R01,SR013,C031,77,42.72,3289.44
TXN13449,2024-11-11,P003,R05,SR017,C073,55,35.3,1941.5
TXN13450,2024-05-28,P007,R03,SR003,C082,74,43.83,3243.42
TXN13451,2025-08-16,P005,R02,SR008,C036,31,69.92,2167.52
TXN13452,2025-10-04,P001,R05,SR017,C068,59,43.89,2589.51
TXN13453,2024-04-19,P006,R01,SR007,C119,24,29.04,696.96
TXN13454,2025-03-11,P003,R04,SR028,C102,87,36.67,3190.29
TXN13455,2025-07-25,P007,R01,SR001,C094,54,42.03,2269.62
TXN13456,2024-02-17,P001,R01,SR025,C088,83,38.89,3227.87
TXN13457,2025-11-28,P008,R01,SR013,C094,40,32.47,1298.8
TXN13458,2025-09-02,P004,R02,SR026,C034,71,49.26,3497.46
TXN13459,2025-02-12,P005,R05,SR029,C073,45,68.27,3072.15
TXN13460,2024-12-25,P004,R04,SR004,C010,138,49.22,6792.36
TXN13461,2024-11-08,P005,R06,SR018,C051,37,69.2,2560.4
TXN13462,2024-10-02,P003,R06,SR018,C106,45,31.97,1438.65
TXN13463,2024-06-17,P001,R05,SR011,C028,160,40.66,6505.6
TXN13464,2025-02-04,P004,R04,SR016,C080,139,49.22,6841.58
TXN13465,2025-02-26,P005,R04,SR022,C104,57,66.09,3767.13
TXN13466,2025-02-14,P006,R02,SR002,C036,62,29.84,1850.08
TXN13467,2024-05-09,P003,R05,SR017,C073,69,33.91,2339.79
TXN13468,2025-02-04,P006,R03,SR003,C052,66,29.92,1974.72
TXN13469,2024-01-30,P002,R01,SR013,C012,74,56.61,4189.14
TXN13470,2024-10-07,P005,R06,SR030,C113,45,68.25,3071.25
TXN13471,2024-09-22,P003,R03,SR021,C025,31,33.73,1045.63
TXN13472,2025-11-05,P001,R01,SR019,C043,63,40.42,2546.46
TXN13473,2024-05-16,P001,R01,SR001,C031,96,40.88,3924.48
TXN13474,2025-06-26,P003,R02,SR026,C071,71,33.51,2379.21
TXN13475,2024-08-30,P002,R05,SR005,C056,48,52.42,2516.16
TXN13476,2025-04-30,P006,R06,SR024,C050,25,27.33,683.25
TXN13477,2024-07-08,P003,R01,SR001,C031,84,32.8,2755.2
TXN13478,2025-08-05,P002,R02,SR008,C033,135,54.99,7423.65
TXN13479,2024-03-08,P005,R06,SR018,C079,71,68.14,4837.94
TXN13480,2025-12-24,P007,R05,SR011,C096,75,44.3,3322.5
TXN13481,2024-07-21,P006,R01,SR001,C017,43,28.65,1231.95
TXN13482,2024-12-24,P003,R03,SR021,C009,35,31.99,1119.65
TXN13483,2024-08-25,P004,R05,SR023,C081,130,48.53,6308.9
TXN13484,2025-11-30,P007,R05,SR011,C032,100,41.67,4167.0
TXN13485,2025-10-30,P001,R06,SR012,C021,73,39.66,2895.18
TXN13486,2025-10-02,P001,R01,SR007,C043,41,38.68,1585.88
TXN13487,2024-12-11,P006,R05,SR029,C063,54,30.13,1627.02
TXN13488,2024-01-20,P001,R01,SR013,C022,137,38.86,5323.82
TXN13489,2024-06-24,P007,R03,SR021,C003,95,43.52,4134.4
TXN13490,2024-11-28,P008,R04,SR004,C065,31,31.23,968.13
TXN13491,2024-06-10,P002,R02,SR026,C007,175,56.43,9875.25
TXN13492,2024-05-04,P001,R04,SR010,C070,172,38.65,6647.8
TXN13493,2024-08-28,P003,R03,SR009,C082,50,35.17,1758.5
TXN13494,2024-09-21,P001,R04,SR028,C010,159,39.46,6274.14
TXN13495,2025-07-02,P003,R03,SR003,C024,50,33.83,1691.5
TXN13496,2024-08-08,P003,R01,SR013,C012,49,31.92,1564.08
TXN13497,2024-12-20,P003,R04,SR016,C091,92,33.81,3110.52
TXN13498,2024-10-11,P002,R03,SR027,C003,109,57.76,6295.84
TXN13499,2025-06-26,P007,R06,SR024,C116,35,40.48,1416.8
TXN13500,2025-04-14,P006,R03,SR027,C018,67,29.44,1972.48
TXN13501,2025-12-31,P004,R02,SR002,C034,105,52.22,5483.1
TXN13502,2025-07-09,P001,R05,SR029,C084,155,41.33,6406.15
TXN13503,2024-02-05,P001,R02,SR020,C075,196,40.94,8024.24
TXN13504,2025-01-30,P002,R03,SR021,C006,103,54.64,5627.92
TXN13505,2024-10-09,P001,R01,SR025,C027,61,41.59,2536.99
TXN13506,2025-10-12,P005,R02,SR026,C069,52,72.92,3791.84
TXN13507,2024-12-23,P001,R02,SR026,C071,82,38.98,3196.36
TXN13508,2024-01-20,P006,R02,SR026,C007,117,29.34,3432.78
TXN13509,2025-08-22,P002,R01,SR019,C012,85,53.82,4574.7
TXN13510,2024-04-24,P002,R01,SR019,C064,137,54.81,7508.97
TXN13511,2025-05-27,P001,R06,SR024,C087,99,38.3,3791.7
TXN13512,2024-12-12,P002,R06,SR024,C047,46,57.25,2633.5
TXN13513,2025-08-05,P005,R02,SR014,C097,25,67.71,1692.75
TXN13514,2024-10-19,P001,R05,SR011,C081,181,40.69,7364.89
TXN13515,2024-09-15,P007,R03,SR021,C037,94,43.94,4130.36
TXN13516,2025-06-06,P007,R04,SR016,C048,92,45.36,4173.12
TXN13517,2024-12-25,P001,R02,SR002,C049,143,41.71,5964.53
TXN13518,2025-09-02,P006,R02,SR002,C108,73,29.31,2139.63
TXN13519,2024-04-04,P003,R02,SR002,C097,44,32.58,1433.52
TXN13520,2024-10-06,P003,R06,SR018,C066,63,32.74,2062.62
TXN13521,2024-03-13,P004,R06,SR024,C062,54,48.44,2615.76
TXN13522,2024-10-13,P001,R04,SR010,C029,36,40.46,1456.56
TXN13523,2024-07-28,P007,R01,SR019,C111,131,43.15,5652.65
TXN13524,2024-11-23,P006,R01,SR013,C012,53,29.76,1577.28
TXN13525,2024-11-15,P001,R06,SR024,C002,93,38.97,3624.21
TXN13526,2025-01-16,P006,R03,SR015,C006,45,28.87,1299.15
TXN13527,2025-11-02,P002,R01,SR013,C057,98,56.56,5542.88
TXN13528,2024-07-04,P003,R06,SR030,C089,31,33.74,1045.94
TXN13529,2024-06-19,P003,R01,SR001,C055,68,33.24,2260.32
TXN13530,2025-06-14,P007,R02,SR014,C078,141,44.04,6209.64
TXN13531,2025-09-09,P004,R05,SR011,C096,61,47.21,2879.81
TXN13532,2025-02-26,P005,R02,SR020,C108,72,68.31,4918.32
TXN13533,2025-12-28,P002,R06,SR030,C050,22,53.12,1168.64
TXN13534,2024-02-01,P001,R04,SR022,C065,59,38.81,2289.79
TXN13535,2024-12-29,P005,R01,SR001,C031,65,71.23,4629.95
TXN13536,2025-05-05,P002,R02,SR014,C026,67,56.64,3794.88
TXN13537,2025-01-23,P004,R02,SR002,C007,153,46.08,7050.24
TXN13538,2025-04-05,P002,R01,SR025,C119,42,55.12,2315.04
TXN13539,2025-11-03,P005,R01,SR001,C013,91,69.6,6333.6
TXN13540,2024-04-02,P001,R04,SR022,C070,203,42.26,8578.78
TXN13541,2025-09-20,P007,R06,SR006,C059,135,43.51,5873.85
TXN13542,2024-07-24,P002,R01,SR013,C055,71,55.78,3960.38
TXN13543,2025-01-12,P007,R02,SR020,C049,105,42.58,4470.9
TXN13544,2024-12-03,P005,R05,SR023,C114,43,71.74,3084.82
TXN13545,2025-06-21,P006,R01,SR007,C022,68,29.48,2004.64
TXN13546,2024-09-20,P008,R01,SR007,C064,46,31.23,1436.58
TXN13547,2025-12-07,P007,R02,SR002,C042,103,43.28,4457.84
TXN13548,2025-03-30,P007,R03,SR009,C019,47,45.97,2160.59
TXN13549,2024-08-10,P007,R04,SR022,C040,78,41.41,3229.98
TXN13550,2025-05-15,P005,R06,SR024,C116,39,66.49,2593.11
TXN13551,2025-04-01,P001,R04,SR022,C080,170,38.49,6543.3
TXN13552,2025-03-24,P008,R02,SR008,C097,25,31.3,782.5
TXN13553,2025-07-28,P002,R02,SR008,C092,67,51.22,3431.74
TXN13554,2024-02-20,P007,R01,SR025,C057,52,42.67,2218.84
TXN13555,2024-02-15,P008,R03,SR021,C009,43,32.95,1416.85
TXN13556,2025-02-27,P003,R05,SR029,C020,81,31.98,2590.38
TXN13557,2025-06-12,P008,R04,SR010,C023,96,31.68,3041.28
TXN13558,2024-08-01,P003,R06,SR030,C002,92,35.96,3308.32
TXN13559,2024-01-22,P001,R01,SR001,C088,88,39.38,3465.44
TXN13560,2025-04-27,P003,R01,SR001,C022,107,37.46,4008.22
TXN13561,2025-08-07,P002,R02,SR002,C069,65,56.21,3653.65
TXN13562,2024-04-26,P006,R01,SR007,C043,45,27.43,1234.35
TXN13563,2025-03-08,P006,R04,SR016,C010,137,27.81,3809.97
TXN13564,2024-12-05,P001,R06,SR030,C051,47,40.39,1898.33
TXN13565,2024-07-22,P002,R03,SR003,C009,58,51.78,3003.24
TXN13566,2025-07-01,P002,R02,SR020,C036,59,53.87,3178.33
TXN13567,2025-04-05,P001,R01,SR013,C088,94,41.05,3858.7
TXN13568,2024-04-09,P001,R03,SR021,C019,111,40.08,4448.88
TXN13569,2025-04-10,P005,R02,SR008,C058,76,67.49,5129.24
TXN13570,2024-06-25,P007,R02,SR020,C108,50,44.91,2245.5
TXN13571,2024-07-21,P004,R06,SR024,C074,29,50.45,1463.05
TXN13572,2024-03-07,P004,R01,SR001,C022,91,50.33,4580.03
TXN13573,2024-04-01,P004,R03,SR015,C109,31,48.03,1488.93
TXN13574,2024-08-24,P006,R01,SR025,C027,38,29.44,1118.72
TXN13575,2024-06-04,P004,R04,SR010,C005,70,47.21,3304.7
TXN13576,2025-05-16,P007,R01,SR001,C060,104,44.23,4599.92
TXN13577,2024-03-09,P002,R06,SR006,C021,91,56.1,5105.1
TXN13578,2025-06-28,P005,R02,SR008,C101,89,67.75,6029.75
TXN13579,2024-12-26,P001,R04,SR004,C095,69,41.59,2869.71
TXN13580,2025-10-31,P006,R05,SR017,C117,47,31.15,1464.05
TXN13581,2025-12-24,P006,R02,SR026,C058,87,28.41,2471.67
TXN13582,2024-10-13,P003,R04,SR022,C070,119,35.27,4197.13
TXN13583,2025-06-25,P001,R01,SR007,C055,54,43.77,2363.58
TXN13584,2025-10-04,P001,R01,SR019,C055,81,39.57,3205.17
TXN13585,2024-06-03,P008,R02,SR014,C026,40,30.9,1236.0
TXN13586,2025-09-06,P001,R05,SR011,C032,142,40.86,5802.12
TXN13587,2025-02-27,P006,R02,SR014,C058,68,30.33,2062.44
TXN13588,2025-05-08,P001,R02,SR020,C105,77,41.61,3203.97
TXN13589,2025-01-20,P007,R01,SR007,C119,17,43.79,744.43
TXN13590,2024-02-07,P005,R03,SR021,C014,114,68.58,7818.12
TXN13591,2024-02-27,P003,R02,SR014,C058,88,33.05,2908.4
TXN13592,2025-06-24,P002,R05,SR023,C093,104,58.91,6126.64
TXN13593,2024-02-06,P001,R04,SR028,C103,128,40.76,5217.28
TXN13594,2024-01-29,P001,R01,SR007,C094,75,38.19,2864.25
TXN13595,2024-02-05,P001,R03,SR027,C053,117,38.59,4515.03
TXN13596,2025-12-29,P004,R04,SR022,C100,49,52.67,2580.83
TXN13597,2024-02-22,P006,R04,SR010,C005,48,28.83,1383.84
TXN13598,2025-07-21,P002,R05,SR017,C081,149,55.13,8214.37
TXN13599,2025-04-19,P004,R05,SR023,C107,129,48.83,6299.07
TXN13600,2024-10-05,P007,R03,SR009,C052,40,43.49,1739.6
TXN13601,2024-12-11,P006,R05,SR017,C114,37,30.51,1128.87
TXN13602,2025-08-30,P002,R01,SR013,C060,114,54.69,6234.66
TXN13603,2025-10-19,P002,R06,SR006,C110,87,55.99,4871.13
TXN13604,2025-03-02,P001,R02,SR008,C042,136,40.85,5555.6
TXN13605,2025-10-01,P002,R01,SR019,C013,154,57.47,8850.38
TXN13606,2025-12-05,P004,R05,SR011,C084,139,47.08,6544.12
TXN13607,2024-11-06,P001,R01,SR025,C055,69,40.89,2821.41
TXN13608,2024-05-25,P002,R04,SR010,C091,121,56.68,6858.28
TXN13609,2024-01-26,P002,R04,SR004,C010,129,53.58,6911.82
TXN13610,2025-07-26,P007,R06,SR006,C061,109,42.73,4657.57
TXN13611,2024-10-21,P007,R05,SR011,C117,77,41.31,3180.87
TXN13612,2024-10-26,P005,R01,SR007,C031,50,66.41,3320.5
TXN13613,2025-05-14,P004,R03,SR015,C030,51,48.92,2494.92
TXN13614,2025-08-22,P005,R02,SR002,C075,139,65.22,9065.58
TXN13615,2024-10-16,P001,R01,SR019,C017,45,40.95,1842.75
TXN13616,2025-11-02,P006,R03,SR009,C009,30,29.17,875.1
TXN13617,2025-01-15,P006,R05,SR029,C073,37,28.36,1049.32
TXN13618,2024-09-02,P007,R01,SR007,C088,36,43.06,1550.16
TXN13619,2025-11-30,P001,R01,SR025,C055,64,41.71,2669.44
TXN13620,2025-05-23,P006,R02,SR008,C101,86,27.58,2371.88
TXN13621,2024-09-20,P007,R05,SR005,C073,50,42.27,2113.5
TXN13622,2024-03-08,P002,R05,SR005,C107,105,54.76,5749.8
TXN13623,2024-07-02,P003,R04,SR028,C091,100,33.91,3391.0
TXN13624,2025-12-25,P004,R01,SR019,C012,65,47.61,3094.65
TXN13625,2025-04-01,P003,R01,SR019,C012,58,34.75,2015.5
TXN13626,2025-05-16,P001,R03,SR021,C030,101,42.41,4283.41
TXN13627,2025-09-12,P003,R01,SR025,C119,35,34.49,1207.15
TXN13628,2025-07-19,P001,R06,SR024,C079,147,38.67,5684.49
TXN13629,2024-01-28,P007,R03,SR009,C053,57,46.0,2622.0
TXN13630,2024-04-03,P001,R06,SR018,C118,61,41.4,2525.4
TXN13631,2025-06-29,P002,R04,SR010,C005,83,51.81,4300.23
TXN13632,2024-04-02,P003,R04,SR004,C095,67,35.01,2345.67
TXN13633,2024-09-02,P003,R02,SR008,C007,95,32.74,3110.3
TXN13634,2025-10-26,P001,R05,SR011,C028,130,39.21,5097.3
TXN13635,2024-11-04,P001,R05,SR029,C093,63,38.67,2436.21
TXN13636,2024-09-15,P007,R02,SR020,C007,112,43.27,4846.24
TXN13637,2024-11-20,P005,R02,SR014,C090,47,70.18,3298.46
TXN13638,2025-03-18,P001,R02,SR026,C058,150,39.64,5946.0
TXN13639,2025-05-06,P007,R05,SR023,C107,120,42.53,5103.6
TXN13640,2024-01-25,P001,R03,SR015,C024,41,41.48,1700.68
TXN13641,2025-10-23,P001,R06,SR012,C120,104,39.01,4057.04
TXN13642,2024-06-09,P002,R01,SR019,C057,88,56.32,4956.16
TXN13643,2025-01-25,P001,R01,SR013,C012,86,36.52,3140.72
TXN13644,2025-11-14,P007,R01,SR019,C012,52,43.17,2244.84
TXN13645,2025-11-16,P003,R03,SR027,C030,68,34.53,2348.04
TXN13646,2025-08-15,P002,R02,SR020,C033,179,54.47,9750.13
TXN13647,2025-04-30,P005,R02,SR026,C097,41,73.33,3006.53
TXN13648,2024-01-26,P002,R01,SR013,C022,128,56.21,7194.88
TXN13649,2025-09-05,P004,R06,SR012,C045,104,52.44,5453.76
TXN13650,2025-01-29,P003,R01,SR013,C027,42,33.07,1388.94
TXN13651,2024-06-17,P001,R02,SR008,C026,74,38.98,2884.52
TXN13652,2025-09-23,P004,R02,SR020,C033,142,48.28,6855.76
TXN13653,2025-09-26,P003,R01,SR019,C022,97,34.84,3379.48
TXN13654,2024-12-06,P001,R06,SR030,C118,51,39.14,1996.14
TXN13655,2024-05-27,P002,R01,SR013,C119,44,55.47,2440.68
TXN13656,2025-09-02,P002,R04,SR010,C023,123,53.78,6614.94
TXN13657,2025-08-27,P004,R02,SR020,C105,48,47.38,2274.24
TXN13658,2024-01-02,P005,R04,SR028,C005,57,67.55,3850.35
TXN13659,2024-10-29,P003,R04,SR010,C005,63,32.76,2063.88
TXN13660,2025-02-04,P004,R06,SR024,C076,65,48.64,3161.6
TXN13661,2025-10-30,P003,R02,SR014,C101,92,35.53,3268.76
TXN13662,2025-04-15,P008,R06,SR012,C116,40,31.57,1262.8
TXN13663,2024-10-03,P001,R01,SR001,C027,53,42.09,2230.77
TXN13664,2024-09-07,P005,R05,SR011,C115,143,65.48,9363.64
TXN13665,2024-01-08,P006,R06,SR030,C087,47,30.29,1423.63
TXN13666,2025-12-28,P006,R05,SR011,C032,113,28.92,3267.96
TXN13667,2025-06-20,P003,R03,SR021,C072,40,34.31,1372.4
TXN13668,2024-09-11,P006,R01,SR019,C057,60,28.5,1710.0
TXN13669,2025-05-10,P004,R01,SR025,C043,50,45.99,2299.5
TXN13670,2024-02-10,P007,R02,SR014,C108,48,42.64,2046.72
TXN13671,2025-11-04,P002,R01,SR019,C067,147,57.67,8477.49
TXN13672,2025-08-25,P004,R06,SR024,C051,43,52.17,2243.31
TXN13673,2024-12-10,P001,R04,SR022,C091,120,37.8,4536.0
TXN13674,2025-04-09,P004,R04,SR010,C029,28,49.76,1393.28
TXN13675,2025-01-11,P003,R03,SR009,C009,30,34.96,1048.8
TXN13676,2024-03-09,P001,R04,SR028,C023,191,39.53,7550.23
TXN13677,2024-11-30,P002,R06,SR018,C035,78,52.56,4099.68
TXN13678,2025-05-23,P006,R02,SR014,C108,66,29.05,1917.3
TXN13679,2024-05-20,P002,R01,SR007,C013,137,54.87,7517.19
TXN13680,2025-08-10,P005,R03,SR021,C019,66,66.57,4393.62
TXN13681,2025-09-02,P005,R01,SR001,C060,78,66.72,5204.16
TXN13682,2024-04-15,P002,R05,SR005,C114,63,57.18,3602.34
TXN13683,2025-06-24,P003,R02,SR008,C007,120,34.67,4160.4
TXN13684,2025-07-09,P005,R03,SR003,C018,55,70.68,3887.4
TXN13685,2024-02-13,P007,R02,SR020,C042,106,44.67,4735.02
TXN13686,2025-02-01,P002,R01,SR001,C055,76,55.84,4243.84
TXN13687,2025-11-04,P003,R01,SR019,C055,63,34.66,2183.58
TXN13688,2024-02-26,P001,R02,SR014,C026,79,39.97,3157.63
TXN13689,2024-06-11,P005,R01,SR013,C119,23,66.25,1523.75
TXN13690,2024-11-02,P006,R01,SR007,C094,34,29.43,1000.62
TXN13691,2024-04-08,P007,R05,SR005,C028,99,43.36,4292.64
TXN13692,2025-04-01,P002,R05,SR017,C063,90,53.82,4843.8
TXN13693,2024-02-20,P005,R01,SR013,C022,97,64.53,6259.41
TXN13694,2025-01-07,P002,R04,SR010,C010,133,55.94,7440.02
TXN13695,2025-10-27,P001,R04,SR022,C065,56,39.35,2203.6
TXN13696,2025-06-18,P006,R02,SR014,C078,140,28.14,3939.6
TXN13697,2024-09-05,P001,R01,SR019,C119,45,38.24,1720.8
TXN13698,2025-08-29,P002,R02,SR026,C078,207,56.05,11602.35
TXN13699,2025-03-02,P005,R02,SR026,C049,119,64.6,7687.4
TXN13700,2025-08-14,P004,R01,SR025,C060,70,46.7,3269.0
TXN13701,2025-03-05,P003,R02,SR020,C101,131,34.33,4497.23
TXN13702,2025-05-18,P008,R05,SR023,C115,131,32.73,4287.63
TXN13703,2024-04-20,P005,R01,SR013,C012,59,66.82,3942.38
TXN13704,2025-03-10,P006,R01,SR007,C027,39,27.38,1067.82
TXN13705,2024-03-26,P002,R04,SR010,C070,143,53.68,7676.24
TXN13706,2024-09-12,P002,R05,SR011,C115,165,53.32,8797.8
TXN13707,2024-04-11,P003,R02,SR014,C101,88,32.4,2851.2
TXN13708,2025-01-22,P007,R03,SR015,C024,28,41.6,1164.8
TXN13709,2025-09-24,P008,R03,SR009,C019,37,30.56,1130.72
TXN13710,2025-05-25,P001,R04,SR022,C100,96,37.34,3584.64
TXN13711,2025-10-19,P008,R03,SR003,C011,55,31.44,1729.2
TXN13712,2025-09-29,P004,R03,SR027,C025,34,50.28,1709.52
TXN13713,2024-08-22,P003,R02,SR014,C007,106,33.22,3521.32
TXN13714,2024-09-01,P003,R04,SR028,C065,49,34.33,1682.17
TXN13715,2025-07-14,P003,R04,SR010,C065,38,35.95,1366.1
TXN13716,2024-01-07,P005,R02,SR020,C105,44,70.75,3113.0
TXN13717,2025-10-31,P005,R06,SR018,C061,48,65.14,3126.72
TXN13718,2025-02-10,P007,R02,SR014,C101,82,41.36,3391.52
TXN13719,2024-04-16,P004,R01,SR001,C012,58,49.43,2866.94
TXN13720,2024-03-08,P003,R04,SR004,C102,95,38.6,3667.0
TXN13721,2025-01-16,P007,R02,SR014,C036,45,42.95,1932.75
TXN13722,2025-09-08,P002,R01,SR019,C027,55,54.43,2993.65
TXN13723,2024-09-15,P003,R03,SR027,C011,52,31.79,1653.08
TXN13724,2024-10-13,P005,R03,SR003,C003,81,67.47,5465.07
TXN13725,2025-11-13,P003,R06,SR018,C059,103,34.64,3567.92
TXN13726,2024-01-17,P008,R04,SR016,C091,82,32.51,2665.82
TXN13727,2025-12-28,P004,R01,SR025,C031,56,48.91,2738.96
TXN13728,2025-07-05,P002,R02,SR026,C036,74,56.73,4198.02
TXN13729,2024-06-14,P006,R03,SR003,C053,83,28.31,2349.73
TXN13730,2025-05-07,P002,R01,SR019,C064,118,55.29,6524.22
TXN13731,2024-04-25,P006,R06,SR024,C001,37,28.87,1068.19
TXN13732,2025-04-17,P001,R01,SR007,C057,61,39.29,2396.69
TXN13733,2025-01-26,P008,R01,SR019,C043,35,33.38,1168.3
TXN13734,2025-01-09,P007,R01,SR013,C060,102,43.11,4397.22
TXN13735,2025-08-12,P003,R05,SR017,C096,69,33.03,2279.07
TXN13736,2024-10-16,P002,R05,SR017,C038,43,59.32,2550.76
TXN13737,2024-12-13,P001,R02,SR002,C007,184,41.47,7630.48
TXN13738,2025-01-06,P004,R05,SR005,C056,45,50.92,2291.4
TXN13739,2024-10-07,P002,R02,SR026,C092,56,54.17,3033.52
TXN13740,2025-12-23,P001,R06,SR018,,43,39.13,1682.59
TXN13741,2025-01-25,P003,R05,SR017,C056,39,33.01,1287.39
TXN13742,2025-12-23,P007,R01,SR001,C064,68,43.42,2952.56
TXN13743,2025-05-12,P005,R01,SR007,C111,98,65.67,6435.66
TXN13744,2025-12-08,P007,R01,SR007,C012,49,44.63,2186.87
TXN13745,2024-02-28,P001,R01,SR007,C017,52,41.94,2180.88
TXN13746,2024-09-01,P004,R05,SR023,C038,59,50.25,2964.75
TXN13747,2025-03-12,P007,R02,SR008,C092,45,43.88,1974.6
TXN13748,2025-02-09,P007,R02,SR002,C042,131,42.44,5559.64
TXN13749,2025-09-01,P001,R02,SR020,C034,107,39.99,4278.93
TXN13750,2025-08-25,P004,R06,SR024,C087,49,49.18,2409.82
TXN13751,2024-04-19,P002,R01,SR013,C013,195,56.04,10927.8
TXN13752,2024-09-17,P003,R03,SR009,C009,36,34.78,1252.08
TXN13753,2024-12-22,P002,R05,SR023,C112,88,50.52,4445.76
TXN13754,2025-01-10,P005,R06,SR012,C074,42,63.92,2684.64
TXN13755,2025-11-13,P004,R05,SR011,C068,51,50.21,2560.71
TXN13756,2024-09-06,P003,R02,SR008,C026,55,33.88,1863.4
TXN13757,2025-03-05,P001,R03,SR021,C024,76,40.29,3062.04
TXN13758,2025-09-03,P002,R02,SR008,C042,104,54.05,5621.2
TXN13759,2024-02-18,P006,R01,SR001,C013,113,29.46,3328.98
TXN13760,2025-07-17,P002,R02,SR014,C071,65,53.82,3498.3
TXN13761,2025-02-04,P008,R02,SR020,C097,39,33.6,1310.4
TXN13762,2024-11-21,P005,R04,SR028,C080,99,67.74,6706.26
TXN13763,2025-08-12,P001,R05,SR023,C084,178,38.03,6769.34
TXN13764,2024-11-11,P001,R05,SR005,C008,66,40.03,2641.98
TXN13765,2024-02-21,P002,R05,SR005,C112,73,55.1,4022.3
TXN13766,2024-05-06,P003,R02,SR008,C071,44,34.3,1509.2
TXN13767,2025-06-03,P006,R04,SR022,C048,79,29.07,2296.53
TXN13768,2024-12-14,P003,R01,SR007,C060,75,33.06,2479.5
TXN13769,2025-08-24,P008,R02,SR014,C092,27,31.94,862.38
TXN13770,2024-07-11,P003,R05,SR029,C081,121,33.95,4107.95
TXN13771,2024-03-10,P001,R01,SR001,C022,146,40.03,5844.38
TXN13772,2025-11-11,P005,R02,SR026,C097,31,66.98,2076.38
TXN13773,2024-11-19,P008,R05,SR023,C028,62,31.47,1951.14
TXN13774,2024-03-20,P001,R01,SR001,C017,73,38.42,2804.66
TXN13775,2025-07-17,P007,R01,SR007,C057,51,41.31,2106.81
TXN13776,2024-04-30,P001,R03,SR009,C052,64,39.36,2519.04
TXN13777,2025-02-07,P003,R06,SR024,C087,59,33.89,1999.51
TXN13778,2024-08-30,P006,R06,SR030,C113,68,29.1,1978.8
TXN13779,2024-04-02,P004,R05,SR011,C020,126,47.97,6044.22
TXN13780,2025-05-19,P001,R01,SR025,C022,118,37.33,4404.94
TXN13781,2025-03-09,P006,R02,SR002,C069,62,29.17,1808.54
TXN13782,2024-04-05,P001,R01,SR025,C027,52,41.46,2155.92
TXN13783,2024-05-13,P002,R01,SR001,C031,96,55.09,5288.64
TXN13784,2025-01-28,P005,R02,SR014,C042,83,67.76,5624.08
TXN13785,2025-08-26,P007,R01,SR019,C067,123,42.81,5265.63
TXN13786,2025-11-07,P003,R05,SR029,C063,59,34.08,2010.72
TXN13787,2025-06-05,P004,R06,SR018,C074,37,48.01,1776.37
TXN13788,2025-12-09,P002,R04,SR004,C095,79,57.95,4578.05
TXN13789,2024-09-23,P007,R01,SR013,C119,44,43.75,1925.0
TXN13790,2025-06-01,P008,R02,SR020,C033,106,31.11,3297.66
TXN13791,2025-12-28,P005,R02,SR014,C075,111,68.45,7597.95
TXN13792,2025-03-13,P003,R04,SR004,C040,81,32.14,2603.34
TXN13793,2025-08-08,P001,R05,SR023,C020,145,39.38,5710.1
TXN13794,2024-12-01,P006,R06,SR012,C099,43,27.45,1180.35
TXN13795,2024-06-01,P004,R05,SR005,C115,132,50.02,6602.64
TXN13796,2025-02-01,P001,R02,SR014,C097,57,42.27,2409.39
TXN13797,2025-02-06,P002,R01,SR007,C017,37,54.76,2026.12
TXN13798,2025-10-01,P002,R05,SR017,C112,52,54.76,2847.52
TXN13799,2025-10-11,P002,R06,SR018,C089,31,53.62,1662.22
TXN13800,2025-01-14,P006,R06,SR012,C110,65,28.87,1876.55
TXN13801,2025-02-02,P002,R01,SR013,C055,76,57.12,4341.12
TXN13802,2024-03-13,P004,R03,SR015,C053,57,48.22,2748.54
TXN13803,2025-07-07,P006,R02,SR020,C026,67,27.39,1835.13
TXN13804,2024-05-11,P002,R02,SR014,C092,46,53.67,2468.82
TXN13805,2025-10-08,P008,R01,SR013,C013,85,33.66,2861.1
TXN13806,2025-09-22,P002,R04,SR010,C029,32,54.99,1759.68
TXN13807,2025-12-27,P001,R04,SR004,C080,157,40.66,6383.62
TXN13808,2024-09-09,P003,R05,SR005,C020,87,34.11,2967.57
TXN13809,2024-06-13,P003,R01,SR019,C043,37,35.67,1319.79
TXN13810,2024-07-28,P004,R06,SR030,C074,50,46.34,2317.0
TXN13811,2025-03-07,P003,R04,SR004,C080,127,34.47,4377.69
TXN13812,2025-11-23,P006,R01,SR019,C027,49,27.83,1363.67
TXN13813,2025-06-22,P008,R03,SR003,C011,73,31.92,2330.16
TXN13814,2025-04-27,P001,R03,SR027,C006,103,41.9,4315.7
TXN13815,2024-01-25,P004,R02,SR020,C033,120,47.24,5668.8
TXN13816,2024-07-01,P007,R02,SR002,C075,149,41.26,6147.74
TXN13817,2025-04-08,P006,R02,SR020,C108,83,28.98,2405.34
TXN13818,2025-03-26,P006,R05,SR023,C020,104,29.45,3062.8
TXN13819,2024-05-18,P008,R06,SR006,C086,86,30.51,2623.86
TXN13820,2024-05-16,P001,R06,SR012,C050,55,42.41,2332.55
TXN13821,2025-10-29,P001,R05,SR005,C028,125,40.39,5048.75
TXN13822,2024-07-07,P002,R02,SR020,C078,163,54.91,8950.33
TXN13823,2025-12-07,P005,R01,SR001,C088,54,72.18,3897.72
TXN13824,2025-12-17,P007,R04,SR010,C080,104,43.32,4505.28
TXN13825,2025-05-06,P003,R05,SR005,C028,105,35.25,3701.25
TXN13826,2024-12-06,P001,R01,SR013,C043,56,39.63,2219.28
TXN13827,2024-01-31,P001,R04,SR028,C029,64,38.24,2447.36
TXN13828,2024-01-12,P007,R05,SR017,C114,44,43.77,1925.88
TXN13829,2025-06-12,P004,R03,SR003,C053,89,49.65,4418.85
TXN13830,2024-10-04,P008,R04,SR010,C102,56,32.29,1808.24
TXN13831,2025-10-07,P003,R03,SR009,C011,47,33.35,1567.45
TXN13832,2024-09-28,P003,R04,SR028,C070,122,35.76,4362.72
TXN13833,2025-12-17,P007,R01,SR025,C043,44,42.17,1855.48
TXN13834,2025-07-25,P002,R05,SR005,C020,105,55.91,5870.55
TXN13835,2025-04-12,P004,R05,SR011,C063,73,45.69,3335.37
TXN13836,2025-03-28,P003,R01,SR001,C022,95,34.7,3296.5
TXN13837,2025-08-16,P008,R02,SR026,C097,25,33.69,842.25
TXN13838,2025-10-19,P004,R05,SR005,C038,40,48.91,1956.4
TXN13839,2025-06-09,P008,R01,SR001,C017,26,34.54,898.04
TXN13840,2024-03-15,P006,R03,SR027,C003,94,28.07,2638.58
TXN13841,2025-05-21,P006,R06,SR012,C059,138,27.93,3854.34
TXN13842,2025-05-20,P003,R02,SR014,C058,100,31.96,3196.0
TXN13843,2025-12-22,P001,R05,SR017,C063,88,40.97,3605.36
TXN13844,2024-07-15,P003,R06,SR024,C062,50,31.48,1574.0
TXN13845,2025-04-07,P008,R01,SR001,C094,39,30.26,1180.14
TXN13846,2024-01-04,P002,R06,SR006,C035,127,53.35,6775.45
TXN13847,2024-04-16,P005,R01,SR001,C094,69,66.77,4607.13
TXN13848,2025-12-29,P008,R02,SR020,C097,27,34.73,937.71
TXN13849,2025-02-02,P001,R01,SR019,C094,88,38.65,3401.2
TXN13850,2025-08-07,P002,R02,SR002,C092,71,58.46,4150.66
TXN13851,2024-09-30,P007,R03,SR003,C014,112,44.53,4987.36
TXN13852,2024-08-23,P001,R06,SR024,C047,57,38.01,2166.57
TXN13853,2025-12-09,P001,R02,SR002,C092,93,40.21,3739.53
TXN13854,2024-05-02,P003,R01,SR025,C111,141,33.26,4689.66
TXN13855,2025-07-23,P001,R02,SR002,C034,127,39.29,4989.83
TXN13856,2025-09-26,P003,R02,SR014,C105,44,37.71,1659.24
TXN13857,2024-02-05,P002,R01,SR007,C088,65,53.41,3471.65
TXN13858,2024-03-09,P001,R01,SR019,C055,85,41.16,3498.6
TXN13859,2024-03-07,P007,R02,SR002,C071,76,44.55,3385.8
TXN13860,2024-06-10,P004,R05,SR005,C096,65,49.38,3209.7
TXN13861,2024-02-23,P003,R06,SR018,C044,68,33.45,2274.6
TXN13862,2025-08-27,P004,R03,SR015,C054,44,49.78,2190.32
TXN13863,2024-12-02,P003,R06,SR018,C021,40,34.94,1397.6
TXN13864,2024-01-23,P003,R06,SR006,C035,98,34.36,3367.28
TXN13865,2024-06-22,P001,R02,SR014,C101,127,39.61,5030.47
TXN13866,2024-12-22,P006,R05,SR005,C114,39,28.08,1095.12
TXN13867,2024-09-23,P004,R04,SR028,C046,23,47.74,1098.02
TXN13868,2025-11-01,P001,R02,SR020,C026,81,41.12,3330.72
TXN13869,2024-03-13,P007,R01,SR019,C060,118,45.86,5411.48
TXN13870,2024-02-25,P006,R01,SR019,C043,47,30.05,1412.35
TXN13871,2024-04-02,P002,R05,SR029,C032,97,55.15,5349.55
TXN13872,2024-05-08,P004,R05,SR029,C056,53,46.42,2460.26
TXN13873,2025-11-29,P008,R06,SR018,C116,32,33.33,1066.56
TXN13874,2025-11-24,P002,R01,SR019,C094,73,53.54,3908.42
TXN13875,2025-09-06,P007,R04,SR022,C039,82,43.91,3600.62
TXN13876,2024-08-14,P006,R02,SR002,C049,105,29.51,3098.55
TXN13877,2025-03-08,P007,R01,SR019,C013,133,42.75,5685.75
TXN13878,2025-10-21,P001,R02,SR014,C092,64,39.36,2519.04
TXN13879,2024-06-12,P004,R02,SR020,C042,105,49.51,5198.55
TXN13880,2024-02-23,P003,R06,SR012,C001,42,32.93,1383.06
TXN13881,2025-07-01,P003,R01,SR001,C088,69,35.5,2449.5
TXN13882,2025-07-14,P001,R04,SR016,C004,66,41.65,2748.9
TXN13883,2024-06-24,P003,R01,SR001,C088,61,32.71,1995.31
TXN13884,2025-03-12,P003,R01,SR019,C111,126,34.19,4307.94
TXN13885,2024-12-10,P005,R02,SR014,C042,65,65.46,4254.9
TXN13886,2024-07-17,P004,R02,SR008,C097,25,46.62,1165.5
TXN13887,2025-02-25,P005,R02,SR014,C090,34,69.09,2349.06
TXN13888,2025-04-13,P002,R03,SR027,C037,132,57.88,7640.16
TXN13889,2025-01-29,P004,R05,SR029,C084,104,49.19,5115.76
TXN13890,2025-09-07,P005,R01,SR025,C017,40,70.55,2822.0
TXN13891,2025-09-02,P001,R02,SR014,C049,116,41.35,4796.6
TXN13892,2025-02-05,P008,R03,SR021,C003,67,29.95,2006.65
TXN13893,2025-06-09,P006,R06,SR024,C110,60,30.08,1804.8
TXN13894,2025-11-23,P005,R02,SR008,C049,79,68.57,5417.03
TXN13895,2024-05-18,P006,R03,SR027,C003,81,29.11,2357.91
TXN13896,2024-09-14,P001,R01,SR013,C057,91,42.55,3872.05
TXN13897,2024-07-14,P007,R01,SR019,C055,70,45.29,3170.3
TXN13898,2024-03-05,P003,R06,SR018,C099,39,34.56,1347.84
TXN13899,2025-04-24,P001,R02,SR020,C105,81,40.35,3268.35
TXN13900,2024-03-21,P007,R01,SR019,C013,127,41.22,5234.94
TXN13901,2025-03-02,P002,R02,SR002,C097,56,53.61,3002.16
TXN13902,2025-10-09,P006,R05,SR011,C093,59,29.55,1743.45
TXN13903,2024-05-26,P002,R02,SR026,C069,64,54.6,3494.4
TXN13904,2024-03-01,P001,R01,SR001,C017,62,38.92,2413.04
TXN13905,2024-01-22,P004,R01,SR007,C012,54,49.35,2664.9
TXN13906,2024-12-01,P003,R01,SR013,C111,129,34.67,4472.43
TXN13907,2024-02-01,P001,R01,SR025,C027,58,37.31,2163.98
TXN13908,2025-04-23,P004,R05,SR029,C038,34,46.98,1597.32
TXN13909,2024-12-13,P004,R02,SR014,C033,91,51.27,4665.57
TXN13910,2024-03-18,P007,R04,SR004,C004,54,45.18,2439.72
TXN13911,2025-01-11,P001,R04,SR022,C046,43,39.37,1692.91
TXN13912,2025-05-03,P006,R01,SR007,C119,21,29.66,622.86
TXN13913,2025-01-11,P001,R03,SR003,C053,118,39.49,4659.82
TXN13914,2024-09-12,P005,R06,SR024,C044,48,67.25,3228.0
TXN13915,2025-08-19,P003,R05,SR011,C008,60,33.69,2021.4
TXN13916,2024-06-01,P002,R01,SR019,C022,121,53.24,6442.04
TXN13917,2025-08-25,P006,R01,SR013,C064,67,29.46,1973.82
TXN13918,2024-01-26,P004,R03,SR021,C041,58,47.79,2771.82
TXN13919,2024-07-06,P007,R01,SR025,C031,75,44.67,3350.25
TXN13920,2024-12-31,P006,R04,SR022,C046,31,29.94,928.14
TXN13921,2024-07-23,P006,R01,SR001,C111,97,30.25,2934.25
TXN13922,2024-09-24,P003,R04,SR028,C100,50,32.78,1639.0
TXN13923,2024-09-03,P001,R03,SR009,C006,58,35.68,2069.44
TXN13924,2024-09-13,P005,R05,SR017,C056,49,63.5,3111.5
TXN13925,2024-05-29,P008,R01,SR001,C027,40,31.51,1260.4
TXN13926,2025-06-21,P003,R04,SR022,C102,109,31.41,3423.69
TXN13927,2025-09-19,P002,R05,SR029,C114,40,53.97,2158.8
TXN13928,2025-03-06,P005,R03,SR015,C041,41,67.16,2753.56
TXN13929,2024-01-01,P007,R06,SR012,C061,99,41.43,4101.57
TXN13930,2024-01-31,P003,R02,SR020,C036,54,32.04,1730.16
TXN13931,2025-05-24,P001,R01,SR019,C119,45,40.95,1842.75
TXN13932,2025-08-21,P002,R04,SR022,C039,124,55.54,6886.96
TXN13933,2025-04-30,P006,R02,SR020,C026,67,29.36,1967.12
TXN13934,2025-03-27,P006,R01,SR013,C013,127,28.14,3573.78
TXN13935,2024-05-21,P002,R05,SR023,C115,161,54.42,8761.62
TXN13936,2024-11-18,P001,R01,SR007,C012,69,38.91,2684.79
TXN13937,2024-06-11,P005,R01,SR007,C013,112,67.93,7608.16
TXN13938,2024-10-10,P002,R02,SR014,C108,49,53.69,2630.81
TXN13939,2025-06-11,P007,R02,SR026,C090,65,43.05,2798.25
TXN13940,2024-10-13,P003,R03,SR027,C024,39,31.08,1212.12
TXN13941,2024-09-30,P005,R01,SR019,C064,84,69.74,5858.16
TXN13942,2024-11-11,P004,R05,SR029,C114,34,47.67,1620.78
TXN13943,2024-10-23,P001,R04,SR010,C102,106,38.12,4040.72
TXN13944,2025-01-09,P004,R02,SR026,C049,106,49.16,5210.96
TXN13945,2025-01-21,P001,R02,SR026,C058,139,39.32,5465.48
TXN13946,2024-10-09,P007,R05,SR023,C038,53,44.56,2361.68
TXN13947,2025-05-03,P005,R03,SR009,C014,88,70.9,6239.2
TXN13948,2024-09-20,P006,R06,SR030,C085,82,29.29,2401.78
TXN13949,2025-03-10,P008,R01,SR013,C060,80,31.58,2526.4
TXN13950,2024-07-13,P006,R06,SR030,C077,68,29.35,1995.8
TXN13951,2025-04-20,P006,R05,SR011,C073,73,27.84,2032.32
TXN13952,2025-03-19,P003,R02,SR020,C101,127,34.18,4340.86
TXN13953,2024-08-11,P008,R06,SR018,C079,66,31.56,2082.96
TXN13954,2024-08-21,P003,R01,SR025,C043,38,32.78,1245.64
TXN13955,2025-11-22,P001,R02,SR008,C108,68,39.03,2654.04
TXN13956,2024-07-23,P001,R05,SR017,C096,87,41.23,3587.01
TXN13957,2025-11-14,P005,R02,SR008,C069,32,69.7,2230.4
TXN13958,2025-06-17,P001,R01,SR007,C055,58,39.64,2299.12
TXN13959,2025-12-09,P004,R02,SR020,C101,100,50.65,5065.0
TXN13960,2024-02-02,P001,R06,SR024,C016,123,37.3,4587.9
TXN13961,2024-06-19,P001,R01,SR001,C012,67,41.21,2761.07
TXN13962,2024-03-20,P002,R03,SR021,C041,87,54.87,4773.69
TXN13963,2025-07-13,P003,R01,SR007,C060,97,33.61,3260.17
TXN13964,2024-06-04,P004,R03,SR015,C072,31,47.45,1470.95
TXN13965,2025-02-20,P005,R01,SR001,C043,38,67.95,2582.1
TXN13966,2024-02-16,P005,R01,SR013,C055,56,70.76,3962.56
TXN13967,2024-05-30,P005,R01,SR007,C067,109,67.7,7379.3
TXN13968,2024-04-16,P001,R04,SR022,C029,48,39.92,1916.16
TXN13969,2025-07-10,P005,R05,SR023,C068,38,70.32,2672.16
TXN13970,2025-09-04,P002,R03,SR015,C009,30,54.63,1638.9
TXN13971,2024-03-06,P003,R01,SR001,C064,106,36.38,3856.28
TXN13972,2025-09-05,P001,R01,SR013,C060,121,37.15,4495.15
TXN13973,2025-04-09,P002,R03,SR015,C018,57,56.46,3218.22
TXN13974,2025-07-26,P001,R01,SR025,C055,85,40.77,3465.45
TXN13975,2024-11-03,P007,R04,SR004,C040,84,43.19,3627.96
TXN13976,2025-11-18,P007,R06,SR024,C016,82,40.49,3320.18
TXN13977,2025-09-30,P002,R01,SR025,C031,95,53.93,5123.35
TXN13978,2025-03-18,P006,R05,SR005,C115,133,29.39,3908.87
TXN13979,2024-05-15,P001,R04,SR004,C070,178,39.04,6949.12
TXN13980,2024-02-23,P007,R05,SR005,C068,47,41.51,1950.97
TXN13981,2025-06-06,P006,R04,SR028,C023,117,29.06,3400.02
TXN13982,2025-05-25,P001,R06,SR012,C110,94,40.74,3829.56
TXN13983,2024-11-28,P001,R02,SR008,C105,56,40.13,2247.28
TXN13984,2025-04-29,P002,R06,SR006,C085,156,57.2,8923.2
TXN13985,2025-10-16,P005,R03,SR015,C003,64,67.68,4331.52
TXN13986,2025-09-12,P002,R06,SR030,C066,118,56.54,6671.72
TXN13987,2025-06-07,P003,R06,SR012,C116,48,34.05,1634.4
TXN13988,2024-08-19,P004,R04,SR022,C070,120,49.32,5918.4
TXN13989,2024-06-24,P008,R02,SR026,C101,81,31.98,2590.38
TXN13990,2025-05-12,P007,R05,SR017,C008,60,45.49,2729.4
TXN13991,2024-11-28,P001,R01,SR001,C119,36,40.28,1450.08
TXN13992,2024-06-27,P006,R06,SR006,C087,70,29.28,2049.6
TXN13993,2025-07-08,P001,R04,SR028,C091,135,40.75,5501.25
TXN13994,2024-07-23,P001,R04,SR016,C070,183,41.28,7554.24
TXN13995,2025-08-11,P002,R02,SR008,C033,163,52.44,8547.72
TXN13996,2025-06-29,P006,R03,SR009,C009,37,29.27,1082.99
TXN13997,2024-05-02,P004,R03,SR027,C018,79,47.12,3722.48
TXN13998,2025-05-22,P005,R02,SR026,C071,62,65.59,4066.58
TXN13999,2024-08-04,P008,R03,SR015,C030,29,33.59,974.11
TXN14000,2025-06-08,P008,R01,SR001,C012,42,30.3,1272.6
TXN14001,2025-12-06,P002,R02,SR020,C090,64,51.45,3292.8
TXN14002,2024-05-09,P006,R01,SR025,C094,74,29.41,2176.34
TXN14003,2024-03-22,P003,R02,SR008,C026,59,33.95,2003.05
TXN14004,2025-01-28,P006,R01,SR025,C013,131,30.31,3970.61
TXN14005,2025-01-17,P001,R02,SR014,C034,97,41.45,4020.65
TXN14006,2024-12-07,P007,R04,SR028,C023,110,40.09,4409.9
TXN14007,2025-05-12,P002,R04,SR016,C048,91,50.83,4625.53
TXN14008,2025-04-24,P003,R06,SR024,C076,60,34.93,2095.8
TXN14009,2024-10-07,P006,R06,SR030,C061,69,27.3,1883.7
TXN14010,2024-05-11,P006,R01,SR013,C012,55,29.87,1642.85
TXN14011,2024-02-05,P007,R04,SR004,C029,31,42.34,1312.54
TXN14012,2024-09-05,P006,R06,SR018,C106,41,29.45,1207.45
TXN14013,2025-04-12,P002,R01,SR007,C027,51,52.12,2658.12
TXN14014,2024-12-26,P003,R06,SR006,C110,63,35.95,2264.85
TXN14015,2024-05-30,P001,R06,SR018,C118,72,42.31,3046.32
TXN14016,2024-10-31,P006,R05,SR023,C032,92,29.88,2748.96
TXN14017,2024-09-25,P007,R02,SR008,C058,62,44.49,2758.38
TXN14018,2024-12-09,P001,R01,SR019,C013,177,37.72,6676.44
TXN14019,2025-05-18,P002,R01,SR019,C067,170,57.25,9732.5
TXN14020,2024-07-06,P004,R03,SR021,C018,76,50.19,3814.44
TXN14021,2024-09-27,P001,R06,SR018,C120,82,43.25,3546.5
TXN14022,2025-02-07,P003,R06,SR006,C044,71,33.42,2372.82
TXN14023,2024-03-12,P001,R06,SR018,C001,52,40.09,2084.68
TXN14024,2024-12-31,P004,R02,SR002,C049,107,48.65,5205.55
TXN14025,2024-11-25,P003,R05,SR029,C112,50,32.24,1612.0
TXN14026,2025-06-20,P003,R02,SR020,C090,43,36.27,1559.61
TXN14027,2024-09-15,P007,R05,SR023,C093,62,42.72,2648.64
TXN14028,2024-09-16,P001,R04,SR016,C070,162,42.11,6821.82
TXN14029,2025-11-08,P006,R03,SR003,C019,65,27.87,1811.55
TXN14030,2025-07-28,P006,R05,SR017,C073,46,29.78,1369.88
TXN14031,2024-09-20,P004,R03,SR009,C018,51,45.22,2306.22
TXN14032,2025-02-13,P008,R01,SR013,C017,39,32.6,1271.4
TXN14033,2025-08-27,P005,R03,SR003,C030,65,70.68,4594.2
TXN14034,2025-12-19,P004,R04,SR016,C039,99,50.12,4961.88
TXN14035,2025-03-19,P001,R01,SR007,C064,119,38.22,4548.18
TXN14036,2025-11-02,P004,R01,SR025,C022,76,51.7,3929.2
TXN14037,2025-07-31,P007,R01,SR001,C022,104,43.92,4567.68
TXN14038,2024-01-05,P007,R03,SR021,C072,49,44.77,2193.73
TXN14039,2024-02-27,P002,R05,SR029,C068,39,50.98,1988.22
TXN14040,2025-06-08,P002,R02,SR026,C097,42,54.56,2291.52
TXN14041,2025-02-16,P007,R02,SR002,C026,90,42.08,3787.2
TXN14042,2025-11-11,P001,R01,SR019,C012,83,41.11,3412.13
TXN14043,2025-07-20,P006,R04,SR004,C104,76,29.89,2271.64
TXN14044,2024-10-15,P005,R02,SR002,C058,87,70.07,6096.09
TXN14045,2025-01-30,P006,R04,SR004,C010,109,27.72,3021.48
TXN14046,2024-10-29,P005,R06,SR024,C066,73,62.39,4554.47
TXN14047,2024-10-22,P007,R01,SR013,C094,62,42.98,2664.76
TXN14048,2024-11-06,P005,R01,SR013,C027,47,66.86,3142.42
TXN14049,2025-02-14,P001,R05,SR011,C083,68,40.38,2745.84
TXN14050,2025-08-31,P005,R03,SR027,C011,63,70.8,4460.4
TXN14051,2025-05-14,P001,R04,SR028,C100,69,39.32,2713.08
TXN14052,2024-10-04,P005,R01,SR019,C013,116,66.89,7759.24
TXN14053,2025-12-14,P002,R01,SR007,C057,53,55.9,2962.7
TXN14054,2024-06-15,P002,R01,SR007,C017,42,56.04,2353.68
TXN14055,2024-12-15,P001,R06,SR012,C061,120,38.0,4560.0
TXN14056,2025-07-14,P001,R02,SR020,C078,206,36.58,7535.48
TXN14057,2025-01-29,P004,R02,SR002,C042,132,49.54,6539.28
TXN14058,2024-10-10,P008,R05,SR011,C096,54,33.68,1818.72
TXN14059,2025-10-18,P008,R01,SR001,C017,21,33.7,707.7
TXN14060,2025-11-15,P008,R01,SR007,C111,85,30.83,2620.55
TXN14061,2025-07-31,P005,R01,SR025,C060,84,66.84,5614.56
TXN14062,2024-03-23,P002,R06,SR012,C089,45,54.8,2466.0
TXN14063,2025-01-29,P003,R02,SR014,C075,131,33.26,4357.06
TXN14064,2025-08-19,P007,R06,SR006,C016,117,44.96,5260.32
TXN14065,2025-12-27,P003,R04,SR016,C095,74,33.2,2456.8
TXN14066,2025-11-27,P002,R02,SR008,C034,95,55.99,5319.05
TXN14067,2024-08-04,P005,R04,SR004,C080,96,65.66,6303.36
TXN14068,2024-01-04,P001,R06,SR012,C016,122,40.96,4997.12
TXN14069,2025-01-30,P005,R02,SR014,C034,65,67.94,4416.1
TXN14070,2025-03-08,P002,R01,SR001,C027,52,53.51,2782.52
TXN14071,2024-06-25,P006,R04,SR028,C023,126,29.2,3679.2
TXN14072,2024-02-07,P006,R01,SR025,C094,60,29.63,1777.8
TXN14073,2024-08-03,P002,R06,SR018,C001,33,55.94,1846.02
TXN14074,2024-04-16,P002,R04,SR010,C070,150,54.93,8239.5
TXN14075,2025-10-09,P004,R01,SR001,C111,118,50.92,6008.56
TXN14076,2025-08-02,P001,R01,SR001,C088,69,40.53,2796.57
TXN14077,2025-02-05,P006,R05,SR029,C115,93,29.93,2783.49
TXN14078,2025-09-05,P004,R03,SR003,C054,62,48.88,3030.56
TXN14079,2024-03-28,P008,R02,SR014,C026,38,33.24,1263.12
TXN14080,2024-07-17,P003,R03,SR009,C030,33,33.42,1102.86
TXN14081,2025-08-15,P007,R02,SR008,C007,128,43.06,5511.68
TXN14082,2025-01-19,P003,R04,SR022,C080,146,33.1,4832.6
TXN14083,2024-03-21,P004,R03,SR009,C037,78,46.31,3612.18
TXN14084,2025-12-17,P005,R05,SR011,C117,64,67.73,4334.72
TXN14085,2025-05-23,P006,R02,SR014,C069,50,30.37,1518.5
TXN14086,2024-09-17,P001,R01,SR019,C119,39,39.19,1528.41
TXN14087,2025-06-23,P003,R01,SR001,C022,85,35.8,3043.0
TXN14088,2025-11-23,P005,R05,SR023,C081,114,73.98,8433.72
TXN14089,2024-04-16,P002,R02,SR002,C058,109,56.68,6178.12
TXN14090,2025-08-31,P001,R01,SR001,C067,163,40.82,6653.66
TXN14091,2024-06-14,P004,R02,SR020,C097,41,51.25,2101.25
TXN14092,2024-08-26,P002,R01,SR007,C055,72,56.36,4057.92
TXN14093,2025-02-05,P006,R05,SR029,C107,81,28.0,2268.0
TXN14094,2024-05-14,P001,R02,SR026,C026,96,40.2,3859.2
TXN14095,2025-12-12,P002,R04,SR028,C010,143,58.26,8331.18
TXN14096,2025-02-08,P006,R02,SR014,C075,138,29.56,4079.28
TXN14097,2025-09-01,P006,R02,SR014,C034,58,27.94,1620.52
TXN14098,2024-09-25,P004,R01,SR013,C055,62,47.54,2947.48
TXN14099,2025-01-18,P004,R04,SR022,C070,103,48.04,4948.12
TXN14100,2025-09-04,P003,R04,SR016,C104,69,35.42,2443.98
TXN14101,2025-05-13,P007,R01,SR013,C027,53,44.18,2341.54
TXN14102,2024-12-08,P002,R02,SR008,C069,40,56.97,2278.8
TXN14103,2025-05-10,P002,R05,SR005,C107,119,54.75,6515.25
TXN14104,2024-07-03,P004,R04,SR016,C091,88,46.16,4062.08
TXN14105,2025-06-26,P004,R02,SR002,C049,152,51.21,7783.92
TXN14106,2025-08-19,P002,R04,SR028,C102,88,50.59,4451.92
TXN14107,2024-06-23,P001,R05,SR017,C114,50,40.64,2032.0
TXN14108,2025-09-03,P002,R01,SR007,C012,50,52.84,2642.0
TXN14109,2025-12-27,P006,R01,SR025,C022,82,29.37,2408.34
TXN14110,2025-05-10,P004,R04,SR022,C004,47,47.32,2224.04
TXN14111,2024-07-08,P004,R02,SR014,C090,38,49.51,1881.38
TXN14112,2025-03-11,P004,R03,SR003,C019,95,50.27,4775.65
TXN14113,2025-12-29,P001,R02,SR008,C090,72,40.66,2927.52
TXN14114,2024-10-02,P006,R01,SR001,C088,46,27.73,1275.58
TXN14115,2025-01-10,P002,R05,SR017,C081,142,58.07,8245.94
TXN14116,2025-06-17,P003,R02,SR002,C092,79,34.07,2691.53
TXN14117,2024-12-11,P002,R05,SR023,C028,155,54.68,8475.4
TXN14118,2024-11-25,P003,R01,SR025,C043,33,32.43,1070.19
TXN14119,2025-10-26,P006,R04,SR028,C046,34,27.31,928.54
TXN14120,2024-11-03,P005,R02,SR020,C078,91,70.27,6394.57
TXN14121,2025-12-02,P007,R01,SR025,C022,78,43.25,3373.5
TXN14122,2024-09-16,P001,R01,SR001,C111,150,41.2,6180.0
TXN14123,2025-02-07,P002,R01,SR007,C094,58,54.66,3170.28
TXN14124,2024-07-13,P004,R05,SR011,C112,69,49.07,3385.83
TXN14125,2025-02-18,P001,R02,SR026,C078,213,40.1,8541.3
TXN14126,2024-03-20,P008,R05,SR017,C115,97,33.53,3252.41
TXN14127,2024-11-01,P002,R02,SR026,C097,40,55.96,2238.4
TXN14128,2025-03-05,P002,R01,SR025,C043,54,57.04,3080.16
TXN14129,2024-12-24,P007,R02,SR020,C078,132,45.59,6017.88
TXN14130,2024-05-03,P004,R06,SR018,C047,49,50.45,2472.05
TXN14131,2025-08-05,P008,R02,SR014,C097,28,33.87,948.36
TXN14132,2025-08-02,P006,R01,SR019,C031,79,28.01,2212.79
TXN14133,2024-05-22,P001,R03,SR021,C014,157,38.28,6009.96
TXN14134,2024-07-31,P003,R03,SR015,C024,43,32.93,1415.99
TXN14135,2024-02-29,P001,R03,SR003,C024,73,40.94,2988.62
TXN14136,2024-09-15,P008,R01,SR007,C060,67,31.11,2084.37
TXN14137,2024-09-09,P002,R05,SR029,C056,41,55.38,2270.58
TXN14138,2024-10-06,P001,R06,SR012,C116,45,39.26,1766.7
TXN14139,2024-04-15,P008,R01,SR007,C088,30,31.3,939.0
TXN14140,2025-09-01,P007,R06,SR030,C116,37,43.23,1599.51
TXN14141,2024-08-22,P008,R03,SR003,C054,54,32.42,1750.68
TXN14142,2024-07-31,P001,R02,SR002,C033,222,40.25,8935.5
TXN14143,2025-11-03,P001,R03,SR015,C019,66,38.22,2522.52
TXN14144,2025-12-10,P001,R03,SR015,C024,46,38.34,1763.64
TXN14145,2024-08-09,P008,R01,SR007,C119,20,31.97,639.4
TXN14146,2024-04-28,P007,R04,SR028,C080,133,39.89,5305.37
TXN14147,2024-01-15,P001,R06,SR024,C061,112,39.66,4441.92
TXN14148,2024-05-30,P007,R01,SR007,C119,29,45.03,1305.87
TXN14149,2025-07-02,P001,R01,SR001,C067,146,42.7,6234.2
TXN14150,2025-05-23,P002,R05,SR023,C081,183,53.8,9845.4
TXN14151,2024-08-18,P008,R06,SR018,C062,30,31.39,941.7
TXN14152,2024-11-27,P001,R01,SR025,C022,126,37.26,4694.76
TXN14153,2024-01-31,P002,R01,SR007,C088,49,57.85,2834.65
TXN14154,2025-07-13,P005,R01,SR001,C027,36,69.76,2511.36
TXN14155,2025-03-07,P007,R02,SR008,C078,131,41.29,5408.99
TXN14156,2024-12-28,P001,R02,SR020,C033,190,40.78,7748.2
TXN14157,2025-01-18,P006,R01,SR013,C111,112,30.12,3373.44
TXN14158,2024-11-11,P002,R04,SR016,C102,128,54.04,6917.12
TXN14159,2025-11-09,P003,R05,SR029,C084,118,34.98,4127.64
TXN14160,2025-06-07,P007,R02,SR014,C071,67,44.48,2980.16
TXN14161,2025-01-23,P003,R01,SR013,C022,91,33.06,3008.46
TXN14162,2024-01-07,P007,R03,SR009,C011,48,43.73,2099.04
TXN14163,2024-03-03,P008,R03,SR027,C014,78,33.25,2593.5
TXN14164,2025-06-25,P002,R01,SR007,C043,54,55.0,2970.0
TXN14165,2024-08-23,P006,R03,SR015,C109,32,28.33,906.56
TXN14166,2024-01-18,P001,R02,SR014,C097,41,40.45,1658.45
TXN14167,2024-04-02,P007,R02,SR014,C058,73,41.51,3030.23
TXN14168,2024-02-17,P005,R04,SR016,C005,73,63.03,4601.19
TXN14169,2025-09-28,P003,R04,SR028,C023,135,33.42,4511.7
TXN14170,2025-10-10,P004,R01,SR013,C012,73,50.34,3674.82
TXN14171,2024-12-05,P007,R02,SR008,C036,36,43.87,1579.32
TXN14172,2025-02-10,P001,R04,SR022,C091,120,36.93,4431.6
TXN14173,2025-03-30,P006,R01,SR013,C094,64,28.26,1808.64
TXN14174,2024-07-24,P008,R04,SR016,C039,73,32.08,2341.84
TXN14175,2025-11-04,P002,R05,SR017,C112,70,54.31,3801.7
TXN14176,2025-11-10,P008,R01,SR019,C067,96,32.46,3116.16
TXN14177,2025-05-09,P001,R03,SR003,C006,124,40.07,4968.68
TXN14178,2024-10-12,P008,R01,SR019,C031,62,32.0,1984.0
TXN14179,2024-10-24,P001,R05,SR005,C008,68,41.08,2793.44
TXN14180,2024-04-20,P001,R03,SR003,C011,102,39.38,4016.76
TXN14181,2024-08-16,P003,R02,SR008,C078,119,31.91,3797.29
TXN14182,2024-11-20,P002,R03,SR003,C037,116,56.62,6567.92
TXN14183,2024-10-12,P003,R04,SR022,C095,68,36.91,2509.88
TXN14184,2025-03-02,P007,R01,SR019,C111,158,42.63,6735.54
TXN14185,2025-12-13,P002,R06,SR018,C120,77,53.83,4144.91
TXN14186,2025-10-13,P001,R01,SR019,C060,129,37.12,4788.48
TXN14187,2024-10-13,P001,R06,SR030,C086,133,38.99,5185.67
TXN14188,2025-05-19,P006,R02,SR014,C033,120,27.41,3289.2
TXN14189,2024-04-01,P005,R02,SR014,C007,104,68.32,7105.28
TXN14190,2025-03-09,P001,R05,SR011,C032,167,40.79,6811.93
TXN14191,2024-12-29,P002,R06,SR024,C113,69,50.62,3492.78
TXN14192,2025-08-20,P001,R03,SR015,C082,72,37.59,2706.48
TXN14193,2024-09-23,P005,R01,SR025,C067,116,67.76,7860.16
TXN14194,2025-12-08,P002,R05,SR029,C096,47,54.63,2567.61
TXN14195,2024-07-18,P003,R05,SR005,C063,70,33.6,2352.0
TXN14196,2025-08-20,P002,R04,SR016,C039,92,51.63,4749.96
TXN14197,2024-10-04,P003,R01,SR025,C022,84,31.83,2673.72
TXN14198,2024-12-05,P001,R02,SR020,C097,52,39.44,2050.88
TXN14199,2025-12-05,P003,R03,SR021,C014,104,30.83,3206.32
TXN14200,2024-07-18,P005,R05,SR011,C115,138,71.31,9840.78
TXN14201,2024-10-07,P002,R01,SR007,C027,32,56.65,1812.8
TXN14202,2024-02-13,P002,R05,SR011,C117,80,56.1,4488.0
TXN14203,2024-02-18,P006,R05,SR017,C073,69,27.37,1888.53
TXN14204,2024-08-20,P001,R01,SR001,C060,131,39.16,5129.96
TXN14205,2025-11-17,P007,R01,SR007,C013,103,43.18,4447.54
TXN14206,2024-04-19,P001,R05,SR011,C020,172,39.6,6811.2
TXN14207,2024-01-08,P001,R04,SR022,C005,87,40.54,3526.98
TXN14208,2024-03-02,P002,R02,SR026,C069,61,52.74,3217.14
TXN14209,2025-09-03,P007,R01,SR001,C088,45,43.31,1948.95
TXN14210,2024-09-14,P005,R03,SR015,C037,59,67.82,4001.38
TXN14211,2024-06-23,P004,R03,SR009,C082,61,51.16,3120.76
TXN14212,2024-04-05,P004,R01,SR025,C043,52,49.68,2583.36
TXN14213,2024-12-31,P004,R04,SR028,C040,76,46.21,3511.96
TXN14214,2025-02-15,P008,R03,SR015,C072,17,31.45,534.65
TXN14215,2025-10-02,P005,R05,SR017,C093,58,70.4,4083.2
TXN14216,2024-09-20,P001,R05,SR023,C028,137,40.94,5608.78
TXN14217,2024-06-07,P008,R04,SR022,C080,103,32.6,3357.8
TXN14218,2025-07-01,P005,R06,SR030,C079,71,63.5,4508.5
TXN14219,2024-08-22,P001,R01,SR001,C111,181,40.45,7321.45
TXN14220,2025-12-18,P001,R01,SR019,C057,107,40.61,4345.27
TXN14221,2025-11-18,P005,R02,SR026,C034,60,67.6,4056.0
TXN14222,2025-12-04,P001,R04,SR004,C100,68,38.63,2626.84
TXN14223,2024-07-10,P003,R01,SR019,C031,98,33.19,3252.62
TXN14224,2025-04-13,P003,R04,SR028,C070,131,33.52,4391.12
TXN14225,2024-02-07,P006,R05,SR023,C117,68,28.29,1923.72
TXN14226,2025-11-02,P003,R05,SR017,C056,32,33.67,1077.44
TXN14227,2024-07-19,P004,R04,SR010,C029,30,49.88,1496.4
TXN14228,2024-09-03,P006,R01,SR001,C043,30,29.21,876.3
TXN14229,2025-06-02,P008,R01,SR025,C067,93,31.28,2909.04
TXN14230,2025-06-13,P006,R06,SR024,C047,37,29.08,1075.96
TXN14231,2024-02-01,P007,R01,SR013,C057,66,43.37,2862.42
TXN14232,2025-04-21,P003,R04,SR010,C100,66,31.9,2105.4
TXN14233,2025-03-19,P003,R99,SR013,C088,75,35.54,2665.5
TXN14234,2025-09-22,P001,R02,SR020,C042,147,39.81,5852.07
TXN14235,2024-11-07,P002,R04,SR016,C029,36,52.84,1902.24
TXN14236,2025-10-12,P005,R02,SR008,C034,67,67.94,4551.98
TXN14237,2025-04-19,P001,R04,SR010,C104,98,38.76,3798.48
TXN14238,2024-03-18,P005,R03,SR015,C011,33,71.08,2345.64
TXN14239,2024-03-10,P001,R02,SR026,C105,68,37.13,2524.84
TXN14240,2024-05-22,P003,R04,SR010,C091,105,32.49,3411.45
TXN14241,2025-06-07,P002,R02,SR026,C069,61,55.64,3394.04
TXN14242,2025-10-10,P001,R06,SR012,C116,68,42.32,2877.76
TXN14243,2024-06-08,P006,R01,SR001,C094,66,30.67,2024.22
TXN14244,2024-12-11,P004,R02,SR026,C090,38,48.33,1836.54
TXN14245,2024-02-25,P008,R01,SR025,C094,42,31.49,1322.58
TXN14246,2024-07-19,P003,R04,SR016,C104,72,34.05,2451.6
TXN14247,2025-08-06,P006,R06,SR006,C047,51,28.83,1470.33
TXN14248,2024-04-24,P003,R02,SR014,C092,39,34.19,1333.41
TXN14249,2025-12-01,P006,R06,SR030,C098,79,27.1,2140.9
TXN14250,2024-01-21,P001,R02,SR014,C058,91,40.29,3666.39
TXN14251,2025-04-20,P002,R01,SR013,C017,50,56.05,2802.5
TXN14252,2024-11-11,P002,R03,SR015,C025,20,55.15,1103.0
TXN14253,2024-03-31,P006,R01,SR007,C017,38,29.09,1105.42
TXN14254,2025-07-17,P002,R05,SR023,C063,95,54.56,5183.2
TXN14255,2025-07-04,P004,R01,SR013,,49,44.63,2186.87
TXN14256,2024-07-06,P003,R01,SR007,C057,51,34.17,1742.67
TXN14257,2025-07-19,P002,R03,SR021,C082,83,53.16,4412.28
TXN14258,2025-04-01,P008,R01,SR001,C119,22,33.44,735.68
TXN14259,2024-09-12,P002,R06,SR012,C076,78,58.65,4574.7
TXN14260,2024-06-23,P005,R05,SR017,C083,47,67.53,3173.91
TXN14261,2024-04-13,P005,R03,SR027,C041,51,68.73,3505.23
TXN14262,2025-11-20,P008,R02,SR026,C097,26,35.48,922.48
TXN14263,2025-11-15,P002,R05,SR017,C008,43,57.17,2458.31
TXN14264,2024-05-10,P002,R02,SR002,C042,141,51.85,7310.85
TXN14265,2025-09-19,P006,R05,SR017,C032,81,30.85,2498.85
TXN14266,2024-05-24,P007,R06,SR024,C074,46,41.91,1927.86
TXN14267,2024-10-16,P005,R01,SR025,C027,32,67.64,2164.48
TXN14268,2024-08-16,P001,R06,SR012,C050,36,39.07,1406.52
TXN14269,2025-08-29,P005,R03,SR021,C041,66,67.8,4474.8
TXN14270,2025-07-18,P001,R05,SR005,C008,69,38.68,2668.92
TXN14271,2024-09-24,P006,R03,SR015,C006,42,28.64,1202.88
TXN14272,2025-02-15,P007,R04,SR004,C102,86,42.95,3693.7
TXN14273,2024-12-13,P007,R06,SR012,C061,86,42.94,3692.84
TXN14274,2025-03-21,P002,R01,SR001,C088,61,55.55,3388.55
TXN14275,2025-02-25,P005,R06,SR006,C089,32,66.32,2122.24
TXN14276,2025-02-11,P005,R01,SR013,C057,53,66.3,3513.9
TXN14277,2025-12-04,P005,R05,SR011,C038,30,67.65,2029.5
TXN14278,2024-06-04,P003,R03,SR015,C018,35,35.0,1225.0
TXN14279,2025-11-05,P004,R03,SR003,C003,69,48.81,3367.89
TXN14280,2025-12-05,P007,R03,SR003,C041,68,43.38,2949.84
TXN14281,2024-01-07,P002,R06,SR012,C089,49,56.84,2785.16
TXN14282,2024-12-21,P003,R05,SR023,C063,91,32.3,2939.3
TXN14283,2024-04-21,P002,R02,SR002,C049,130,58.3,7579.0
TXN14284,2024-12-27,P005,R02,SR008,C034,53,65.42,3467.26
TXN14285,2025-12-27,P002,R02,SR020,C108,83,54.43,4517.69
TXN14286,2024-09-16,P007,R01,SR025,C013,101,42.7,4312.7
TXN14287,2025-12-29,P003,R02,SR020,C078,156,34.12,5322.72
TXN14288,2024-04-18,P004,R01,SR013,C067,147,48.53,7133.91
TXN14289,2025-06-11,P004,R06,SR018,C035,74,48.01,3552.74
TXN14290,2025-03-27,P007,R04,SR022,C010,151,43.63,6588.13
TXN14291,2025-05-19,P002,R03,SR027,C025,45,53.79,2420.55
TXN14292,2025-05-12,P002,R02,SR026,C007,192,55.98,10748.16
TXN14293,2024-10-28,P006,R06,SR018,C120,46,27.46,1263.16
TXN14294,2025-01-27,P007,R05,SR011,C117,86,45.27,3893.22
TXN14295,2024-09-21,P007,R02,SR020,C026,45,41.59,1871.55
TXN14296,2024-03-03,P001,R01,SR007,C017,61,37.17,2267.37
TXN14297,2024-10-17,P006,R01,SR025,C043,38,28.29,1075.02
TXN14298,2024-07-25,P005,R01,SR007,C031,76,65.32,4964.32
TXN14299,2024-10-17,P001,R04,SR022,C048,78,40.48,3157.44
TXN14300,2024-12-12,P006,R02,SR002,C090,49,28.57,1399.93
TXN14301,2024-05-02,P003,R01,SR007,C012,58,33.29,1930.82
TXN14302,2024-05-12,P006,R05,SR011,C117,78,30.77,2400.06
TXN14303,2024-08-29,P002,R02,SR020,C033,162,53.03,8590.86
TXN14304,2025-12-13,P001,R06,SR030,C047,70,37.53,2627.1
TXN14305,2024-01-20,P002,R01,SR007,C088,65,51.13,3323.45
TXN14306,2025-07-11,P004,R06,SR030,C077,78,50.1,3907.8
TXN14307,2024-03-19,P007,R01,SR025,C022,102,45.27,4617.54
TXN14308,2024-02-08,P001,R03,SR009,C052,59,40.6,2395.4
TXN14309,2025-09-11,P005,R01,SR019,C012,48,67.87,3257.76
TXN14310,2024-10-03,P003,R01,SR001,C064,80,34.22,2737.6
TXN14311,2025-09-14,P007,R03,SR027,C025,27,45.01,1215.27
TXN14312,2024-06-16,P005,R04,SR010,C080,116,70.16,8138.56
TXN14313,2024-09-30,P007,R06,SR024,C062,27,44.14,1191.78
TXN14314,2025-02-10,P002,R01,SR001,C094,62,52.55,3258.1
TXN14315,2025-04-05,P001,R02,SR020,C101,197,40.73,8023.81
TXN14316,2024-05-17,P005,R03,SR021,C024,43,69.68,2996.24
TXN14317,2025-12-01,P001,R04,SR028,C104,90,38.29,3446.1
TXN14318,2024-08-16,P002,R02,SR026,C036,47,58.11,2731.17
TXN14319,2025-01-27,P005,R05,SR017,C073,44,64.02,2816.88
TXN14320,2025-04-20,P002,R01,SR019,C043,74,55.71,4122.54
TXN14321,2025-04-22,P005,R01,SR001,C111,119,70.21,8354.99
TXN14322,2024-07-06,P008,R01,SR007,C067,77,29.27,2253.79
TXN14323,2024-02-09,P008,R01,SR001,C088,48,30.65,1471.2
TXN14324,2024-12-31,P006,R01,SR019,C022,86,29.62,2547.32
TXN14325,2025-09-23,P002,R01,SR007,C064,87,48.72,4238.64
TXN14326,2025-06-02,P003,R01,SR007,C022,84,33.72,2832.48
TXN14327,2024-05-01,P002,R01,SR007,C013,131,55.35,7250.85
TXN14328,2025-10-14,P001,R05,SR017,C038,50,41.14,2057.0
TXN14329,2025-04-01,P006,R06,SR018,C110,58,30.14,1748.12
TXN14330,2024-02-06,P005,R04,SR010,C103,61,67.86,4139.46
TXN14331,2024-11-28,P003,R02,SR026,C033,107,34.27,3666.89
TXN14332,2025-03-08,P002,R02,SR008,C069,68,54.46,3703.28
TXN14333,2025-08-10,P007,R04,SR004,C029,32,41.95,1342.4
TXN14334,2024-09-14,P003,R03,SR027,C019,77,34.27,2638.79
TXN14335,2024-12-07,P002,R01,SR007,C088,66,56.47,3727.02
TXN14336,2025-03-13,P001,R01,SR025,C043,75,38.74,2905.5
TXN14337,2025-01-07,P008,R02,SR014,C071,46,31.1,1430.6
TXN14338,2025-08-25,P008,R03,SR009,C052,22,32.26,709.72
TXN14339,2025-10-10,P004,R03,SR021,C030,73,45.6,3328.8
TXN14340,2025-05-29,P006,R03,SR021,C024,61,29.12,1776.32
TXN14341,2025-07-10,P004,R01,SR001,C064,89,50.89,4529.21
TXN14342,2025-08-18,P005,R05,SR023,C032,91,67.44,6137.04
TXN14343,2024-07-19,P001,R06,SR018,C120,89,39.28,3495.92
TXN14344,2025-05-05,P002,R02,SR002,C092,76,55.07,4185.32
TXN14345,2024-07-18,P006,R03,SR027,C009,53,29.84,1581.52
TXN14346,2025-09-13,P007,R06,SR018,C089,26,41.08,1068.08
TXN14347,2024-01-04,P005,R04,SR022,C095,54,65.39,3531.06
TXN14348,2024-01-19,P006,R04,SR004,C046,39,28.05,1093.95
TXN14349,2025-12-15,P001,R01,SR001,C017,44,41.61,1830.84
TXN14350,2025-10-16,P008,R03,SR009,C025,18,32.91,592.38
TXN14351,2024-06-27,P004,R01,SR013,C064,100,46.99,4699.0
TXN14352,2025-10-12,P007,R04,SR028,,66,43.36,2861.76
TXN14353,2024-01-24,P001,R06,SR030,C120,96,38.83,3727.68
TXN14354,2025-02-27,P001,R05,SR011,C107,153,39.91,6106.23
TXN14355,2024-04-20,P008,R03,SR021,C018,69,30.78,2123.82
TXN14356,2025-06-08,P003,R02,SR002,C105,77,34.19,2632.63
TXN14357,2025-02-09,P002,R06,SR024,C120,79,59.86,4728.94
TXN14358,2025-10-03,P007,R01,SR019,C119,28,40.69,1139.32
TXN14359,2025-10-14,P005,R05,SR011,C114,52,65.09,3384.68
TXN14360,2024-08-22,P008,R01,SR013,C119,23,30.61,704.03
TXN14361,2024-10-22,P001,R04,SR028,C029,39,37.45,1460.55
TXN14362,2025-10-25,P006,R01,SR013,C119,21,28.6,600.6
TXN14363,2024-11-22,P001,R01,SR007,C111,126,41.08,5176.08
TXN14364,2024-05-25,P002,R01,SR025,C027,64,53.09,3397.76
TXN14365,2025-03-04,P004,R02,SR020,C092,67,51.66,3461.22
TXN14366,2024-01-01,P002,R02,SR008,C075,141,56.48,7963.68
TXN14367,2025-09-29,P005,R02,SR020,C034,73,64.65,4719.45
TXN14368,2025-02-12,P007,R05,SR017,C068,45,43.39,1952.55
TXN14369,2025-11-22,P003,R02,SR020,C049,129,34.16,4406.64
TXN14370,2025-04-01,P006,R02,SR014,C071,61,32.2,1964.2
TXN14371,2025-07-20,P004,R06,SR024,C015,129,46.31,5973.99
TXN14372,2025-01-04,P008,R05,SR023,C107,93,31.77,2954.61
TXN14373,2025-03-21,P001,R01,SR019,C027,88,40.72,3583.36
TXN14374,2024-09-05,P007,R01,SR007,C055,52,43.71,2272.92
TXN14375,2024-05-24,P001,R05,SR023,C084,223,41.18,9183.14
TXN14376,2025-04-24,P002,R06,SR006,C074,64,53.89,3448.96
TXN14377,2024-12-28,P005,R05,SR029,C084,84,70.43,5916.12
TXN14378,2024-09-26,P001,R01,SR019,C088,87,36.97,3216.39
TXN14379,2024-08-13,P003,R05,SR017,C107,71,33.84,2402.64
TXN14380,2025-08-02,P006,R04,SR028,C065,47,29.91,1405.77
TXN14381,2024-01-17,P001,R01,SR007,C055,48,39.96,1918.08
TXN14382,2025-02-08,P008,R03,SR015,C109,27,32.54,878.58
TXN14383,2025-05-05,P002,R01,SR019,C094,81,55.13,4465.53
TXN14384,2025-06-22,P007,R03,SR009,C072,33,41.28,1362.24
TXN14385,2024-07-14,P003,R02,SR002,C042,102,34.23,3491.46
TXN14386,2025-06-11,P006,R03,SR015,C006,49,28.4,1391.6
TXN14387,2025-12-17,P004,R06,SR024,C074,36,46.65,1679.4
TXN14388,2024-12-31,P004,R02,SR002,C026,75,47.92,3594.0
TXN14389,2025-08-17,P003,R01,SR001,C022,100,35.4,3540.0
TXN14390,2024-05-11,P003,R02,SR026,C108,73,34.3,2503.9
TXN14391,2024-04-05,P005,R03,SR021,C011,52,66.92,3479.84
TXN14392,2025-05-09,P003,R02,SR014,C034,70,34.59,2421.3
TXN14393,2025-06-27,P008,R03,SR009,C072,22,32.96,725.12
TXN14394,2025-01-24,P008,R02,SR002,C058,72,32.2,2318.4
TXN14395,2024-07-19,P006,R01,SR001,C022,82,28.91,2370.62
TXN14396,2024-10-14,P001,R03,SR027,C019,87,38.27,3329.49
TXN14397,2025-03-19,P003,R05,SR005,C084,137,32.45,4445.65
TXN14398,2025-02-12,P007,R02,SR014,C026,56,41.39,2317.84
TXN14399,2025-02-13,P006,R01,SR007,C111,110,30.0,3300.0
TXN14400,2025-07-01,P008,R01,SR001,C017,31,30.84,956.04
TXN14401,2025-10-07,P004,R06,SR012,C098,86,48.97,4211.42
TXN14402,2024-02-22,P005,R03,SR003,C041,62,64.79,4016.98
TXN14403,2025-06-23,P006,R01,SR025,C094,53,27.85,1476.05
TXN14404,2024-08-26,P007,R03,SR009,C054,41,39.33,1612.53
TXN14405,2025-09-17,P006,R03,SR003,C109,45,29.38,1322.1
TXN14406,2024-03-18,P003,R02,SR014,C036,39,35.15,1370.85
TXN14407,2024-01-17,P003,R03,SR003,C054,69,33.09,2283.21
TXN14408,2024-10-11,P002,R06,SR012,C047,48,55.62,2669.76
TXN14409,2024-11-23,P005,R06,SR006,C086,88,64.27,5655.76
TXN14410,2024-06-11,P001,R03,SR015,C037,100,39.54,3954.0
TXN14411,2025-08-07,P003,R06,SR018,C086,83,36.09,2995.47
TXN14412,2024-09-14,P007,R06,SR018,C045,82,43.29,3549.78
TXN14413,2025-03-26,P002,R02,SR026,C108,97,56.78,5507.66
TXN14414,2025-05-21,P008,R06,SR030,C118,34,34.65,1178.1
TXN14415,2024-11-10,P002,R05,SR023,C032,128,54.28,6947.84
TXN14416,2025-09-14,P004,R02,SR014,C026,50,49.88,2494.0
TXN14417,2025-06-18,P002,R01,SR019,C057,100,52.58,5258.0
TXN14418,2024-10-04,P008,R01,SR001,C094,58,31.83,1846.14
TXN14419,2024-03-10,P007,R06,SR006,C120,81,41.87,3391.47
TXN14420,2024-11-26,P004,R06,SR012,C113,57,49.19,2803.83
TXN14421,2024-03-04,P002,R03,SR003,C054,94,55.62,5228.28
TXN14422,2025-05-26,P004,R06,SR012,C110,87,51.28,4461.36
TXN14423,2025-02-14,P008,R06,SR006,C050,33,33.93,1119.69
TXN14424,2025-11-18,P007,R02,SR020,C071,48,43.12,2069.76
TXN14425,2024-01-15,P003,R06,SR018,C086,87,35.71,3106.77
TXN14426,2025-07-28,P003,R02,SR014,C026,60,33.6,2016.0
TXN14427,2025-01-22,P006,R02,SR008,C069,45,27.94,1257.3
TXN14428,2024-05-05,P005,R05,SR017,C096,66,72.78,4803.48
TXN14429,2025-08-14,P003,R06,SR024,C099,48,34.02,1632.96
TXN14430,2025-01-18,P001,R02,SR002,C034,132,39.3,5187.6
TXN14431,2025-01-09,P003,R02,SR020,C071,70,34.66,2426.2
TXN14432,2024-01-10,P006,R01,SR007,C060,84,28.48,2392.32
TXN14433,2025-04-25,P001,R01,SR007,C111,152,38.58,5864.16
TXN14434,2025-04-01,P003,R06,SR030,C106,55,32.84,1806.2
TXN14435,2024-12-18,P007,R02,SR008,C097,34,41.4,1407.6
TXN14436,2025-03-24,P005,R01,SR013,C094,56,70.9,3970.4
TXN14437,2024-03-07,P007,R05,SR017,C063,66,45.22,2984.52
TXN14438,2025-11-22,P001,R01,SR001,C013,140,39.45,5523.0
TXN14439,2024-12-31,P002,R02,SR026,C042,102,55.93,5704.86
TXN14440,2024-04-20,P007,R01,SR013,C055,67,41.73,2795.91
TXN14441,2025-06-05,P007,R03,SR027,C082,72,43.43,3126.96
TXN14442,2024-01-04,P007,R06,SR030,C086,82,42.55,3489.1
TXN14443,2025-03-12,P008,R04,SR022,C039,91,29.85,2716.35
TXN14444,2024-11-28,P007,R01,SR025,C060,87,43.39,3774.93
TXN14445,2024-02-13,P001,R06,SR030,C085,134,39.43,5283.62
TXN14446,2025-06-24,P006,R05,SR005,C038,41,29.58,1212.78
TXN14447,2025-02-03,P003,R01,SR001,C067,149,35.3,5259.7
TXN14448,2024-10-30,P004,R04,SR010,C005,61,48.7,2970.7
TXN14449,2025-07-08,P003,R01,SR007,C031,88,31.53,2774.64
TXN14450,2025-09-22,P001,R05,SR023,C032,146,37.91,5534.86
TXN14451,2024-01-10,P005,R06,SR012,C106,38,68.03,2585.14
TXN14452,2024-11-21,P004,R02,SR020,C101,95,51.2,4864.0
TXN14453,2025-02-19,P007,R03,SR027,C054,61,39.51,2410.11
TXN14454,2025-11-04,P008,R01,SR025,C064,75,30.53,2289.75
TXN14455,2025-08-10,P006,R01,SR001,C088,50,28.97,1448.5
TXN14456,2024-06-02,P002,R01,SR007,C012,64,57.44,3676.16
TXN14457,2025-07-15,P001,R02,SR008,C034,85,40.23,3419.55
TXN14458,2024-08-18,P002,R06,SR030,C079,124,56.31,6982.44
TXN14459,2024-11-29,P006,R02,SR026,C092,44,30.09,1323.96
TXN14460,2024-02-27,P003,R03,SR027,C053,66,33.24,2193.84
TXN14461,2024-09-11,P007,R05,SR029,C068,33,41.91,1383.03
TXN14462,2024-12-02,P008,R04,SR016,C070,89,32.23,2868.47
TXN14463,2024-07-24,P003,R06,SR024,C015,122,33.44,4079.68
TXN14464,2025-12-16,P004,R01,SR025,C088,58,50.12,2906.96
TXN14465,2025-02-10,P003,R04,SR016,C065,46,33.2,1527.2
TXN14466,2025-11-26,P002,R06,SR018,C076,55,53.7,2953.5
TXN14467,2024-09-12,P003,R04,SR016,C070,128,33.53,4291.84
TXN14468,2024-07-05,P004,R06,SR018,C021,58,49.79,2887.82
TXN14469,2024-10-07,P007,R03,SR003,C006,59,40.52,2390.68
TXN14470,2024-10-12,P003,R05,SR005,C038,40,32.87,1314.8
TXN14471,2025-02-26,P001,R01,SR025,C013,177,38.04,6733.08
TXN14472,2025-12-31,P007,R05,SR005,C081,128,44.34,5675.52
TXN14473,2025-02-15,P008,R06,SR030,C098,61,32.05,1955.05
TXN14474,2025-01-29,P007,R01,SR001,C088,56,43.04,2410.24
TXN14475,2025-07-19,P005,R05,SR005,C096,57,71.95,4101.15
TXN14476,2025-06-01,P002,R03,SR009,C019,71,52.05,3695.55
TXN14477,2024-09-04,P001,R01,SR019,C119,53,39.6,2098.8
TXN14478,2025-10-28,P007,R04,SR022,C065,59,43.94,2592.46
TXN14479,2024-07-06,P002,R03,SR015,C054,44,51.03,2245.32
TXN14480,2024-07-26,P001,R05,SR005,C107,143,38.98,5574.14
TXN14481,2024-07-11,P002,R01,SR013,C031,106,55.98,5933.88
TXN14482,2024-11-19,P006,R04,SR028,C104,51,30.47,1553.97
TXN14483,2025-04-03,P006,R05,SR017,C081,118,30.31,3576.58
TXN14484,2025-03-30,P001,R03,SR015,C025,25,40.24,1006.0
TXN14485,2024-10-05,P002,R05,SR005,C117,59,52.44,3093.96
TXN14486,2025-11-02,P004,R05,SR011,C063,70,50.28,3519.6
TXN14487,2025-03-12,P008,R06,SR030,C116,51,31.49,1605.99
TXN14488,2024-09-02,P001,R06,SR024,C077,97,41.4,4015.8
TXN14489,2025-09-16,P003,R01,SR025,C094,62,35.54,2203.48
TXN14490,2024-10-14,P005,R05,SR029,C056,43,68.39,2940.77
TXN14491,2025-07-06,P002,R05,SR005,C038,55,52.73,2900.15
TXN14492,2025-04-24,P005,R03,SR027,C011,71,70.82,5028.22
TXN14493,2025-03-26,P001,R06,SR012,C086,139,42.0,5838.0
TXN14494,2024-07-25,P004,R05,SR005,C093,57,51.91,2958.87
TXN14495,2024-06-14,P005,R02,SR026,C092,48,67.77,3252.96
TXN14496,2024-07-03,P004,R05,SR017,C038,41,50.01,2050.41
TXN14497,2025-07-11,P002,R04,SR028,C005,91,53.98,4912.18
TXN14498,2024-01-16,P004,R02,SR026,C101,98,47.56,4660.88
TXN14499,2025-09-20,P002,R04,SR016,C039,100,56.56,5656.0
TXN14500,2025-05-23,P004,R03,SR021,C019,65,47.69,3099.85
TXN14501,2024-03-09,P007,R04,SR022,C095,69,41.82,2885.58
TXN14502,2024-09-23,P006,R01,SR013,C012,54,29.57,1596.78
TXN14503,2025-10-25,P008,R04,SR010,C102,54,32.27,1742.58
TXN14504,2024-03-21,P007,R05,SR023,C112,69,44.56,3074.64
TXN14505,2025-12-31,P006,R02,SR008,C034,70,30.03,2102.1
TXN14506,2024-06-23,P006,R04,SR022,C023,131,30.36,3977.16
TXN14507,2025-09-14,P008,R01,SR013,C094,49,31.83,1559.67
TXN14508,2025-08-04,P004,R04,SR016,C104,72,49.16,3539.52
TXN14509,2024-12-31,P001,R02,SR008,C036,49,42.77,2095.73
TXN14510,2024-06-24,P007,R02,SR002,C092,48,42.46,2038.08
TXN14511,2025-02-13,P003,R06,SR012,C089,28,33.1,926.8
TXN14512,2025-07-14,P001,R04,SR016,C010,166,40.63,6744.58
TXN14513,2025-06-28,P004,R05,SR011,C008,52,44.94,2336.88
TXN14514,2024-03-02,P005,R06,SR018,C098,97,63.59,6168.23
TXN14515,2025-12-29,P006,R01,SR001,C013,115,29.53,3395.95
TXN14516,2025-01-29,P001,R02,SR008,C058,131,42.47,5563.57
TXN14517,2025-06-04,P003,R02,SR008,C007,133,31.38,4173.54
TXN14518,2024-06-24,P007,R01,SR007,C017,42,43.86,1842.12
TXN14519,2024-11-11,P002,R06,SR012,C079,107,52.54,5621.78
TXN14520,2024-06-30,P006,R05,SR017,C084,132,29.01,3829.32
TXN14521,2025-04-03,P003,R01,SR013,C012,65,33.8,2197.0
TXN14522,2025-11-05,P003,R03,SR021,C053,88,34.23,3012.24
TXN14523,2025-05-02,P005,R02,SR008,C036,47,65.94,3099.18
TXN14524,2024-08-24,P008,R03,SR009,C014,44,32.89,1447.16
TXN14525,2025-09-12,P002,R03,SR003,C009,49,54.95,2692.55
TXN14526,2024-03-29,P002,R06,SR030,C120,93,52.2,4854.6
TXN14527,2025-10-13,P001,R05,SR011,C081,184,39.48,7264.32
TXN14528,2024-08-15,P002,R02,SR002,C034,99,53.36,5282.64
TXN14529,2025-03-19,P002,R02,SR014,C049,149,57.25,8530.25
TXN14530,2024-12-13,P001,R03,SR003,C082,102,39.79,4058.58
TXN14531,2025-02-08,P005,R02,SR014,C007,123,65.12,8009.76
TXN14532,2025-06-19,P004,R04,SR010,C065,51,48.0,2448.0
TXN14533,2025-01-23,P001,R04,SR028,,169,38.6,6523.4
TXN14534,2025-09-03,P004,R02,SR008,C090,31,47.57,1474.67
TXN14535,2025-04-15,P006,R04,SR022,C023,122,29.42,3589.24
TXN14536,2025-11-18,P005,R01,SR013,C057,46,75.34,3465.64
TXN14537,2025-10-25,P001,R01,SR013,C057,94,39.23,3687.62
TXN14538,2025-06-05,P003,R04,SR016,C029,35,34.01,1190.35
TXN14539,2025-04-14,P004,R03,SR015,C024,37,49.8,1842.6
TXN14540,2025-12-10,P001,R06,SR006,C047,68,39.96,2717.28
TXN14541,2025-05-24,P002,R05,SR017,C081,156,55.74,8695.44
TXN14542,2025-08-22,P007,R02,SR002,C058,93,42.39,3942.27
TXN14543,2025-11-14,P005,R02,SR020,C078,135,66.36,8958.6
TXN14544,2024-10-25,P006,R02,SR002,C078,108,26.38,2849.04
TXN14545,2025-04-19,P002,R01,SR007,C088,66,55.51,3663.66
TXN14546,2024-03-08,P003,R01,SR019,C013,163,34.22,5577.86
TXN14547,2024-06-16,P002,R01,SR019,C064,132,55.18,7283.76
TXN14548,2024-09-27,P003,R04,SR016,C100,60,33.81,2028.6
TXN14549,2024-08-09,P001,R03,SR009,C009,57,41.21,2348.97
TXN14550,2024-07-31,P005,R02,SR026,C090,37,69.71,2579.27
TXN14551,2024-04-08,P006,R01,SR001,C013,105,30.01,3151.05
TXN14552,2025-04-20,P005,R02,SR020,C033,160,65.71,10513.6
TXN14553,2024-11-27,P001,R04,SR022,C103,109,41.72,4547.48
TXN14554,2025-09-23,P005,R01,SR001,C017,35,69.02,2415.7
TXN14555,2024-12-27,P003,R03,SR021,C025,34,33.62,1143.08
TXN14556,2025-07-23,P006,R04,SR022,C046,35,30.31,1060.85
TXN14557,2024-10-15,P006,R05,SR029,C115,92,30.86,2839.12
TXN14558,2024-04-20,P005,R02,SR026,C097,29,69.76,2023.04
TXN14559,2024-10-02,P006,R06,SR018,C106,34,26.71,908.14
TXN14560,2025-01-07,P002,R02,SR002,C105,78,52.52,4096.56
TXN14561,2025-04-29,P007,R04,SR010,C091,99,43.74,4330.26
TXN14562,2024-02-21,P003,R06,SR012,C016,107,32.26,3451.82
TXN14563,2024-08-03,P004,R04,SR010,C091,72,46.65,3358.8
TXN14564,2024-05-23,P003,R04,SR004,C005,82,32.72,2683.04
TXN14565,2025-10-30,P003,R02,SR002,C058,117,32.99,3859.83
TXN14566,2025-03-11,P005,R02,SR008,C105,39,68.76,2681.64
TXN14567,2024-08-03,P003,R05,SR029,C020,86,34.12,2934.32
TXN14568,2024-09-02,P008,R01,SR007,C060,52,31.65,1645.8
TXN14569,2024-05-14,P008,R04,SR022,C048,60,32.13,1927.8
TXN14570,2024-03-02,P005,R03,SR003,C082,64,70.57,4516.48
TXN14571,2024-03-27,P001,R02,SR026,C033,193,40.88,7889.84
TXN14572,2024-03-09,P008,R06,SR012,C106,28,31.49,881.72
TXN14573,2024-07-03,P001,R01,SR007,C012,78,37.31,2910.18
TXN14574,2024-07-26,P001,R01,SR007,C027,60,39.54,2372.4
TXN14575,2024-05-11,P002,R03,SR003,C037,147,56.01,8233.47
TXN14576,2025-11-11,P001,R03,SR009,C030,74,41.93,3102.82
TXN14577,2024-06-01,P007,R01,SR007,C031,89,40.76,3627.64
TXN14578,2024-12-07,P004,R04,SR010,C046,27,48.02,1296.54
TXN14579,2025-01-06,P003,R02,SR002,C033,174,34.9,6072.6
TXN14580,2025-09-21,P006,R03,SR009,C009,33,29.35,968.55
TXN14581,2024-11-08,P008,R06,SR024,C021,39,34.72,1354.08
TXN14582,2024-03-31,P005,R02,SR014,C033,126,64.31,8103.06
TXN14583,2025-04-24,P007,R01,SR013,C022,117,44.23,5174.91
TXN14584,2024-01-15,P005,R03,SR015,C024,19,68.43,1300.17
TXN14585,2024-09-12,P003,R01,SR019,C067,130,36.33,4722.9
TXN14586,2024-04-14,P003,R05,SR011,C038,66,32.29,2131.14
TXN14587,2024-02-06,P006,R05,SR017,C020,79,28.82,2276.78
TXN14588,2025-08-01,P002,R01,SR025,C094,73,52.38,3823.74
TXN14589,2025-01-31,P003,R02,SR002,C058,112,33.27,3726.24
TXN14590,2025-01-04,P001,R02,SR008,C105,61,40.09,2445.49
TXN14591,2024-01-19,P002,R01,SR001,C064,110,,6146.8
TXN14592,2024-01-29,P005,R02,SR002,C069,50,64.41,3220.5
TXN14593,2024-03-11,P001,R04,SR016,C070,198,44.36,8783.28
TXN14594,2024-07-23,P008,R01,SR025,C064,71,33.57,2383.47
TXN14595,2025-07-14,P005,R03,SR027,C054,58,71.17,4127.86
TXN14596,2025-05-31,P003,R01,SR019,C057,66,29.45,1943.7
TXN14597,2024-01-21,P008,R03,SR015,C019,38,31.52,1197.76
TXN14598,2025-10-05,P002,R01,SR001,C094,77,55.77,4294.29
TXN14599,2024-10-03,P006,R02,SR002,C034,69,30.83,2127.27
TXN14600,2025-12-22,P002,R01,SR013,C055,75,54.85,4113.75
TXN14601,2024-08-16,P004,R02,SR014,C034,50,48.02,2401.0
TXN14602,2024-08-06,P007,R03,SR015,C041,37,42.88,1586.56
TXN14603,2024-06-24,P006,R05,SR005,C063,59,29.81,1758.79
TXN14604,2024-05-12,P001,R01,SR007,C060,122,38.27,4668.94
TXN14605,2024-10-28,P005,R01,SR001,C043,40,71.04,2841.6
TXN14606,2025-02-10,P002,R03,SR027,C014,121,54.79,6629.59
TXN14607,2025-05-12,P004,R01,SR007,C022,91,45.19,4112.29
TXN14608,2025-04-14,P001,R02,SR014,C036,68,41.13,2796.84
TXN14609,2025-04-06,P004,R03,SR015,C011,59,48.31,2850.29
TXN14610,2024-02-28,P006,R06,SR006,C120,65,29.47,1915.55
TXN14611,2025-09-20,P001,R03,SR015,C030,44,41.58,1829.52
TXN14612,2025-02-03,P003,R03,SR003,C003,93,31.36,2916.48
TXN14613,2024-10-02,P002,R05,SR017,C107,99,55.07,5451.93
TXN14614,2024-03-01,P005,R03,SR003,C082,79,70.94,5604.26
TXN14615,2025-08-12,P006,R03,SR021,C019,71,29.08,2064.68
TXN14616,2025-02-14,P004,R01,SR025,C067,124,48.51,6015.24
TXN14617,2025-01-30,P003,R01,SR019,C022,109,34.63,3774.67
TXN14618,2025-02-04,P006,R06,SR024,C066,89,28.53,2539.17
TXN14619,2025-06-13,P001,R05,SR023,C032,148,39.23,5806.04
TXN14620,2024-06-14,P002,R04,SR028,C095,77,54.11,4166.47
TXN14621,2025-01-13,P008,R01,SR001,C057,46,30.44,1400.24
TXN14622,2025-03-12,P005,R02,SR014,C101,80,69.5,5560.0
TXN14623,2025-10-21,P002,R04,SR016,C100,76,55.85,4244.6
TXN14624,2024-07-12,P004,R06,SR012,C120,75,51.89,3891.75
TXN14625,2025-04-07,P003,R01,SR025,C055,63,31.83,2005.29
TXN14626,2024-02-20,P005,R01,SR025,C119,31,70.62,2189.22
TXN14627,2024-06-02,P002,R01,SR007,C031,89,51.88,4617.32
TXN14628,2024-03-07,P002,R06,SR018,C044,77,54.53,4198.81
TXN14629,2024-05-16,P006,R01,SR007,C067,112,30.85,3455.2
TXN14630,2024-03-07,P003,R06,SR012,C118,43,33.47,1439.21
TXN14631,2024-09-08,P002,R01,SR019,C060,128,54.13,6928.64
TXN14632,2025-09-14,P004,R01,SR007,C060,75,47.05,3528.75
TXN14633,2025-01-27,P002,R03,SR021,C024,68,56.32,3829.76
TXN14634,2025-12-21,P003,R04,SR004,C048,70,33.23,2326.1
TXN14635,2024-01-21,P003,R01,SR001,C022,90,35.12,3160.8
TXN14636,2025-03-20,P005,R02,SR020,C078,154,71.44,11001.76
TXN14637,2025-07-10,P008,R04,SR004,C102,61,32.81,2001.41
TXN14638,2025-10-18,P005,R02,SR020,C097,29,65.31,1893.99
TXN14639,2024-10-18,P004,R02,SR008,C049,83,50.57,4197.31
TXN14640,2024-03-08,P002,R06,SR006,C050,36,56.31,2027.16
TXN14641,2024-10-31,P004,R02,SR008,C036,40,51.13,2045.2
TXN14642,2025-11-29,P004,R01,SR001,C022,78,50.69,3953.82
TXN14643,2025-05-22,P003,R06,SR024,C051,42,36.02,1512.84
TXN14644,2024-02-24,P004,R01,SR007,C027,52,48.59,2526.68
TXN14645,2024-12-08,P005,R02,SR014,C026,43,66.25,2848.75
TXN14646,2024-07-21,P004,R01,SR019,C088,72,46.59,3354.48
TXN14647,2024-09-17,P005,R06,SR018,C045,68,67.89,4616.52
TXN14648,2025-09-08,P004,R05,SR005,C032,93,48.42,4503.06
TXN14649,2025-05-11,P007,R02,SR020,C101,102,42.7,4355.4
TXN14650,2024-03-06,P005,R04,SR022,C039,91,68.04,6191.64
TXN14651,2025-08-15,P007,R02,SR008,C078,103,43.01,4430.03
TXN14652,2024-02-26,P001,R01,SR013,C043,56,38.29,2144.24
TXN14653,2025-05-14,P002,R02,SR014,C105,64,57.2,3660.8
TXN14654,2024-10-03,P006,R05,SR005,C063,65,27.84,1809.6
TXN14655,2025-12-03,P004,R05,SR023,C032,91,48.12,4378.92
TXN14656,2024-11-11,P001,R03,SR003,C030,111,43.52,4830.72
TXN14657,2025-11-25,P004,R02,SR026,C101,90,47.27,4254.3
TXN14658,2025-08-15,P002,R02,SR002,C092,56,52.72,2952.32
TXN14659,2025-06-28,P001,R02,SR014,C049,140,40.45,5663.0
TXN14660,2024-12-10,P007,R02,SR008,C007,116,45.06,5226.96
TXN14661,2024-05-05,P005,R02,SR008,C033,106,71.15,7541.9
TXN14662,2025-02-07,P006,R06,SR030,C051,35,28.98,1014.3
TXN14663,2025-09-04,P004,R01,SR025,C067,120,49.76,5971.2
TXN14664,2025-09-24,P005,R05,SR023,C093,63,68.73,4329.99
TXN14665,2025-12-20,P006,R03,SR027,C006,70,27.57,1929.9
TXN14666,2025-07-14,P006,R03,SR009,C025,31,28.73,890.63
TXN14667,2025-08-01,P002,R01,SR019,C111,156,53.29,8313.24
TXN14668,2025-03-09,P005,R01,SR007,C111,100,68.35,6835.0
TXN14669,2025-11-13,P006,R02,SR014,C049,85,29.65,2520.25
TXN14670,2024-06-13,P007,R05,SR005,C083,52,42.41,2205.32
TXN14671,2024-01-09,P006,R01,SR019,C119,31,28.55,885.05
TXN14672,2024-11-28,P001,R03,SR015,C019,81,39.93,3234.33
TXN14673,2025-03-04,P001,R03,SR015,C072,56,35.59,1993.04
TXN14674,2025-12-30,P008,R05,SR017,C112,44,32.69,1438.36
TXN14675,2025-01-24,P007,R02,SR014,C034,59,41.42,2443.78
TXN14676,2025-04-09,P006,R03,SR027,C011,82,29.45,2414.9
TXN14677,2025-12-04,P003,R01,SR025,C031,83,35.15,2917.45
TXN14678,2025-10-27,P006,R01,SR013,C060,71,27.1,1924.1
TXN14679,2024-02-09,P001,R01,SR007,C111,144,39.14,5636.16
TXN14680,2025-07-30,P008,R04,SR010,C091,62,31.77,1969.74
TXN14681,2025-01-23,P001,R04,SR016,C100,78,40.77,3180.06
TXN14682,2024-05-21,P002,R05,SR005,C056,61,53.7,3275.7
TXN14683,2024-01-18,P005,R02,SR020,C105,34,67.12,2282.08
TXN14684,2025-05-01,P001,R02,SR014,C007,167,39.08,6526.36
TXN14685,2024-05-17,P004,R01,SR025,C060,106,49.04,5198.24
TXN14686,2025-05-13,P008,R05,SR023,C112,50,32.11,1605.5
TXN14687,2024-07-25,P002,R03,SR027,C053,93,54.9,5105.7
TXN14688,2024-05-03,P004,R06,SR030,C062,47,49.29,2316.63
TXN14689,2025-07-20,P004,R01,SR013,C060,95,47.52,4514.4
TXN14690,2024-11-09,P001,R06,SR006,C085,150,38.81,5821.5
TXN14691,2024-08-18,P005,R03,SR027,C019,55,69.82,3840.1
TXN14692,2024-02-06,P002,R02,SR020,C105,51,54.61,2785.11
TXN14693,2024-07-19,P008,R02,SR008,C092,27,29.45,795.15
TXN14694,2025-06-22,P006,R04,SR004,C100,59,31.88,1880.92
TXN14695,2024-09-11,P008,R02,SR008,C097,24,31.87,764.88
TXN14696,2024-01-30,P001,R01,SR019,C119,40,42.14,1685.6
TXN14697,2024-04-08,P001,R02,SR014,C042,111,37.73,4188.03
TXN14698,2024-01-09,P008,R05,SR017,C115,83,31.74,2634.42
TXN14699,2024-05-29,P002,R02,SR020,C090,55,51.49,2831.95
TXN14700,2025-01-13,P002,R05,SR023,C117,86,54.64,4699.04
TXN14701,2024-05-10,P008,R01,SR013,C057,62,32.46,2012.52
TXN14702,2025-02-20,P005,R01,SR013,C067,111,66.2,7348.2
TXN14703,2024-01-27,P002,R02,SR026,C101,100,56.47,5647.0
TXN14704,2025-02-23,P006,R02,SR014,C075,123,27.57,3391.11
TXN14705,2025-12-24,P001,R01,SR007,C111,138,40.18,5544.84
TXN14706,2025-07-21,P003,R02,SR002,C071,87,34.01,2958.87
TXN14707,2025-04-09,P001,R05,SR023,C032,173,38.05,6582.65
TXN14708,2024-03-17,P003,R05,SR023,C081,165,32.99,5443.35
TXN14709,2024-05-01,P001,R01,SR025,C111,174,42.04,7314.96
TXN14710,2024-05-29,P008,R03,SR003,C072,38,33.32,1266.16
TXN14711,2025-04-08,P002,R04,SR016,C104,101,54.85,5539.85
TXN14712,2025-09-05,P001,R01,SR001,C031,100,38.86,3886.0
TXN14713,2024-05-20,P002,R06,SR024,C051,53,57.89,3068.17
TXN14714,2025-07-18,P003,R04,SR028,C010,135,33.18,4479.3
TXN14715,2024-11-27,P001,R01,SR025,C027,65,39.98,2598.7
TXN14716,2024-08-25,P008,R05,SR011,C083,42,32.0,1344.0
TXN14717,2025-12-10,P004,R03,SR015,C024,29,49.02,1421.58
TXN14718,2024-12-11,P007,R02,SR008,C101,69,42.04,2900.76
TXN14719,2025-09-10,P005,R04,SR022,C039,100,67.33,6733.0
TXN14720,2024-01-26,P002,R04,SR028,C023,121,55.14,6671.94
TXN14721,2024-01-23,P003,R03,SR009,C025,33,34.9,1151.7
TXN14722,2025-07-19,P004,R01,SR007,C064,73,50.31,3672.63
TXN14723,2024-01-02,P001,R01,SR019,C088,90,37.59,3383.1
TXN14724,2025-04-07,P008,R04,SR028,C100,56,32.4,1814.4
TXN14725,2025-06-15,P008,R06,SR012,C086,83,30.58,2538.14
TXN14726,2025-12-19,P002,R05,SR029,C056,49,56.57,2771.93
TXN14727,2024-02-05,P006,R03,SR009,C052,31,29.78,923.18
TXN14728,2024-05-11,P001,R06,SR024,C062,65,41.13,2673.45
TXN14729,2024-10-16,P004,R02,SR014,C078,83,50.99,4232.17
TXN14730,2024-07-20,P006,R02,SR002,C097,43,27.39,1177.77
TXN14731,2024-07-20,P005,R06,SR024,C015,97,71.58,6943.26
TXN14732,2024-12-06,P003,R04,SR016,C010,134,34.01,4557.34
TXN14733,2025-06-26,P001,R02,SR014,C036,59,40.38,2382.42
TXN14734,2025-09-30,P003,R02,SR014,C058,85,32.01,2720.85
TXN14735,2024-03-30,P003,R06,SR030,C077,92,36.48,3356.16
TXN14736,2024-03-05,P002,R01,SR007,C055,63,54.68,3444.84
TXN14737,2024-07-27,P002,R01,SR019,C027,47,59.14,2779.58
TXN14738,2025-11-09,P007,R04,SR016,C029,28,44.6,1248.8
TXN14739,2024-10-09,P006,R01,SR007,C027,37,29.16,1078.92
TXN14740,2024-06-19,P003,R02,SR020,C034,73,35.13,2564.49
TXN14741,2025-12-06,P003,R03,SR009,C053,54,34.87,1882.98
TXN14742,2024-06-08,P003,R03,SR021,C053,76,33.52,2547.52
TXN14743,2025-04-10,P005,R06,SR018,C076,47,64.37,3025.39
TXN14744,2024-07-17,P007,R01,SR001,C055,60,45.31,2718.6
TXN14745,2024-12-05,P004,R01,SR019,C057,53,45.69,2421.57
TXN14746,2025-09-15,P004,R03,SR021,C053,77,51.8,3988.6
TXN14747,2025-02-18,P001,R04,SR010,C010,164,39.25,6437.0
TXN14748,2024-11-16,P004,R02,SR020,C034,59,49.18,2901.62
TXN14749,2024-02-28,P001,R05,SR011,C096,134,39.88,5343.92
TXN14750,2024-01-22,P006,R02,SR026,C042,102,29.0,2958.0
TXN14751,2025-03-09,P002,R06,SR030,C079,135,54.56,7365.6
TXN14752,2025-03-09,P001,R05,SR005,C073,88,41.71,3670.48
TXN14753,2025-01-28,P003,R03,SR009,C109,31,35.09,1087.79
TXN14754,2025-11-13,P003,R03,SR015,C082,44,36.23,1594.12
TXN14755,2024-01-22,P002,R02,SR002,C069,57,56.59,3225.63
TXN14756,2024-10-06,P005,R06,SR012,C066,85,64.96,5521.6
TXN14757,2024-03-23,P001,R05,SR011,C115,224,41.82,9367.68
TXN14758,2025-07-20,P005,R05,SR023,C083,59,68.11,4018.49
TXN14759,2024-03-02,P002,R06,SR006,C015,218,52.92,11536.56
TXN14760,2024-09-19,P008,R05,SR017,C096,34,30.69,1043.46
TXN14761,2024-10-30,P006,R06,SR024,C089,23,28.4,653.2
TXN14762,2025-11-02,P008,R02,SR020,C092,38,32.62,1239.56
TXN14763,2025-07-14,P001,R03,SR021,C009,71,40.59,2881.89
TXN14764,2025-08-11,P003,R03,SR003,C024,46,34.36,1580.56
TXN14765,2024-02-19,P001,R03,SR009,C003,105,40.63,4266.15
TXN14766,2024-06-12,P002,R01,SR025,C017,40,55.52,2220.8
TXN14767,2025-02-05,P006,R04,SR010,C040,68,28.92,1966.56
TXN14768,2024-07-24,P003,R05,SR017,C028,86,31.88,2741.68
TXN14769,2024-11-01,P002,R06,SR006,C120,89,58.22,5181.58
TXN14770,2025-11-25,P002,R05,SR017,C038,38,57.68,2191.84
TXN14771,2024-10-23,P003,R01,SR025,C088,57,36.25,2066.25
TXN14772,2024-04-12,P007,R05,SR011,C084,163,44.84,7308.92
TXN14773,2024-08-09,P007,R01,SR013,C119,33,41.49,1369.17
TXN14774,2024-07-19,P004,R01,SR019,C067,146,49.45,7219.7
TXN14775,2024-08-26,P008,R05,SR017,C115,77,32.49,2501.73
TXN14776,2025-09-18,P004,R05,SR017,C068,43,52.22,2245.46
TXN14777,2025-10-23,P007,R03,SR021,C009,53,42.24,2238.72
TXN14778,2025-10-14,P008,R06,SR030,C051,25,30.3,757.5
TXN14779,2024-05-17,P001,R01,SR025,C088,76,40.44,3073.44
TXN14780,2024-09-25,P006,R01,SR001,C031,82,28.16,2309.12
TXN14781,2025-12-09,P007,R02,SR002,C036,68,42.39,2882.52
TXN14782,2025-03-04,P001,R06,SR012,C001,73,37.87,2764.51
TXN14783,2024-05-10,P002,R01,SR013,C013,161,55.4,8919.4
TXN14784,2025-11-28,P003,R05,SR029,C112,52,32.0,1664.0
TXN14785,2025-03-08,P002,R02,SR014,C097,40,53.98,2159.2
TXN14786,2024-03-28,P001,R01,SR025,C057,98,41.7,4086.6
TXN14787,2025-07-04,P007,R06,SR030,C062,30,42.98,1289.4
TXN14788,2025-11-06,P007,R03,SR021,C072,38,42.73,1623.74
TXN14789,2024-04-23,P001,R05,SR023,C083,84,41.89,3518.76
TXN14790,2024-03-10,P004,R06,SR012,C120,87,49.69,4323.03
TXN14791,2025-11-26,P007,R03,SR021,C072,49,42.26,2070.74
TXN14792,2024-09-15,P001,R01,SR007,C057,64,40.26,2576.64
TXN14793,2025-03-15,P002,R04,SR016,C104,86,53.27,4581.22
TXN14794,2025-01-15,P006,R03,SR027,C082,69,29.63,2044.47
TXN14795,2025-11-08,P002,R04,SR022,C100,74,56.91,4211.34
TXN14796,2025-12-01,P005,R01,SR025,C057,53,66.22,3509.66
TXN14797,2025-05-29,P004,R01,SR007,C013,111,49.5,5494.5
TXN14798,2024-04-25,P003,R02,SR002,C036,51,34.06,1737.06
TXN14799,2024-12-27,P003,R06,SR018,C089,20,34.72,694.4
TXN14800,2025-11-06,P005,R01,SR007,C013,96,67.61,6490.56
TXN14801,2025-10-07,P007,R02,SR008,C090,30,44.16,1324.8
TXN14802,2025-10-16,P002,R03,SR009,C025,27,56.49,1525.23
TXN14803,2024-02-20,P006,R03,SR003,C019,74,28.17,2084.58
TXN14804,2024-05-25,P003,R05,SR005,C020,110,34.65,3811.5
TXN14805,2024-12-09,P004,R06,SR012,C085,118,50.18,5921.24
TXN14806,2024-10-08,P002,R05,SR011,C084,183,56.92,10416.36
TXN14807,2024-01-08,P008,R04,SR004,C100,51,34.37,1752.87
TXN14808,2025-11-27,P004,R04,SR004,C005,66,49.56,3270.96
TXN14809,2025-09-27,P007,R05,SR023,C083,44,43.88,1930.72
TXN14810,2025-02-15,P003,R01,SR001,C027,45,34.14,1536.3
TXN14811,2024-04-25,P008,R02,SR008,C049,65,32.32,2100.8
TXN14812,2025-11-17,P007,R02,SR008,C033,112,43.91,4917.92
TXN14813,2024-09-14,P005,R03,SR027,C030,47,66.44,3122.68
TXN14814,2025-10-30,P002,R02,SR020,C071,65,57.1,3711.5
TXN14815,2025-01-17,P004,R02,SR002,C034,103,52.39,5396.17
TXN14816,2025-02-14,P008,R03,SR003,C053,66,31.95,2108.7
TXN14817,2024-09-05,P003,R05,SR011,C114,54,33.36,1801.44
TXN14818,2025-08-07,P005,R04,SR016,C029,21,66.86,1404.06
TXN14819,2024-07-09,P005,R03,SR015,C109,31,65.71,2037.01
TXN14820,2024-03-13,P001,R06,SR012,C085,151,42.21,6373.71
TXN14821,2024-02-09,P002,R04,SR022,C023,156,52.28,8155.68
TXN14822,2024-07-13,P003,R03,SR021,C009,58,33.99,1971.42
TXN14823,2025-06-06,P001,R01,SR019,C027,63,40.16,2530.08
TXN14824,2025-01-23,P001,R01,SR007,C119,53,38.9,2061.7
TXN14825,2025-09-26,P007,R02,SR014,C058,66,42.12,2779.92
TXN14826,2024-10-16,P002,R01,SR007,C017,42,55.23,2319.66
TXN14827,2025-07-13,P001,R05,SR017,C112,77,40.61,3126.97
TXN14828,2025-06-29,P004,R04,SR004,C040,89,48.63,4328.07
TXN14829,2025-10-26,P007,R06,SR012,C087,86,44.31,3810.66
TXN14830,2025-05-28,P004,R02,SR014,C034,76,50.46,3834.96
TXN14831,2025-04-25,P004,R06,SR030,C061,99,47.74,4726.26
TXN14832,2024-07-28,P007,R01,SR019,C057,79,42.64,3368.56
TXN14833,2025-10-12,P007,R04,SR010,C080,105,44.97,4721.85
TXN14834,2024-09-25,P002,R05,SR017,C068,43,56.49,2429.07
TXN14835,2024-07-24,P005,R04,SR010,C048,52,72.57,3773.64
TXN14836,2024-09-01,P008,R03,SR027,C003,45,29.14,1311.3
TXN14837,2024-11-15,P002,R02,SR008,C097,35,56.55,1979.25
TXN14838,2024-02-04,P007,R05,SR023,C068,51,41.74,2128.74
TXN14839,2024-07-30,P003,R04,SR010,C040,75,33.64,2523.0
TXN14840,2024-11-19,P007,R04,SR010,C039,92,41.88,3852.96
TXN14841,2024-03-13,P004,R02,SR020,C097,31,48.31,1497.61
TXN14842,2024-11-03,P002,R04,SR028,C048,70,55.77,3903.9
TXN14843,2025-02-08,P003,R04,SR022,C065,41,34.52,1415.32
TXN14844,2024-06-19,P005,R02,SR020,C092,42,66.16,2778.72
TXN14845,2024-07-05,P004,R05,SR017,C020,91,50.97,4638.27
TXN14846,2024-12-30,P005,R05,SR017,C083,42,70.64,2966.88
TXN14847,2025-08-26,P008,R02,SR014,C097,23,31.49,724.27
TXN14848,2024-11-19,P008,R04,SR022,C005,54,30.61,1652.94
TXN14849,2025-01-12,P001,R05,SR005,C063,103,39.77,4096.31
TXN14850,2025-11-08,P004,R04,SR028,C100,54,48.99,2645.46
TXN14851,2024-07-23,P008,R03,SR015,C072,26,31.78,826.28
TXN14852,2024-04-22,P008,R01,SR019,C043,46,31.9,1467.4
TXN14853,2024-09-03,P007,R04,SR022,C023,114,43.36,4943.04
TXN14854,2024-10-12,P001,R01,SR025,C022,118,39.67,4681.06
TXN14855,2025-12-09,P001,R02,SR014,C075,184,39.63,7291.92
TXN14856,2024-05-08,P006,R05,SR023,C063,73,28.51,2081.23
TXN14857,2024-07-11,P006,R01,SR013,C060,89,29.44,2620.16
TXN14858,2024-12-13,P001,R03,SR009,C030,73,39.79,2904.67
TXN14859,2025-12-06,P002,R01,SR007,C012,65,59.9,3893.5
TXN14860,2024-09-13,P001,R01,SR013,C064,126,39.77,5011.02
TXN14861,2024-06-26,P004,R01,SR013,C057,61,47.4,2891.4
TXN14862,2025-11-13,P008,R01,SR007,C119,14,29.99,419.86
TXN14863,2024-11-14,P004,R06,SR024,C098,80,50.55,4044.0
TXN14864,2025-12-25,P001,R02,SR014,C105,50,41.2,2060.0
TXN14865,2025-11-24,P005,R02,SR002,C092,46,66.65,3065.9
TXN14866,2025-02-19,P003,R01,SR001,C012,57,34.33,1956.81
TXN14867,2025-11-30,P002,R05,SR029,C114,38,56.13,2132.94
TXN14868,2025-08-25,P001,R02,SR020,C034,112,39.05,4373.6
TXN14869,2025-01-20,P006,R01,SR001,C012,53,28.7,1521.1
TXN14870,2024-05-02,P005,R05,SR029,C083,30,70.54,2116.2
TXN14871,2024-04-03,P002,R02,SR026,C049,115,56.63,6512.45
TXN14872,2025-01-12,P001,R04,SR010,C005,72,37.74,2717.28
TXN14873,2024-08-22,P008,R02,SR020,C090,29,31.51,913.79
TXN14874,2024-12-10,P007,R04,SR004,C010,116,41.69,4836.04
TXN14875,2025-11-06,P002,R06,SR024,C015,134,52.91,7089.94
TXN14876,2025-03-09,P004,R02,SR008,C078,132,49.21,6495.72
TXN14877,2024-04-29,P002,R05,SR029,C056,43,50.41,2167.63
TXN14878,2024-04-21,P001,R01,SR001,C031,128,41.74,5342.72
TXN14879,2025-08-04,P007,R05,SR023,C084,138,43.9,6058.2
TXN14880,2024-11-02,P005,R01,SR019,C012,52,69.68,3623.36
TXN14881,2025-01-08,P005,R05,SR017,C083,45,65.51,2947.95
TXN14882,2024-11-23,P005,R01,SR025,C012,46,71.53,3290.38
TXN14883,2025-10-18,P001,R06,SR012,C077,125,40.49,5061.25
TXN14884,2025-04-12,P003,R02,SR020,C034,94,34.7,3261.8
TXN14885,2024-05-20,P002,R04,SR028,C029,36,56.83,2045.88
TXN14886,2025-11-26,P001,R02,SR026,C071,84,41.23,3463.32
TXN14887,2025-04-12,P005,R02,SR026,C105,56,68.5,3836.0
TXN14888,2025-02-06,P003,R03,SR027,C041,88,33.03,2906.64
TXN14889,2025-07-20,P007,R04,SR028,C104,56,42.16,2360.96
TXN14890,2024-05-03,P006,R02,SR020,C071,70,29.95,2096.5
TXN14891,2024-12-22,P004,R05,SR023,C068,40,49.11,1964.4
TXN14892,2025-01-19,P001,R03,SR009,C018,59,36.9,2177.1
TXN14893,2024-11-19,P002,R03,SR015,C018,52,56.13,2918.76
TXN14894,2024-04-25,P003,R03,SR021,C025,42,33.46,1405.32
TXN14895,2025-10-02,P008,R02,SR014,C101,58,33.49,1942.42
TXN14896,2024-09-05,P002,R06,SR024,C106,38,55.59,2112.42
TXN14897,2024-04-15,P002,R02,SR014,C097,30,56.51,1695.3
TXN14898,2024-08-27,P004,R01,SR013,C017,40,51.01,2040.4
TXN14899,2024-11-19,P006,R01,SR025,C057,59,28.68,1692.12
TXN14900,2024-06-26,P002,R04,SR022,C004,50,54.95,2747.5
TXN14901,2025-11-04,P007,R04,SR022,C039,100,44.47,4447.0
TXN14902,2025-06-01,P003,R01,SR007,C031,83,32.16,2669.28
TXN14903,2024-05-15,P001,R01,SR001,C022,127,40.17,5101.59
TXN14904,2024-02-26,P002,R05,SR011,C107,119,54.32,6464.08
TXN14905,2024-08-18,P004,R05,SR017,C063,55,47.84,2631.2
TXN14906,2025-10-16,P007,R06,SR018,C079,69,43.3,2987.7
TXN14907,2024-03-28,P007,R05,SR005,C096,70,43.2,3024.0
TXN14908,2025-06-13,P003,R03,SR003,C037,119,33.42,3976.98
TXN14909,2025-04-02,P003,R01,SR001,C013,133,32.71,4350.43
TXN14910,2025-07-01,P003,R04,SR016,C095,68,32.99,2243.32
TXN14911,2024-05-19,P007,R06,SR006,C077,97,42.88,4159.36
TXN14912,2024-12-19,P006,R05,SR005,C115,123,29.65,3646.95
TXN14913,2025-07-26,P005,R03,SR015,C030,38,71.74,2726.12
TXN14914,2025-04-22,P001,R01,SR019,C043,58,38.03,2205.74
TXN14915,2025-11-11,P006,R01,SR007,C119,31,27.45,850.95
TXN14916,2024-10-14,P002,R05,SR011,C068,54,54.07,2919.78
TXN14917,2025-09-04,P001,R01,SR007,C088,62,40.14,2488.68
TXN14918,2025-02-18,P003,R01,SR019,C111,140,33.17,4643.8
TXN14919,2024-11-17,P003,R04,SR022,C039,109,34.95,3809.55
TXN14920,2024-06-04,P002,R02,SR014,C078,131,55.83,7313.73
TXN14921,2024-06-19,P006,R04,SR010,C091,87,28.0,2436.0
TXN14922,2025-12-27,P001,R06,SR030,C001,60,40.93,2455.8
TXN14923,2025-11-08,P002,R05,SR011,C073,95,55.34,5257.3
TXN14924,2025-09-30,P006,R02,SR026,C049,90,29.49,2654.1
TXN14925,2024-12-21,P006,R04,SR016,C005,78,28.06,2188.68
TXN14926,2024-07-25,P004,R01,SR025,C022,94,50.42,4739.48
TXN14927,2024-10-28,P006,R02,SR014,C034,61,30.19,1841.59
TXN14928,2024-06-10,P002,R02,SR026,C026,82,54.97,4507.54
TXN14929,2025-06-03,P005,R05,SR023,C020,93,68.74,6392.82
TXN14930,2025-05-20,P003,R05,SR011,C063,103,37.38,3850.14
TXN14931,2024-01-08,P002,R01,SR019,C012,87,53.24,4631.88
TXN14932,2024-10-19,P002,R05,SR011,C056,64,55.28,3537.92
TXN14933,2025-03-07,P005,R06,SR018,C021,61,66.95,4083.95
TXN14934,2024-09-10,P007,R05,SR017,C107,79,42.75,3377.25
TXN14935,2025-09-05,P002,R01,SR001,C067,133,52.27,6951.91
TXN14936,2024-12-15,P001,R04,SR010,C080,146,38.43,5610.78
TXN14937,2025-02-08,P001,R05,SR029,C073,66,39.19,2586.54
TXN14938,2025-02-12,P007,R05,SR023,C056,61,41.78,2548.58
TXN14939,2024-02-24,P008,R01,SR013,C094,46,34.32,1578.72
TXN14940,2025-11-03,P001,R06,SR030,C047,47,39.81,1871.07
TXN14941,2024-12-24,P007,R05,SR011,C107,110,41.01,4511.1
TXN14942,2024-09-10,P006,R01,SR019,C067,117,28.01,3277.17
TXN14943,2025-11-10,P006,R05,SR023,C063,70,26.17,1831.9
TXN14944,2024-09-10,P002,R04,SR022,C102,89,57.6,5126.4
TXN14945,2024-01-17,P001,R06,SR012,C116,69,39.37,2716.53
TXN14946,2025-05-20,P005,R03,SR009,C025,28,66.86,1872.08
TXN14947,2025-08-23,P006,R02,SR026,C105,52,30.32,1576.64
TXN14948,2024-09-15,P001,R02,SR026,C036,55,38.21,2101.55
TXN14949,2024-09-06,P002,R02,SR002,C105,44,57.09,2511.96
TXN14950,2024-12-22,P003,R01,SR019,C043,44,32.71,1439.24
TXN14951,2025-06-14,P007,R02,SR002,C078,173,44.19,7644.87
TXN14952,2025-02-21,P005,R04,SR028,C070,121,66.33,8025.93
TXN14953,2024-03-10,P006,R01,SR025,C088,53,26.84,1422.52
TXN14954,2025-04-07,P003,R03,SR003,C082,80,34.69,2775.2
TXN14955,2025-01-22,P004,R06,SR030,C086,81,49.59,4016.79
TXN14956,2025-09-12,P003,R03,SR021,C052,54,31.69,1711.26
TXN14957,2024-08-18,P001,R06,SR030,C086,111,40.55,4501.05
TXN14958,2025-03-10,P002,R01,SR025,C027,61,54.47,3322.67
TXN14959,2024-11-06,P003,R04,SR004,C095,49,35.66,1747.34
TXN14960,2024-01-09,P007,R01,SR007,C119,18,41.41,745.38
TXN14961,2025-06-07,P001,R02,SR020,C049,195,39.07,7618.65
TXN14962,2024-11-20,P001,R01,SR019,C022,124,42.11,5221.64
TXN14963,2025-10-01,P005,R01,SR007,C094,47,71.47,3359.09
TXN14964,2024-03-06,P006,R02,SR014,C049,88,28.83,2537.04
TXN14965,2025-04-12,P006,R02,SR014,C092,48,28.54,1369.92
TXN14966,2025-08-02,P001,R06,SR024,C021,77,40.72,3135.44
TXN14967,2024-07-08,P006,R01,SR007,C119,20,28.77,575.4
TXN14968,2025-05-13,P003,R01,SR001,C012,72,33.42,2406.24
TXN14969,2024-03-29,P001,R02,SR014,C105,57,41.24,2350.68
TXN14970,2024-05-03,P005,R04,SR010,C091,80,68.95,5516.0
TXN14971,2024-08-07,P002,R03,SR027,C006,63,56.97,3589.11
TXN14972,2025-09-19,P003,R04,SR028,C010,132,35.04,4625.28
TXN14973,2024-11-29,P003,R05,SR017,C081,113,34.44,3891.72
TXN14974,2024-09-13,P006,R03,SR015,C003,35,28.04,981.4
TXN14975,2025-05-24,P002,R01,SR007,C027,47,53.81,2529.07
TXN14976,2025-06-27,P005,R03,SR015,C009,26,66.71,1734.46
TXN14977,2025-04-03,P007,R01,SR007,C119,19,44.04,836.76
TXN14978,2025-04-19,P003,R01,SR001,C027,54,35.71,1928.34
TXN14979,2025-03-29,P008,R06,SR012,C035,76,31.14,2366.64
TXN14980,2025-12-05,P002,R04,SR010,C023,138,53.43,7373.34
TXN14981,2024-07-21,P005,R03,SR015,C030,36,69.22,2491.92
TXN14982,2025-12-27,P002,R01,SR013,C119,36,52.89,1904.04
TXN14983,2024-02-07,P004,R01,SR001,C057,91,48.57,4419.87
TXN14984,2025-08-11,P007,R04,SR022,C048,59,45.07,2659.13
TXN14985,2024-04-15,P002,R03,SR009,C011,75,52.98,3973.5
TXN14986,2024-10-22,P004,R03,SR027,C019,58,48.33,2803.14
TXN14987,2024-09-20,P001,R06,SR024,C062,57,38.54,2196.78
TXN14988,2024-06-14,P005,R03,SR009,C024,41,66.16,2712.56
TXN14989,2025-01-05,P006,R04,SR022,C040,93,28.97,2694.21
TXN14990,2024-02-17,P005,R01,SR007,C057,47,67.09,3153.23
TXN14991,2025-08-13,P007,R03,SR027,C024,56,44.16,2472.96
TXN14992,2024-08-07,P001,R03,SR003,C018,88,39.59,3483.92
TXN14993,2025-01-16,P002,R03,SR009,C019,74,53.01,3922.74
TXN14994,2025-07-19,P003,R03,SR021,C072,54,35.86,1936.44
TXN14995,2024-06-17,P007,R04,SR022,C005,76,43.87,3334.12
TXN14996,2025-02-04,P002,R05,SR023,C038,60,56.33,3379.8
TXN14997,2025-04-14,P001,R01,SR001,C064,139,39.33,5466.87
TXN14998,2024-05-15,P001,R06,SR030,C051,56,39.8,2228.8
TXN14999,2025-09-25,P004,R01,SR013,C055,53,47.86,2536.58
TXN15000,2025-08-06,P008,R02,SR014,C042,78,32.59,2542.02
TXN11500,2024-04-03,P003,R04,SR010,C095,77,34.02,2619.54
TXN06476,2024-07-28,P003,R01,SR007,C119,35,34.94,1222.9
TXN13168,2024-09-24,P007,R01,SR001,C012,58,42.59,2470.22
TXN00863,2024-03-22,P001,R04,SR010,C010,180,41.41,7453.8
TXN05971,2024-06-06,P001,R04,SR010,C100,82,39.2,3214.4
TXN06707,2024-09-16,P001,R06,SR006,C044,88,41.05,3612.4
TXN03018,2024-08-10,P007,R03,SR021,C011,58,42.88,2487.04
TXN03782,2024-06-16,P003,R02,SR020,C049,111,33.69,3739.59
TXN03899,2024-07-04,P002,R05,SR017,C115,130,53.36,6936.8
TXN02251,2025-01-15,P001,R01,SR001,C022,116,41.11,4768.76
TXN00543,2024-06-21,P007,R04,SR004,C104,60,43.85,2631.0
TXN04352,2025-03-28,P002,R02,SR014,C033,171,54.3,9285.3
TXN12808,2025-04-18,P003,R01,SR019,C094,66,35.2,2323.2
TXN06632,2025-07-10,P004,R05,SR023,C083,36,52.24,1880.64
TXN06706,2024-10-30,P008,R01,SR025,C057,46,31.63,1454.98
TXN06979,2025-12-24,P006,R06,SR024,C001,44,28.17,1239.48
TXN07400,2025-03-10,P006,R01,SR001,,110,29.86,3284.6
TXN11120,2025-02-16,P005,R01,SR025,C043,46,65.2,2999.2
TXN12666,2025-02-22,P008,R02,SR002,C090,59,32.98,1945.82
TXN05305,2024-10-13,P006,R02,SR008,C108,38,29.03,1103.14
